ticker,stage,reason_code,severity_bucket,is_large_cap,sector_wide,market_cap_eur,gics_sector,detail
AMS.VI,resolution,RESOLUTION_DEGRADED_DICT,REVIEW,False,False,,,
BK,resolution,RESOLUTION_DEGRADED_DICT,REVIEW,False,False,,,
MASI,resolution,RESOLUTION_DEGRADED_DICT,REVIEW,False,False,,,
PSTG,resolution,RESOLUTION_DEGRADED_DICT,REVIEW,False,False,,,
RIGN.SW,resolution,RESOLUTION_DEGRADED_DICT,REVIEW,False,False,,,
ROL.L,resolution,RESOLUTION_DEGRADED_DICT,REVIEW,False,False,,,
SANO.HE,resolution,RESOLUTION_DEGRADED_DICT,REVIEW,False,False,,,
SATS,resolution,RESOLUTION_DEGRADED_DICT,REVIEW,False,False,,,
SCHA.OL,resolution,RESOLUTION_DEGRADED_DICT,REVIEW,False,False,,,
AGS.BR,resolution,RESOLUTION_NO_SYMBOL_DATA,REVIEW,False,False,,Financial Services,NO_RAW_MC
ALO.PA,resolution,RESOLUTION_NO_SYMBOL_DATA,REVIEW,False,False,,Industrials,NO_RAW_MC
ALV.DE,resolution,RESOLUTION_NO_SYMBOL_DATA,REVIEW,False,False,,Financial Services,NO_RAW_MC
ASSA-B.ST,resolution,RESOLUTION_NO_SYMBOL_DATA,REVIEW,False,False,,Industrials,NO_RAW_MC
AZO,resolution,RESOLUTION_NO_SYMBOL_DATA,REVIEW,False,False,,Consumer Cyclical,NO_RAW_MC
CMC,resolution,RESOLUTION_NO_SYMBOL_DATA,REVIEW,False,False,,Industrials,NO_RAW_MC
CON.DE,resolution,RESOLUTION_NO_SYMBOL_DATA,REVIEW,False,False,,Consumer Cyclical,NO_RAW_MC
CRDA.L,resolution,RESOLUTION_NO_SYMBOL_DATA,REVIEW,False,False,,Basic Materials,NO_RAW_MC
DCI,resolution,RESOLUTION_NO_SYMBOL_DATA,REVIEW,False,False,,Industrials,NO_RAW_MC
ENX.PA,resolution,RESOLUTION_NO_SYMBOL_DATA,REVIEW,False,False,,Financial Services,NO_RAW_MC
G1A.DE,resolution,RESOLUTION_NO_SYMBOL_DATA,REVIEW,False,False,,Industrials,NO_RAW_MC
GLB.IR,resolution,RESOLUTION_NO_SYMBOL_DATA,REVIEW,False,False,,,NO_RAW_MC
HLMA.L,resolution,RESOLUTION_NO_SYMBOL_DATA,REVIEW,False,False,,Industrials,NO_RAW_MC
ITRK.L,resolution,RESOLUTION_NO_SYMBOL_DATA,REVIEW,False,False,,Industrials,NO_RAW_MC
ITT,resolution,RESOLUTION_NO_SYMBOL_DATA,REVIEW,False,False,,Industrials,NO_RAW_MC
ITX.MC,resolution,RESOLUTION_NO_SYMBOL_DATA,REVIEW,False,False,,Consumer Cyclical,NO_RAW_MC
KBC.BR,resolution,RESOLUTION_NO_SYMBOL_DATA,REVIEW,False,False,,Financial Services,NO_RAW_MC
LXS.DE,resolution,RESOLUTION_NO_SYMBOL_DATA,REVIEW,False,False,,Basic Materials,NO_RAW_MC
ML.PA,resolution,RESOLUTION_NO_SYMBOL_DATA,REVIEW,False,False,,,NO_RAW_MC
MSM,resolution,RESOLUTION_NO_SYMBOL_DATA,REVIEW,False,False,,Industrials,NO_RAW_MC
OCI.AS,resolution,RESOLUTION_NO_SYMBOL_DATA,REVIEW,False,False,,Basic Materials,NO_RAW_MC
PUM.DE,resolution,RESOLUTION_NO_SYMBOL_DATA,REVIEW,False,False,,Consumer Cyclical,NO_RAW_MC
PVH,resolution,RESOLUTION_NO_SYMBOL_DATA,REVIEW,False,False,,Consumer Cyclical,NO_RAW_MC
RBI.VI,resolution,RESOLUTION_NO_SYMBOL_DATA,REVIEW,False,False,,Financial Services,NO_RAW_MC
RCO.PA,resolution,RESOLUTION_NO_SYMBOL_DATA,REVIEW,False,False,,Consumer Defensive,NO_RAW_MC
RNL.PA,resolution,RESOLUTION_NO_SYMBOL_DATA,REVIEW,False,False,,,NO_RAW_MC
SNX,resolution,RESOLUTION_NO_SYMBOL_DATA,REVIEW,False,False,,Technology,NO_RAW_MC
TTC,resolution,RESOLUTION_NO_SYMBOL_DATA,REVIEW,False,False,,Industrials,NO_RAW_MC
UBI.PA,resolution,RESOLUTION_NO_SYMBOL_DATA,REVIEW,False,False,,Communication Services,NO_RAW_MC
UCG.MI,resolution,RESOLUTION_NO_SYMBOL_DATA,REVIEW,False,False,,Financial Services,NO_RAW_MC
VER.VI,resolution,RESOLUTION_NO_SYMBOL_DATA,REVIEW,False,False,,Utilities,NO_RAW_MC
VIG.VI,resolution,RESOLUTION_NO_SYMBOL_DATA,REVIEW,False,False,,Financial Services,NO_RAW_MC
1COV.DE,basis_gates,GATE_VOLUME,REVIEW,True,False,11320645632.0,,
AA,basis_gates,GATE_GROSS_MARGIN,BENIGN,True,False,11351258387.1488,Basic Materials,
ABF.L,basis_gates,GATE_GROSS_MARGIN,BENIGN,True,False,16728021164.646399,Consumer Defensive,
ABN.AS,basis_gates,FRAMEWORK_METRIK_NA,BENIGN,True,False,33990969344.0,Financial Services,
AC.PA,basis_gates,GATE_GROSS_MARGIN,BENIGN,True,False,10725791744.0,Consumer Cyclical,
ACA.PA,basis_gates,FRAMEWORK_METRIK_NA,BENIGN,True,False,55944548352.0,Financial Services,
ACGL,basis_gates,FRAMEWORK_METRIK_NA,BENIGN,True,False,28816143587.328,Financial Services,
ACM,basis_gates,GATE_GROSS_MARGIN,BENIGN,True,False,7472625469.3376,Industrials,
ADC,basis_gates,FRAMEWORK_METRIK_NA,BENIGN,True,False,7759820312.8832,Real Estate,
ADEN.SW,basis_gates,GATE_GROSS_MARGIN,BENIGN,True,False,4435346098.688001,Industrials,
ADM,basis_gates,GATE_GROSS_MARGIN,BENIGN,True,False,33736601142.0672,Consumer Defensive,
ADM.L,basis_gates,FRAMEWORK_METRIK_NA,BENIGN,True,False,14026840138.751999,Financial Services,
AFG,basis_gates,FRAMEWORK_METRIK_NA,BENIGN,True,False,10178593724.7232,Financial Services,
AFL,basis_gates,FRAMEWORK_METRIK_NA,BENIGN,True,False,50013222350.4384,Financial Services,
AGCO,basis_gates,GATE_REVENUE_GROWTH,BENIGN,True,False,7134604287.8464,Industrials,
AHR,basis_gates,FRAMEWORK_METRIK_NA,BENIGN,True,False,10363951603.199999,Real Estate,
AIG,basis_gates,FRAMEWORK_METRIK_NA,BENIGN,True,False,34382107052.8512,Financial Services,
AIZ,basis_gates,FRAMEWORK_METRIK_NA,BENIGN,True,False,11971353553.8176,Financial Services,
AKZA.AS,basis_gates,GATE_REVENUE_GROWTH,REVIEW,True,False,10575380480.0,Basic Materials,
ALL,basis_gates,FRAMEWORK_METRIK_NA,BENIGN,True,False,56132331986.944,Financial Services,
ALLY,basis_gates,FRAMEWORK_METRIK_NA,BENIGN,True,False,11056754581.913599,Financial Services,
AMH,basis_gates,FRAMEWORK_METRIK_NA,BENIGN,True,False,11755222027.9808,Real Estate,
AMKR,basis_gates,GATE_GROSS_MARGIN,BENIGN,True,False,10119476578.2016,Technology,
AML.L,basis_gates,GATE_VOLUME,BENIGN,False,False,396505947.488,Consumer Cyclical,
AMP,basis_gates,FRAMEWORK_METRIK_NA,BENIGN,True,False,42071610904.1664,Financial Services,
AMT,basis_gates,FRAMEWORK_METRIK_NA,BENIGN,True,False,70497555224.1664,Real Estate,
AN,basis_gates,GATE_GROSS_MARGIN,BENIGN,True,False,5729317745.2544,Consumer Cyclical,
ANE.MC,basis_gates,GATE_REVENUE_GROWTH,BENIGN,True,False,6971321856.0,Utilities,
ARE,basis_gates,FRAMEWORK_METRIK_NA,BENIGN,True,False,7600729373.696,Real Estate,
ARMK,basis_gates,GATE_GROSS_MARGIN,BENIGN,True,False,12782793792.8192,Industrials,
ARW,basis_gates,GATE_GROSS_MARGIN,BENIGN,True,False,8961119457.3824,Technology,
ASB,basis_gates,FRAMEWORK_METRIK_NA,BENIGN,True,False,4977750767.4623995,Financial Services,
AT1.DE,basis_gates,GATE_MARKET_CAP,BENIGN,False,False,1980970752.0,Real Estate,
ATO.PA,basis_gates,GATE_MARKET_CAP,BENIGN,False,False,552609792.0,Technology,
AV.L,basis_gates,FRAMEWORK_METRIK_NA,BENIGN,True,False,25477511711.9488,Financial Services,
AVB,basis_gates,FRAMEWORK_METRIK_NA,BENIGN,True,False,22632629732.9664,Real Estate,
AVT,basis_gates,GATE_GROSS_MARGIN,BENIGN,True,False,6329477055.3856,Technology,
AXP,basis_gates,FRAMEWORK_METRIK_NA,BENIGN,True,False,191996930488.72958,Financial Services,
BA,basis_gates,GATE_GROSS_MARGIN,BENIGN,True,False,141412503391.4368,Industrials,
BAC,basis_gates,FRAMEWORK_METRIK_NA,BENIGN,True,False,372968959324.9792,Financial Services,
BAER.SW,basis_gates,FRAMEWORK_METRIK_NA,BENIGN,True,False,16461944047.616001,Financial Services,
BAH,basis_gates,GATE_GROSS_MARGIN,BENIGN,True,False,7835630179.123199,Industrials,
BARC.L,basis_gates,FRAMEWORK_METRIK_NA,BENIGN,True,False,77819575873.536,Financial Services,
BARN.SW,basis_gates,GATE_GROSS_MARGIN,BENIGN,True,False,6502011636.5312,Consumer Defensive,
BAS.DE,basis_gates,GATE_GROSS_MARGIN,BENIGN,True,False,45611642880.0,Basic Materials,
BBVA.MC,basis_gates,FRAMEWORK_METRIK_NA,BENIGN,True,False,138123182080.0,Financial Services,
BBWI,basis_gates,GATE_REVENUE_GROWTH,BENIGN,True,False,3342507924.5312,Consumer Cyclical,
BBY.L,basis_gates,GATE_GROSS_MARGIN,BENIGN,True,False,4856172636.3136,Industrials,
BC,basis_gates,GATE_GROSS_MARGIN,BENIGN,True,False,4234997485.7216,Consumer Cyclical,
BCO,basis_gates,GATE_GROSS_MARGIN,BENIGN,True,False,3862765090.56,Industrials,
BEZ.L,basis_gates,FRAMEWORK_METRIK_NA,BENIGN,True,False,9008369780.8384,Financial Services,
BG,basis_gates,GATE_GROSS_MARGIN,BENIGN,True,False,19225059351.9616,Consumer Defensive,
BHF,basis_gates,FRAMEWORK_METRIK_NA,BENIGN,False,False,2625720458.8544,Financial Services,
BIO,basis_gates,GATE_REVENUE_GROWTH,BENIGN,True,False,8890120508.6208,Healthcare,
BKT.MC,basis_gates,FRAMEWORK_METRIK_NA,BENIGN,True,False,14976774144.0,Financial Services,
BLDR,basis_gates,GATE_REVENUE_GROWTH,BENIGN,True,False,6152047138.611199,Industrials,
BLKB,basis_gates,GATE_MARKET_CAP,BENIGN,False,False,1878445038.1311998,Technology,
BMW.DE,basis_gates,GATE_REVENUE_GROWTH,REVIEW,True,False,37099708416.0,Consumer Cyclical,
BNP.PA,basis_gates,FRAMEWORK_METRIK_NA,BENIGN,True,False,112646881280.0,Financial Services,
BNZL.L,basis_gates,GATE_GROSS_MARGIN,BENIGN,True,False,10455273411.7888,Consumer Defensive,
BOL.PA,basis_gates,GATE_GROSS_MARGIN,BENIGN,True,False,10789569536.0,Communication Services,
BOL.ST,basis_gates,GATE_GROSS_MARGIN,BENIGN,True,False,14323453905.46944,Basic Materials,
BPOST.BR,basis_gates,GATE_VOLUME,BENIGN,False,False,258401232.0,Industrials,
BRBR,basis_gates,GATE_MARKET_CAP,BENIGN,False,False,1078369445.376,Consumer Defensive,
BRK-B,basis_gates,FRAMEWORK_METRIK_NA,BENIGN,True,False,929111358426.3168,Financial Services,
BRX,basis_gates,FRAMEWORK_METRIK_NA,BENIGN,True,False,7634117458.432,Real Estate,
BT-A.L,basis_gates,GATE_REVENUE_GROWTH,REVIEW,True,False,23591624875.2128,Communication Services,
BVI.PA,basis_gates,GATE_GROSS_MARGIN,BENIGN,True,False,12114797568.0,Industrials,
BX,basis_gates,FRAMEWORK_METRIK_NA,BENIGN,True,False,147432767014.5024,Financial Services,
BXP,basis_gates,FRAMEWORK_METRIK_NA,BENIGN,True,False,10589683801.6,Real Estate,
BYG.L,basis_gates,FRAMEWORK_METRIK_NA,BENIGN,False,False,2006352721.7663999,Real Estate,
C,basis_gates,FRAMEWORK_METRIK_NA,BENIGN,True,False,190117300797.44,Financial Services,
CABK.MC,basis_gates,RESOLUTION_STATEMENT_UNAVAILABLE,REVIEW,True,False,91430502400.0,Financial Services,
CAH,basis_gates,GATE_GROSS_MARGIN,BENIGN,True,False,46987571450.2656,Healthcare,
CAR,basis_gates,GATE_REVENUE_GROWTH,BENIGN,True,False,4486499307.1616,Industrials,
CB,basis_gates,FRAMEWORK_METRIK_NA,BENIGN,True,False,112487073676.4928,Financial Services,
CBK.DE,basis_gates,FRAMEWORK_METRIK_NA,BENIGN,True,False,43439243264.0,Financial Services,
CBRE,basis_gates,GATE_GROSS_MARGIN,BENIGN,True,False,36358201988.3008,Real Estate,
CBSH,basis_gates,FRAMEWORK_METRIK_NA,BENIGN,True,False,7127730036.992,Financial Services,
CCI,basis_gates,FRAMEWORK_METRIK_NA,BENIGN,True,False,28651535435.776,Real Estate,
CDP,basis_gates,FRAMEWORK_METRIK_NA,BENIGN,True,False,3591131880.8831997,Real Estate,
CEG,basis_gates,GATE_GROSS_MARGIN,BENIGN,True,False,83830702633.7792,Utilities,
CFG,basis_gates,FRAMEWORK_METRIK_NA,BENIGN,True,False,24977451160.3712,Financial Services,
CFR,basis_gates,FRAMEWORK_METRIK_NA,BENIGN,True,False,8609169452.9536,Financial Services,
CG,basis_gates,FRAMEWORK_METRIK_NA,BENIGN,True,False,14847898637.5168,Financial Services,
CHRW,basis_gates,GATE_GROSS_MARGIN,BENIGN,True,False,15058882411.1104,Industrials,
CHWY,basis_gates,GATE_GROSS_MARGIN,BENIGN,True,False,8390813230.4896,Consumer Cyclical,
CI,basis_gates,GATE_GROSS_MARGIN,BENIGN,True,False,62818540865.945595,Healthcare,
CINF,basis_gates,FRAMEWORK_METRIK_NA,BENIGN,True,False,22453975042.6624,Financial Services,
CLF,basis_gates,GATE_GROSS_MARGIN,BENIGN,True,False,5674422937.1392,Basic Materials,
CLN.SW,basis_gates,GATE_REVENUE_GROWTH,BENIGN,True,False,3798742460.3136005,Basic Materials,
CLX,basis_gates,GATE_REVENUE_GROWTH,REVIEW,True,False,10171778552.2176,Consumer Defensive,
CNC,basis_gates,GATE_GROSS_MARGIN,BENIGN,True,False,27368889813.8112,Healthcare,
CNO,basis_gates,FRAMEWORK_METRIK_NA,BENIGN,True,False,4365127689.2671995,Financial Services,
CNX,basis_gates,GATE_REVENUE_GROWTH,BENIGN,True,False,4634603437.0048,Energy,
CNXC,basis_gates,GATE_MARKET_CAP,BENIGN,False,False,1581541395.4176,Technology,
COF,basis_gates,FRAMEWORK_METRIK_NA,BENIGN,True,False,113319581078.3232,Financial Services,
COLB,basis_gates,FRAMEWORK_METRIK_NA,BENIGN,True,False,7220515669.9648,Financial Services,
COR,basis_gates,GATE_GROSS_MARGIN,BENIGN,True,False,53174365475.6352,Healthcare,
COST,basis_gates,GATE_GROSS_MARGIN,BENIGN,True,False,360452362872.42236,Consumer Defensive,
CPRI,basis_gates,GATE_MARKET_CAP,BENIGN,False,False,1309774708.352,Consumer Cyclical,
CPT,basis_gates,FRAMEWORK_METRIK_NA,BENIGN,True,False,10543744653.9264,Real Estate,
CRBG,basis_gates,FRAMEWORK_METRIK_NA,BENIGN,True,False,12490523501.8752,Financial Services,
CS.PA,basis_gates,FRAMEWORK_METRIK_NA,BENIGN,True,False,90117865472.0,Financial Services,
CTG.L,basis_gates,GATE_VOLUME,BENIGN,False,False,48568362.880799994,Industrials,
CTRE,basis_gates,FRAMEWORK_METRIK_NA,BENIGN,True,False,7925237044.224,Real Estate,
CTVA,basis_gates,GATE_REVENUE_GROWTH,REVIEW,True,False,48621837296.0256,Basic Materials,
CUBE,basis_gates,FRAMEWORK_METRIK_NA,BENIGN,True,False,7742063301.12,Real Estate,
CUZ,basis_gates,FRAMEWORK_METRIK_NA,BENIGN,True,False,4109632788.6847997,Real Estate,
CVNA,basis_gates,GATE_GROSS_MARGIN,BENIGN,True,False,70117429256.192,Consumer Cyclical,
CVS,basis_gates,GATE_GROSS_MARGIN,BENIGN,True,False,103425096896.512,Healthcare,
CYTK,basis_gates,GATE_GROSS_MARGIN,BENIGN,True,False,8488854191.2064,Healthcare,
DE,basis_gates,GATE_REVENUE_GROWTH,REVIEW,True,False,152053349924.86398,Industrials,
DELL,basis_gates,GATE_GROSS_MARGIN,BENIGN,True,False,253720874762.24,Technology,
DGE.L,basis_gates,GATE_REVENUE_GROWTH,REVIEW,True,False,44317144086.11839,Consumer Defensive,
DHER.DE,basis_gates,GATE_GROSS_MARGIN,BENIGN,True,False,11255925760.0,Consumer Cyclical,
DIE.BR,basis_gates,GATE_GROSS_MARGIN,BENIGN,True,False,9397239808.0,Consumer Cyclical,
DINO,basis_gates,GATE_GROSS_MARGIN,BENIGN,True,False,15555442105.1392,Energy,
DLN.L,basis_gates,FRAMEWORK_METRIK_NA,BENIGN,False,False,2630226507.0592,Real Estate,
DLR,basis_gates,FRAMEWORK_METRIK_NA,BENIGN,True,False,60355019572.8384,Real Estate,
DOC,basis_gates,FRAMEWORK_METRIK_NA,BENIGN,True,False,12710078926.6432,Real Estate,
DOCM.SW,basis_gates,GATE_MARKET_CAP,BENIGN,False,False,591039831.2192,Healthcare,
DOW,basis_gates,GATE_GROSS_MARGIN,BENIGN,True,False,18983672272.896,Basic Materials,
DTE,basis_gates,GATE_REVENUE_GROWTH,REVIEW,True,False,24302811687.7312,Utilities,
EBS.VI,basis_gates,FRAMEWORK_METRIK_NA,BENIGN,True,False,47119134720.0,Financial Services,
EEFT,basis_gates,GATE_GROSS_MARGIN,BENIGN,False,False,2238794528.8448,Technology,
EFGN.SW,basis_gates,FRAMEWORK_METRIK_NA,BENIGN,True,False,5119966869.504001,Financial Services,
EG,basis_gates,FRAMEWORK_METRIK_NA,BENIGN,True,False,12369792928.153599,Financial Services,
EGP,basis_gates,FRAMEWORK_METRIK_NA,BENIGN,True,False,9237688134.0416,Real Estate,
ELS,basis_gates,FRAMEWORK_METRIK_NA,BENIGN,True,False,10955273850.4704,Real Estate,
ELUX-B.ST,basis_gates,GATE_GROSS_MARGIN,BENIGN,False,False,2029955931.83232,Consumer Cyclical,
ELV,basis_gates,GATE_GROSS_MARGIN,BENIGN,True,False,73305332228.096,Healthcare,
EMSN.SW,basis_gates,GATE_REVENUE_GROWTH,REVIEW,True,False,19652490825.728,Basic Materials,
ENGI.PA,basis_gates,GATE_REVENUE_GROWTH,REVIEW,True,False,62501867520.0,Utilities,
EOAN.DE,basis_gates,GATE_REVENUE_GROWTH,REVIEW,True,False,46512787456.0,Utilities,
EPR,basis_gates,FRAMEWORK_METRIK_NA,BENIGN,True,False,3872977709.0048,Real Estate,
EQH,basis_gates,FRAMEWORK_METRIK_NA,BENIGN,True,False,11774465697.8944,Financial Services,
EQIX,basis_gates,FRAMEWORK_METRIK_NA,BENIGN,True,False,88935805599.744,Real Estate,
EQR,basis_gates,FRAMEWORK_METRIK_NA,BENIGN,True,False,21192946805.76,Real Estate,
ERIC-B.ST,basis_gates,GATE_REVENUE_GROWTH,REVIEW,True,False,28243279697.018883,Technology,
ERIE,basis_gates,FRAMEWORK_METRIK_NA,BENIGN,True,False,11507050638.2336,Financial Services,
ESNT,basis_gates,FRAMEWORK_METRIK_NA,BENIGN,True,False,5228647256.2688,Financial Services,
ESS,basis_gates,FRAMEWORK_METRIK_NA,BENIGN,True,False,16795971036.774399,Real Estate,
EVR,basis_gates,FRAMEWORK_METRIK_NA,BENIGN,True,False,9485413349.9904,Financial Services,
EVT.DE,basis_gates,GATE_MARKET_CAP,BENIGN,False,False,576796544.0,Healthcare,
EWBC,basis_gates,FRAMEWORK_METRIK_NA,BENIGN,True,False,14967058785.279999,Financial Services,
EXO.AS,basis_gates,FRAMEWORK_METRIK_NA,BENIGN,True,False,24042731520.0,Financial Services,
EXR,basis_gates,FRAMEWORK_METRIK_NA,BENIGN,True,False,26815627249.663998,Real Estate,
F,basis_gates,GATE_GROSS_MARGIN,BENIGN,True,False,47866036516.864,Consumer Cyclical,
FAF,basis_gates,FRAMEWORK_METRIK_NA,BENIGN,True,False,6498921254.7584,Financial Services,
FBIN,basis_gates,GATE_REVENUE_GROWTH,BENIGN,True,False,4553735758.6944,Industrials,
FER.AS,basis_gates,GATE_VOLUME,REVIEW,True,False,36354740224.0,Industrials,
FFIN,basis_gates,FRAMEWORK_METRIK_NA,BENIGN,True,False,4101223823.4112,Financial Services,
FHN,basis_gates,FRAMEWORK_METRIK_NA,BENIGN,True,False,9921818058.4448,Financial Services,
FISV,basis_gates,GATE_GROSS_MARGIN,BENIGN,True,False,24410879214.1824,,
FITB,basis_gates,FRAMEWORK_METRIK_NA,BENIGN,True,False,41990347312.7424,Financial Services,
FLEX,basis_gates,GATE_GROSS_MARGIN,BENIGN,True,False,34751648296.96,Technology,
FLG,basis_gates,FRAMEWORK_METRIK_NA,BENIGN,True,False,4757479348.3776,Financial Services,
FLO,basis_gates,GATE_MARKET_CAP,BENIGN,False,False,1263227803.1872,Consumer Defensive,
FLOW.AS,basis_gates,GATE_MARKET_CAP,BENIGN,False,False,1290400768.0,Financial Services,
FLR,basis_gates,GATE_GROSS_MARGIN,BENIGN,True,False,6277612878.387199,Industrials,
FN,basis_gates,GATE_GROSS_MARGIN,BENIGN,True,False,12741946846.1056,Technology,
FNB,basis_gates,FRAMEWORK_METRIK_NA,BENIGN,True,False,5587869188.1984,Financial Services,
FNF,basis_gates,FRAMEWORK_METRIK_NA,BENIGN,True,False,10727202325.8112,Financial Services,
FR,basis_gates,FRAMEWORK_METRIK_NA,BENIGN,True,False,7301038136.7296,Real Estate,
FRT,basis_gates,FRAMEWORK_METRIK_NA,BENIGN,True,False,8734265652.1216,Real Estate,
FRVIA.PA,basis_gates,GATE_MARKET_CAP,BENIGN,False,False,1691422592.0,Consumer Cyclical,
GALE.SW,basis_gates,GATE_GROSS_MARGIN,BENIGN,True,False,4403736110.8992,Healthcare,
GBCI,basis_gates,FRAMEWORK_METRIK_NA,BENIGN,True,False,5192532749.823999,Financial Services,
GFC.PA,basis_gates,FRAMEWORK_METRIK_NA,BENIGN,True,False,5065734656.0,Real Estate,
GL,basis_gates,FRAMEWORK_METRIK_NA,BENIGN,True,False,11426447489.843199,Financial Services,
GLE.PA,basis_gates,FRAMEWORK_METRIK_NA,BENIGN,True,False,53074198528.0,Financial Services,
GLEN.L,basis_gates,GATE_GROSS_MARGIN,BENIGN,True,False,81522282443.5712,Basic Materials,
GLPI,basis_gates,FRAMEWORK_METRIK_NA,BENIGN,True,False,10849873667.3792,Real Estate,
GN.CO,basis_gates,GATE_MARKET_CAP,BENIGN,False,False,1881252293.09952,Healthcare,
GPK,basis_gates,GATE_REVENUE_GROWTH,BENIGN,False,False,2855409143.0912,Consumer Cyclical,
GS,basis_gates,FRAMEWORK_METRIK_NA,BENIGN,True,False,257221529695.0272,Financial Services,
GT,basis_gates,GATE_MARKET_CAP,BENIGN,False,False,1554393240.832,Consumer Cyclical,
HAS.L,basis_gates,GATE_MARKET_CAP,BENIGN,False,False,1407056834.7136,Industrials,
HBAN,basis_gates,FRAMEWORK_METRIK_NA,BENIGN,True,False,29028215460.6592,Financial Services,
HEN3.DE,basis_gates,GATE_REVENUE_GROWTH,REVIEW,True,False,30784864256.0,Consumer Defensive,
HIG,basis_gates,FRAMEWORK_METRIK_NA,BENIGN,True,False,32043595545.8048,Financial Services,
HNR1.DE,basis_gates,FRAMEWORK_METRIK_NA,BENIGN,True,False,31138181120.0,Financial Services,
HOG,basis_gates,GATE_GROSS_MARGIN,BENIGN,False,False,2473424631.9872,Consumer Cyclical,
HOMB,basis_gates,FRAMEWORK_METRIK_NA,BENIGN,True,False,5074860141.9776,Financial Services,
HPQ,basis_gates,GATE_GROSS_MARGIN,BENIGN,True,False,23311498157.2608,Technology,
HR,basis_gates,FRAMEWORK_METRIK_NA,BENIGN,True,False,5689148436.019199,Real Estate,
HRL,basis_gates,GATE_GROSS_MARGIN,BENIGN,True,False,10354869409.279999,Consumer Defensive,
HSBA.L,basis_gates,FRAMEWORK_METRIK_NA,BENIGN,True,False,305352566705.35675,Financial Services,
HST,basis_gates,FRAMEWORK_METRIK_NA,BENIGN,True,False,13119161221.4272,Real Estate,
HSX.L,basis_gates,FRAMEWORK_METRIK_NA,BENIGN,True,False,6830539608.166399,Financial Services,
HUM,basis_gates,GATE_GROSS_MARGIN,BENIGN,True,False,39626423298.048,Healthcare,
HUSQ-B.ST,basis_gates,GATE_MARKET_CAP,BENIGN,False,False,1946585319.0144,Industrials,
HWC,basis_gates,FRAMEWORK_METRIK_NA,BENIGN,True,False,5145774441.1648,Financial Services,
IBOC,basis_gates,FRAMEWORK_METRIK_NA,BENIGN,True,False,3757286430.2592,Financial Services,
ICG.L,basis_gates,FRAMEWORK_METRIK_NA,BENIGN,True,False,6842796762.0096,Financial Services,
III.L,basis_gates,FRAMEWORK_METRIK_NA,BENIGN,True,False,32939746743.500797,Financial Services,
INCH.L,basis_gates,GATE_GROSS_MARGIN,BENIGN,True,False,3421434505.2159996,Consumer Cyclical,
INGA.AS,basis_gates,FRAMEWORK_METRIK_NA,BENIGN,True,False,86968786944.0,Financial Services,
INVH,basis_gates,FRAMEWORK_METRIK_NA,BENIGN,True,False,14905970009.088,Real Estate,
INVP.L,basis_gates,FRAMEWORK_METRIK_NA,BENIGN,True,False,4859321712.179199,Financial Services,
IRM,basis_gates,FRAMEWORK_METRIK_NA,BENIGN,True,False,29570191414.8864,Real Estate,
IRT,basis_gates,FRAMEWORK_METRIK_NA,BENIGN,True,False,3367316863.0784,Real Estate,
ISP.MI,basis_gates,FRAMEWORK_METRIK_NA,BENIGN,True,False,118520496128.0,Financial Services,
ITV.L,basis_gates,GATE_GROSS_MARGIN,BENIGN,True,False,3063832877.7728,Communication Services,
JBL,basis_gates,GATE_GROSS_MARGIN,BENIGN,True,False,27544269623.7056,Technology,
JEF,basis_gates,GATE_GROSS_MARGIN,BENIGN,True,False,9219414407.168,Financial Services,
JHG,basis_gates,RESOLUTION_STATEMENT_UNAVAILABLE,REVIEW,True,False,6892441254.3488,Financial Services,
JLL,basis_gates,FRAMEWORK_METRIK_NA,BENIGN,True,False,14494757366.681599,Real Estate,
JMAT.L,basis_gates,GATE_GROSS_MARGIN,BENIGN,True,False,3347739323.0848,Basic Materials,
JMT.LS,basis_gates,GATE_GROSS_MARGIN,BENIGN,True,False,11311816704.0,Consumer Defensive,
JPM,basis_gates,FRAMEWORK_METRIK_NA,BENIGN,True,False,814916994537.8816,Financial Services,
KBH,basis_gates,GATE_REVENUE_GROWTH,BENIGN,False,False,2813909909.6832,Consumer Cyclical,
KD,basis_gates,GATE_REVENUE_GROWTH,BENIGN,False,False,2522726395.8272,Technology,
KER.PA,basis_gates,GATE_REVENUE_GROWTH,REVIEW,True,False,31151192064.0,Consumer Cyclical,
KEY,basis_gates,FRAMEWORK_METRIK_NA,BENIGN,True,False,19857525701.2224,Financial Services,
KHC,basis_gates,GATE_REVENUE_GROWTH,REVIEW,True,False,26211966445.158398,Consumer Defensive,
KIM,basis_gates,FRAMEWORK_METRIK_NA,BENIGN,True,False,13695292397.1584,Real Estate,
KNSL,basis_gates,FRAMEWORK_METRIK_NA,BENIGN,True,False,7333861890.9696,Financial Services,
KNX,basis_gates,GATE_GROSS_MARGIN,BENIGN,True,False,9601621343.8464,Industrials,
KRC,basis_gates,FRAMEWORK_METRIK_NA,BENIGN,True,False,3671011099.0592,Real Estate,
KRG,basis_gates,FRAMEWORK_METRIK_NA,BENIGN,True,False,4558723911.2192,Real Estate,
L,basis_gates,FRAMEWORK_METRIK_NA,BENIGN,True,False,19062581548.031998,Financial Services,
LAD,basis_gates,GATE_GROSS_MARGIN,BENIGN,True,False,6953243456.4608,Consumer Cyclical,
LAMR,basis_gates,FRAMEWORK_METRIK_NA,BENIGN,True,False,13030093997.3632,Real Estate,
LAND.L,basis_gates,FRAMEWORK_METRIK_NA,BENIGN,True,False,5964838112.6656,Real Estate,
LANV,basis_gates,GATE_VOLUME,BENIGN,False,False,127582601.3072,Consumer Cyclical,
LEA,basis_gates,GATE_GROSS_MARGIN,BENIGN,True,False,7165367794.892799,Consumer Cyclical,
LGEN.L,basis_gates,FRAMEWORK_METRIK_NA,BENIGN,True,False,18626407575.552,Financial Services,
LH,basis_gates,GATE_GROSS_MARGIN,BENIGN,True,False,23231380862.1568,Healthcare,
LIGHT.AS,basis_gates,GATE_MARKET_CAP,BENIGN,False,False,1838252160.0,Industrials,
LLOY.L,basis_gates,FRAMEWORK_METRIK_NA,BENIGN,True,False,74282665699.7376,Financial Services,
LMT,basis_gates,GATE_GROSS_MARGIN,BENIGN,True,False,111535429052.82559,Industrials,
LPX,basis_gates,GATE_REVENUE_GROWTH,BENIGN,True,False,4245480806.4512,Industrials,
LYB,basis_gates,GATE_GROSS_MARGIN,BENIGN,True,False,18103172089.4464,Basic Materials,
MAA,basis_gates,FRAMEWORK_METRIK_NA,BENIGN,True,False,13199358757.2736,Real Estate,
MAERSK-B.CO,basis_gates,GATE_GROSS_MARGIN,BENIGN,True,False,41510802675.46624,Industrials,
MAS,basis_gates,GATE_REVENUE_GROWTH,REVIEW,True,False,12252630863.0528,Industrials,
MB.MI,basis_gates,RESOLUTION_STATEMENT_UNAVAILABLE,REVIEW,True,False,22631350272.0,Financial Services,
MBG.DE,basis_gates,GATE_REVENUE_GROWTH,REVIEW,True,False,45205131264.0,Consumer Cyclical,
MCG.L,basis_gates,GATE_MARKET_CAP,BENIGN,False,False,168528774.848,Industrials,
MCK,basis_gates,GATE_GROSS_MARGIN,BENIGN,True,False,88882553963.3152,Healthcare,
MET,basis_gates,FRAMEWORK_METRIK_NA,BENIGN,True,False,52077896011.3664,Financial Services,
MF.PA,basis_gates,GATE_GROSS_MARGIN,BENIGN,True,False,3299093760.0,Financial Services,
MMS,basis_gates,GATE_GROSS_MARGIN,BENIGN,False,False,2604576141.4656,Industrials,
MNG.L,basis_gates,FRAMEWORK_METRIK_NA,BENIGN,True,False,9751985175.6544,Financial Services,
MONY.L,basis_gates,GATE_MARKET_CAP,BENIGN,False,False,1215693453.3632,Communication Services,
MOS,basis_gates,GATE_GROSS_MARGIN,BENIGN,True,False,6602607724.8512,Basic Materials,
MPC,basis_gates,GATE_GROSS_MARGIN,BENIGN,True,False,90275575576.1664,Energy,
MRL.MC,basis_gates,FRAMEWORK_METRIK_NA,BENIGN,True,False,8297050112.0,Real Estate,
MRNA,basis_gates,GATE_GROSS_MARGIN,BENIGN,True,False,48246370581.7088,Healthcare,
MS,basis_gates,FRAMEWORK_METRIK_NA,BENIGN,True,False,288497092598.1696,Financial Services,
MT.AS,basis_gates,GATE_GROSS_MARGIN,BENIGN,True,False,48334073856.0,Basic Materials,
MTB,basis_gates,FRAMEWORK_METRIK_NA,BENIGN,True,False,29092039476.224,Financial Services,
MTG,basis_gates,FRAMEWORK_METRIK_NA,BENIGN,True,False,5413801005.823999,Financial Services,
MUSA,basis_gates,GATE_GROSS_MARGIN,BENIGN,True,False,8157241247.0272,Consumer Cyclical,
MUV2.DE,basis_gates,FRAMEWORK_METRIK_NA,BENIGN,True,False,65272541184.0,Financial Services,
NDA-FI.HE,basis_gates,FRAMEWORK_METRIK_NA,BENIGN,True,False,59780968448.0,Financial Services,
NESN.SW,basis_gates,GATE_REVENUE_GROWTH,REVIEW,True,False,215636780698.82883,Consumer Defensive,
NEX.PA,basis_gates,GATE_GROSS_MARGIN,BENIGN,True,False,6095239168.0,Industrials,
NLY,basis_gates,FRAMEWORK_METRIK_NA,BENIGN,True,False,14875617846.0672,Real Estate,
NN.AS,basis_gates,FRAMEWORK_METRIK_NA,BENIGN,True,False,20230987776.0,Financial Services,
NNN,basis_gates,FRAMEWORK_METRIK_NA,BENIGN,True,False,7404786771.3536,Real Estate,
NRG,basis_gates,GATE_GROSS_MARGIN,BENIGN,True,False,19933068392.2432,Utilities,
NSA,basis_gates,FRAMEWORK_METRIK_NA,BENIGN,True,False,5503648593.151999,Real Estate,
NTRS,basis_gates,FRAMEWORK_METRIK_NA,BENIGN,True,False,29233698775.4496,Financial Services,
NUE,basis_gates,GATE_GROSS_MARGIN,BENIGN,True,False,48770330284.8512,Basic Materials,
NVR,basis_gates,GATE_REVENUE_GROWTH,REVIEW,True,False,14563915187.199999,Consumer Cyclical,
NWG.L,basis_gates,FRAMEWORK_METRIK_NA,BENIGN,True,False,62932584231.73119,Financial Services,
NXT,basis_gates,GATE_GROSS_MARGIN,BENIGN,True,False,10852403455.1808,Technology,
O,basis_gates,FRAMEWORK_METRIK_NA,BENIGN,True,False,49930230496.8704,Real Estate,
OERL.SW,basis_gates,GATE_MARKET_CAP,BENIGN,False,False,1791473928.2432,Industrials,
OGS,basis_gates,GATE_REVENUE_GROWTH,BENIGN,True,False,4290531133.5936,Utilities,
OHI,basis_gates,FRAMEWORK_METRIK_NA,BENIGN,True,False,12570572019.199999,Real Estate,
OKE,basis_gates,GATE_GROSS_MARGIN,BENIGN,True,False,52115314650.316795,Energy,
OLN,basis_gates,GATE_MARKET_CAP,BENIGN,False,False,1707815524.2752,Basic Materials,
OMC,basis_gates,GATE_GROSS_MARGIN,BENIGN,True,False,20678025208.217598,Communication Services,
ONB,basis_gates,FRAMEWORK_METRIK_NA,BENIGN,True,False,8426845732.6592,Financial Services,
ONTEX.BR,basis_gates,GATE_VOLUME,BENIGN,False,False,216392512.0,Consumer Defensive,
ORA,basis_gates,GATE_GROSS_MARGIN,BENIGN,True,False,5401411747.0208,Utilities,
ORI,basis_gates,FRAMEWORK_METRIK_NA,BENIGN,True,False,8675578807.603199,Financial Services,
OZK,basis_gates,FRAMEWORK_METRIK_NA,BENIGN,True,False,4608233771.9296,Financial Services,
P911.DE,basis_gates,GATE_REVENUE_GROWTH,REVIEW,True,False,41368510464.0,Consumer Cyclical,
PAG,basis_gates,GATE_GROSS_MARGIN,BENIGN,True,False,12246496414.208,Consumer Cyclical,
PAH3.DE,basis_gates,FRAMEWORK_METRIK_NA,BENIGN,True,False,8734249984.0,Consumer Cyclical,
PB,basis_gates,FRAMEWORK_METRIK_NA,BENIGN,True,False,7405329939.455999,Financial Services,
PBB.DE,basis_gates,GATE_VOLUME,BENIGN,False,False,456140256.0,Financial Services,
PBF,basis_gates,GATE_GROSS_MARGIN,BENIGN,True,False,7450240947.5072,Energy,
PFG,basis_gates,FRAMEWORK_METRIK_NA,BENIGN,True,False,20309704328.8064,Financial Services,
PFGC,basis_gates,GATE_GROSS_MARGIN,BENIGN,True,False,13413247951.1552,Consumer Defensive,
PGR,basis_gates,FRAMEWORK_METRIK_NA,BENIGN,True,False,109124016626.89279,Financial Services,
PII,basis_gates,GATE_GROSS_MARGIN,BENIGN,True,False,3162435794.7392,Consumer Cyclical,
PK,basis_gates,FRAMEWORK_METRIK_NA,BENIGN,False,False,2652598462.2592,Real Estate,
PLD,basis_gates,FRAMEWORK_METRIK_NA,BENIGN,True,False,117122540803.6864,Real Estate,
PNC,basis_gates,FRAMEWORK_METRIK_NA,BENIGN,True,False,82320194465.79199,Financial Services,
PNFP,basis_gates,FRAMEWORK_METRIK_NA,BENIGN,True,False,13008406070.9888,Financial Services,
PNL.AS,basis_gates,GATE_MARKET_CAP,BENIGN,False,False,465456608.0,Industrials,
PPC,basis_gates,GATE_GROSS_MARGIN,BENIGN,True,False,6434006053.2736,Consumer Defensive,
PRI,basis_gates,FRAMEWORK_METRIK_NA,BENIGN,True,False,7623408405.504,Financial Services,
PRU,basis_gates,FRAMEWORK_METRIK_NA,BENIGN,True,False,34936547656.9088,Financial Services,
PRU.L,basis_gates,FRAMEWORK_METRIK_NA,BENIGN,True,False,29434757236.326397,Financial Services,
PSA,basis_gates,FRAMEWORK_METRIK_NA,BENIGN,True,False,49366065772.9536,Real Estate,
PSX,basis_gates,GATE_GROSS_MARGIN,BENIGN,True,False,85130546227.6096,Energy,
QLT.L,basis_gates,GATE_GROSS_MARGIN,BENIGN,True,False,3057497706.1888,Financial Services,
REG,basis_gates,FRAMEWORK_METRIK_NA,BENIGN,True,False,12037233848.6272,Real Estate,
REXR,basis_gates,FRAMEWORK_METRIK_NA,BENIGN,True,False,7292329370.88,Real Estate,
RF,basis_gates,FRAMEWORK_METRIK_NA,BENIGN,True,False,21919862681.1904,Financial Services,
RGA,basis_gates,FRAMEWORK_METRIK_NA,BENIGN,True,False,13835139666.432,Financial Services,
RIO.L,basis_gates,GATE_GROSS_MARGIN,BENIGN,True,False,145549698967.1424,Basic Materials,
RJF,basis_gates,FRAMEWORK_METRIK_NA,BENIGN,True,False,29472401757.593597,Financial Services,
RLI,basis_gates,FRAMEWORK_METRIK_NA,BENIGN,True,False,5015761512.5504,Financial Services,
RNR,basis_gates,FRAMEWORK_METRIK_NA,BENIGN,True,False,11723069297.971199,Financial Services,
ROIV,basis_gates,GATE_GROSS_MARGIN,BENIGN,True,False,21545813847.2448,Healthcare,
RS,basis_gates,GATE_GROSS_MARGIN,BENIGN,True,False,16884018938.88,Basic Materials,
RTO.L,basis_gates,GATE_GROSS_MARGIN,BENIGN,True,False,10144355610.0096,Industrials,
RWE.DE,basis_gates,GATE_REVENUE_GROWTH,REVIEW,True,False,45738328064.0,Utilities,
RXL.PA,basis_gates,GATE_GROSS_MARGIN,BENIGN,True,False,10568015872.0,Technology,
RYAN,basis_gates,FRAMEWORK_METRIK_NA,BENIGN,True,False,14165488157.5936,Financial Services,
RYN,basis_gates,FRAMEWORK_METRIK_NA,BENIGN,True,False,5282517451.8272,Real Estate,
SAB.MC,basis_gates,FRAMEWORK_METRIK_NA,BENIGN,True,False,17192531968.0,Financial Services,
SAIA,basis_gates,GATE_GROSS_MARGIN,BENIGN,True,False,8135906908.979199,Industrials,
SAIC,basis_gates,GATE_GROSS_MARGIN,BENIGN,True,False,4625928178.278399,Technology,
SAM,basis_gates,GATE_MARKET_CAP,BENIGN,False,False,1575781807.5135999,Consumer Defensive,
SAMPO.HE,basis_gates,FRAMEWORK_METRIK_NA,BENIGN,True,False,25611853824.0,Financial Services,
SAN.MC,basis_gates,FRAMEWORK_METRIK_NA,BENIGN,True,False,184053579776.0,Financial Services,
SBAC,basis_gates,FRAMEWORK_METRIK_NA,BENIGN,True,False,17325910879.641598,Real Estate,
SBRA,basis_gates,FRAMEWORK_METRIK_NA,BENIGN,True,False,4485371087.0528,Real Estate,
SBRY.L,basis_gates,GATE_GROSS_MARGIN,BENIGN,True,False,8473586361.139199,Consumer Defensive,
SCHP.SW,basis_gates,GATE_REVENUE_GROWTH,REVIEW,True,False,29865886910.873604,Industrials,
SCHW,basis_gates,FRAMEWORK_METRIK_NA,BENIGN,True,False,163536360965.7344,Financial Services,
SCR.PA,basis_gates,FRAMEWORK_METRIK_NA,BENIGN,True,False,6035249152.0,Financial Services,
SEB-A.ST,basis_gates,FRAMEWORK_METRIK_NA,BENIGN,True,False,39004164762.50112,Financial Services,
SECU-B.ST,basis_gates,GATE_GROSS_MARGIN,BENIGN,True,False,7773586920.407041,Industrials,
SF,basis_gates,FRAMEWORK_METRIK_NA,BENIGN,True,False,10503628691.5584,Financial Services,
SFOR.L,basis_gates,GATE_MARKET_CAP,BENIGN,False,False,384381087.3728,Communication Services,
SGO.PA,basis_gates,GATE_REVENUE_GROWTH,REVIEW,True,False,38343831552.0,Industrials,
SGRO.L,basis_gates,FRAMEWORK_METRIK_NA,BENIGN,True,False,15166379276.6976,Real Estate,
SHB-B.ST,basis_gates,FRAMEWORK_METRIK_NA,BENIGN,True,False,41145953859.01056,Financial Services,
SIGI,basis_gates,FRAMEWORK_METRIK_NA,BENIGN,True,False,4682717902.387199,Financial Services,
SKA-B.ST,basis_gates,GATE_GROSS_MARGIN,BENIGN,True,False,10077150018.60096,Industrials,
SLHN.SW,basis_gates,FRAMEWORK_METRIK_NA,BENIGN,True,False,27315281398.988804,Financial Services,
SLM,basis_gates,FRAMEWORK_METRIK_NA,BENIGN,True,False,4204200030.6688,Financial Services,
SMCI,basis_gates,GATE_GROSS_MARGIN,BENIGN,True,False,20765792708.607998,Technology,
SMT.L,basis_gates,FRAMEWORK_METRIK_NA,BENIGN,True,False,18506870470.860798,,
SOLB.BR,basis_gates,GATE_GROSS_MARGIN,BENIGN,False,False,2699710976.0,Basic Materials,
SOON.SW,basis_gates,GATE_REVENUE_GROWTH,REVIEW,True,False,14671030338.764801,Healthcare,
SPG,basis_gates,FRAMEWORK_METRIK_NA,BENIGN,True,False,69406090665.984,Real Estate,
SREN.SW,basis_gates,FRAMEWORK_METRIK_NA,BENIGN,True,False,44087226761.216,Financial Services,
SSB,basis_gates,FRAMEWORK_METRIK_NA,BENIGN,True,False,8758815792.2304,Financial Services,
SSE.L,basis_gates,GATE_REVENUE_GROWTH,REVIEW,True,False,34452184470.3232,Utilities,
STAG,basis_gates,FRAMEWORK_METRIK_NA,BENIGN,True,False,6312798443.9296,Real Estate,
STAN.L,basis_gates,FRAMEWORK_METRIK_NA,BENIGN,True,False,55838180845.97759,Financial Services,
STERV.HE,basis_gates,GATE_REVENUE_GROWTH,BENIGN,True,False,7984777216.0,Consumer Cyclical,
STJ.L,basis_gates,FRAMEWORK_METRIK_NA,BENIGN,True,False,6940421099.3152,Financial Services,
STLAM.MI,basis_gates,GATE_GROSS_MARGIN,BENIGN,True,False,17915508736.0,Consumer Cyclical,
STLD,basis_gates,GATE_GROSS_MARGIN,BENIGN,True,False,28709918952.652798,Basic Materials,
STT,basis_gates,FRAMEWORK_METRIK_NA,BENIGN,True,False,45270112708.1984,Financial Services,
STWD,basis_gates,FRAMEWORK_METRIK_NA,BENIGN,True,False,5134199052.7488,Real Estate,
SW.PA,basis_gates,GATE_GROSS_MARGIN,BENIGN,True,False,8449667072.0,Industrials,
SWED-A.ST,basis_gates,FRAMEWORK_METRIK_NA,BENIGN,True,False,37767723405.80352,Financial Services,
SWKS,basis_gates,GATE_REVENUE_GROWTH,BENIGN,True,False,8682627648.2048,Technology,
SWX,basis_gates,GATE_REVENUE_GROWTH,BENIGN,True,False,5510301520.639999,Utilities,
SYF,basis_gates,FRAMEWORK_METRIK_NA,BENIGN,True,False,21596030443.7248,Financial Services,
SYY,basis_gates,GATE_GROSS_MARGIN,BENIGN,True,False,33449519164.6208,Consumer Defensive,
TCBI,basis_gates,FRAMEWORK_METRIK_NA,BENIGN,True,False,3638009007.5648,Financial Services,
TEF.MC,basis_gates,GATE_REVENUE_GROWTH,REVIEW,True,False,20548755456.0,Communication Services,
TFC,basis_gates,FRAMEWORK_METRIK_NA,BENIGN,True,False,52155304520.0896,Financial Services,
THG,basis_gates,FRAMEWORK_METRIK_NA,BENIGN,True,False,6779612630.220799,Financial Services,
THO,basis_gates,GATE_GROSS_MARGIN,BENIGN,True,False,3406821761.3312,Consumer Cyclical,
TKA.DE,basis_gates,GATE_GROSS_MARGIN,BENIGN,True,False,8995582976.0,Industrials,
TLX.DE,basis_gates,FRAMEWORK_METRIK_NA,BENIGN,True,False,32330268672.0,Financial Services,
TMHC,basis_gates,GATE_REVENUE_GROWTH,BENIGN,True,False,5739572688.4864,Consumer Cyclical,
TMV.DE,basis_gates,GATE_MARKET_CAP,BENIGN,False,False,1104256896.0,Technology,
TOM2.AS,basis_gates,GATE_MARKET_CAP,BENIGN,False,False,513719488.0,Technology,
TPK.L,basis_gates,GATE_MARKET_CAP,BENIGN,False,False,1609518111.1295998,Industrials,
TRV,basis_gates,FRAMEWORK_METRIK_NA,BENIGN,True,False,65722472732.2624,Financial Services,
TRYG.CO,basis_gates,FRAMEWORK_METRIK_NA,BENIGN,True,False,12273712242.360321,Financial Services,
TSCO.L,basis_gates,GATE_GROSS_MARGIN,BENIGN,True,False,33217990345.523197,Consumer Defensive,
TSN,basis_gates,GATE_GROSS_MARGIN,BENIGN,True,False,16703905806.9504,Consumer Defensive,
TTMI,basis_gates,GATE_GROSS_MARGIN,BENIGN,True,False,10787935750.144,Technology,
TUI1.DE,basis_gates,GATE_GROSS_MARGIN,BENIGN,True,False,3569270016.0,Consumer Cyclical,
TXRH,basis_gates,GATE_GROSS_MARGIN,BENIGN,True,False,11055977745.7152,Consumer Cyclical,
UBSG.SW,basis_gates,FRAMEWORK_METRIK_NA,BENIGN,True,False,144196440643.99362,Financial Services,
UBSI,basis_gates,FRAMEWORK_METRIK_NA,BENIGN,True,False,5526410511.0016,Financial Services,
UDR,basis_gates,FRAMEWORK_METRIK_NA,BENIGN,True,False,11688664536.576,Real Estate,
UFPI,basis_gates,GATE_GROSS_MARGIN,BENIGN,True,False,4014662579.456,Basic Materials,
UGI,basis_gates,GATE_REVENUE_GROWTH,BENIGN,True,False,7101777006.5408,Utilities,
UMBF,basis_gates,FRAMEWORK_METRIK_NA,BENIGN,True,False,9262683566.1824,Financial Services,
UMI.BR,basis_gates,GATE_GROSS_MARGIN,BENIGN,True,False,5694190080.0,Industrials,
UNH,basis_gates,GATE_GROSS_MARGIN,BENIGN,True,False,300982340491.6736,Healthcare,
UNM,basis_gates,FRAMEWORK_METRIK_NA,BENIGN,True,False,12707562365.337599,Financial Services,
UPM.HE,basis_gates,GATE_GROSS_MARGIN,BENIGN,True,False,12687416320.0,Basic Materials,
URW.PA,basis_gates,FRAMEWORK_METRIK_NA,BENIGN,True,False,14077411328.0,Real Estate,
USB,basis_gates,FRAMEWORK_METRIK_NA,BENIGN,True,False,82618076318.10559,Financial Services,
USFD,basis_gates,GATE_GROSS_MARGIN,BENIGN,True,False,19529843671.6544,Consumer Defensive,
UTG.L,basis_gates,FRAMEWORK_METRIK_NA,BENIGN,True,False,3059267792.5375996,Real Estate,
VAL,basis_gates,GATE_GROSS_MARGIN,BENIGN,True,False,5164163679.4368,Energy,
VFC,basis_gates,GATE_REVENUE_GROWTH,BENIGN,True,False,4549818511.4623995,Consumer Cyclical,
VICI,basis_gates,FRAMEWORK_METRIK_NA,BENIGN,True,False,24319734548.48,Real Estate,
VIE.PA,basis_gates,GATE_GROSS_MARGIN,BENIGN,True,False,23871244288.0,Industrials,
VITR.ST,basis_gates,GATE_MARKET_CAP,BENIGN,False,False,1147765760.4096,Healthcare,
VIV.PA,basis_gates,GATE_MARKET_CAP,BENIGN,False,False,1606825472.0,Communication Services,
VK.PA,basis_gates,GATE_GROSS_MARGIN,BENIGN,True,False,4953090560.0,Basic Materials,
VLO,basis_gates,GATE_GROSS_MARGIN,BENIGN,True,False,88988591663.5136,Energy,
VLY,basis_gates,FRAMEWORK_METRIK_NA,BENIGN,True,False,6490572249.599999,Financial Services,
VNO,basis_gates,FRAMEWORK_METRIK_NA,BENIGN,True,False,6374779567.7184,Real Estate,
VNT,basis_gates,GATE_REVENUE_GROWTH,BENIGN,True,False,3749911336.0896,Technology,
VOE.VI,basis_gates,GATE_GROSS_MARGIN,BENIGN,True,False,7835293696.0,Basic Materials,
VOYA,basis_gates,FRAMEWORK_METRIK_NA,BENIGN,True,False,7904228077.9776,Financial Services,
VPLAY-B.ST,basis_gates,GATE_VOLUME,BENIGN,False,False,537537184.02048,Communication Services,
VTR,basis_gates,FRAMEWORK_METRIK_NA,BENIGN,True,False,40269615453.7984,Real Estate,
VWS.CO,basis_gates,GATE_GROSS_MARGIN,BENIGN,True,False,27997628413.37856,Industrials,
WAL,basis_gates,FRAMEWORK_METRIK_NA,BENIGN,True,False,7340059826.9952,Financial Services,
WBS,basis_gates,FRAMEWORK_METRIK_NA,BENIGN,True,False,10823109411.84,Financial Services,
WDP.BR,basis_gates,FRAMEWORK_METRIK_NA,BENIGN,True,False,5051420160.0,Real Estate,
WELL,basis_gates,FRAMEWORK_METRIK_NA,BENIGN,True,False,146583280318.8736,Real Estate,
WFC,basis_gates,FRAMEWORK_METRIK_NA,BENIGN,True,False,224956596674.56,Financial Services,
WHR,basis_gates,GATE_GROSS_MARGIN,BENIGN,False,False,2292887590.8608,Consumer Cyclical,
WLK,basis_gates,GATE_GROSS_MARGIN,BENIGN,True,False,8261123028.3776,Basic Materials,
WLN.PA,basis_gates,GATE_MARKET_CAP,BENIGN,False,False,774125312.0,Technology,
WPC,basis_gates,FRAMEWORK_METRIK_NA,BENIGN,True,False,13723690565.8368,Real Estate,
WPP.L,basis_gates,GATE_GROSS_MARGIN,BENIGN,True,False,4812248282.4192,Communication Services,
WRB,basis_gates,FRAMEWORK_METRIK_NA,BENIGN,True,False,21596499543.4496,Financial Services,
WTFC,basis_gates,FRAMEWORK_METRIK_NA,BENIGN,True,False,8733789498.2656,Financial Services,
WY,basis_gates,FRAMEWORK_METRIK_NA,BENIGN,True,False,14504024731.545599,Real Estate,
XEL,basis_gates,GATE_REVENUE_GROWTH,REVIEW,True,False,40711577935.872,Utilities,
XPO,basis_gates,GATE_GROSS_MARGIN,BENIGN,True,False,19558684487.0656,Industrials,
XRAY,basis_gates,GATE_MARKET_CAP,BENIGN,False,False,1917482600.192,Healthcare,
ZION,basis_gates,FRAMEWORK_METRIK_NA,BENIGN,True,False,8381628751.6672,Financial Services,
ZURN.SW,basis_gates,FRAMEWORK_METRIK_NA,BENIGN,True,False,94145854757.2736,Financial Services,
AES,edgar_gates,GATE_RESTATEMENT,BENIGN,True,False,9055401447.935999,Utilities,
AVAV,edgar_gates,GATE_RESTATEMENT,BENIGN,True,False,6492293898.496,Industrials,
AXON,edgar_gates,GATE_RESTATEMENT,BENIGN,True,False,39632877828.096,Industrials,
CPAY,edgar_gates,GATE_RESTATEMENT,BENIGN,True,False,22858912153.6,Technology,
MPWR,edgar_gates,GATE_RESTATEMENT,BENIGN,True,False,53648272590.848,Technology,
RGEN,edgar_gates,GATE_RESTATEMENT,BENIGN,True,False,8795032583.5776,Healthcare,
SITM,edgar_gates,GATE_RESTATEMENT,BENIGN,True,False,14584837740.3392,Technology,
TRU,edgar_gates,GATE_RESTATEMENT,BENIGN,True,False,14009026645.8112,Financial Services,
8TRA.DE,crosshits,SCORE_BELOW_THRESHOLD,BENIGN,True,False,19209998336.0,Industrials,
A,crosshits,SCORE_BELOW_THRESHOLD,BENIGN,True,False,37284487010.304,Healthcare,
AAL,crosshits,SCORE_BELOW_THRESHOLD,BENIGN,True,False,7655399772.2624,Industrials,
AAL.L,crosshits,SCORE_BELOW_THRESHOLD,BENIGN,True,False,53344112760.42239,Basic Materials,
AAON,crosshits,SCORE_BELOW_THRESHOLD,BENIGN,True,False,5393933045.2992,Industrials,
AAPL,crosshits,SCORE_BELOW_THRESHOLD,BENIGN,True,False,3981869478943.1294,Technology,
ABBN.SW,crosshits,SCORE_BELOW_THRESHOLD,BENIGN,True,False,152242549253.7344,Industrials,
ABBV,crosshits,SCORE_BELOW_THRESHOLD,BENIGN,True,False,390185300148.224,Healthcare,
ABI.BR,crosshits,SCORE_BELOW_THRESHOLD,BENIGN,True,False,134451945472.0,Consumer Defensive,
ABT,crosshits,SCORE_BELOW_THRESHOLD,BENIGN,True,False,164440051605.504,Healthcare,
ACI,crosshits,SCORE_BELOW_THRESHOLD,BENIGN,True,False,5161237537.6384,Consumer Defensive,
ACN,crosshits,SCORE_BELOW_THRESHOLD,BENIGN,True,False,99992761224.3968,Technology,
ACS.MC,crosshits,SCORE_BELOW_THRESHOLD,BENIGN,True,False,26819883008.0,Industrials,
ACX.MC,crosshits,SCORE_BELOW_THRESHOLD,BENIGN,True,False,4464924672.0,Basic Materials,
ADBE,crosshits,SCORE_BELOW_THRESHOLD,BENIGN,True,False,100218288852.992,Technology,
ADI,crosshits,SCORE_BELOW_THRESHOLD,BENIGN,True,False,151106304594.7392,Technology,
ADP,crosshits,SCORE_BELOW_THRESHOLD,BENIGN,True,False,97890460827.648,Technology,
ADS.DE,crosshits,SCORE_BELOW_THRESHOLD,BENIGN,True,False,26504519680.0,Consumer Cyclical,
ADSK,crosshits,SCORE_BELOW_THRESHOLD,BENIGN,True,False,46527617406.5664,Technology,
AEE,crosshits,SCORE_BELOW_THRESHOLD,BENIGN,True,False,25271696608.0512,Utilities,
AEIS,crosshits,SCORE_BELOW_THRESHOLD,BENIGN,True,False,9548190708.8384,Industrials,
AENA.MC,crosshits,SCORE_BELOW_THRESHOLD,BENIGN,True,False,39630000128.0,Industrials,
AEP,crosshits,SCORE_BELOW_THRESHOLD,BENIGN,True,False,57392806474.547195,Utilities,
AF.PA,crosshits,SCORE_BELOW_THRESHOLD,BENIGN,True,False,3048240640.0,Industrials,
AFX.DE,crosshits,SCORE_BELOW_THRESHOLD,BENIGN,False,False,2813409536.0,Healthcare,
AI.PA,crosshits,SCORE_BELOW_THRESHOLD,BENIGN,True,False,107907121152.0,Basic Materials,
AIR.PA,crosshits,SCORE_BELOW_THRESHOLD,BENIGN,True,False,156111618048.0,Industrials,
AIT,crosshits,SCORE_BELOW_THRESHOLD,BENIGN,True,False,10238217005.1584,Industrials,
AIXA.DE,crosshits,SCORE_BELOW_THRESHOLD,BENIGN,True,False,4036605952.0,Technology,
AJG,crosshits,SCORE_BELOW_THRESHOLD,BENIGN,True,False,57865740119.654396,Financial Services,
AKAM,crosshits,SCORE_BELOW_THRESHOLD,BENIGN,True,False,13442199869.1328,Technology,
AKE.PA,crosshits,SCORE_BELOW_THRESHOLD,BENIGN,True,False,4541604864.0,Basic Materials,
AKRBP.OL,crosshits,SCORE_BELOW_THRESHOLD,BENIGN,True,False,20774296516.85376,Energy,
ALB,crosshits,SCORE_BELOW_THRESHOLD,BENIGN,True,False,13714862320.64,Basic Materials,
ALC.SW,crosshits,SCORE_BELOW_THRESHOLD,BENIGN,True,False,30108287238.963203,Healthcare,
ALFA.ST,crosshits,SCORE_BELOW_THRESHOLD,BENIGN,True,False,21225393654.9888,Industrials,
ALGM,crosshits,SCORE_BELOW_THRESHOLD,BENIGN,True,False,5818516793.3952,Technology,
ALGN,crosshits,SCORE_BELOW_THRESHOLD,BENIGN,True,False,9774740304.6912,Healthcare,
ALK,crosshits,SCORE_BELOW_THRESHOLD,BENIGN,True,False,3971873101.3631997,Industrials,
ALLE,crosshits,SCORE_BELOW_THRESHOLD,BENIGN,True,False,11368208582.656,Industrials,
ALLFG.AS,crosshits,SCORE_BELOW_THRESHOLD,BENIGN,True,False,5311134208.0,Financial Services,
ALV,crosshits,SCORE_BELOW_THRESHOLD,BENIGN,True,False,7644055847.5264,Consumer Cyclical,
AM,crosshits,SCORE_BELOW_THRESHOLD,BENIGN,True,False,9163990098.3296,Energy,
AMAT,crosshits,SCORE_BELOW_THRESHOLD,BENIGN,True,False,313248487070.1056,Technology,
AMBU-B.CO,crosshits,SCORE_BELOW_THRESHOLD,BENIGN,False,False,2485496980.60288,Healthcare,
AMCR,crosshits,SCORE_BELOW_THRESHOLD,BENIGN,True,False,18269997001.728,Consumer Cyclical,
AMD,crosshits,SCORE_BELOW_THRESHOLD,BENIGN,True,False,661702506400.9728,Technology,
AME,crosshits,SCORE_BELOW_THRESHOLD,BENIGN,True,False,46426521125.2736,Industrials,
AMG,crosshits,SCORE_BELOW_THRESHOLD,BENIGN,True,False,8198850039.910399,Financial Services,
AMGN,crosshits,SCORE_BELOW_THRESHOLD,BENIGN,True,False,200125575169.6384,Healthcare,
AMZN,crosshits,SCORE_BELOW_THRESHOLD,BENIGN,True,False,2412768173516.39,Consumer Cyclical,
ANA.MC,crosshits,SCORE_BELOW_THRESHOLD,BENIGN,True,False,11151657984.0,Industrials,
ANET,crosshits,SCORE_BELOW_THRESHOLD,BENIGN,True,False,212527288041.472,Technology,
ANF,crosshits,SCORE_BELOW_THRESHOLD,BENIGN,True,False,5474261964.3392,Consumer Cyclical,
AON,crosshits,SCORE_BELOW_THRESHOLD,BENIGN,True,False,58729232792.7808,Financial Services,
AOS,crosshits,SCORE_BELOW_THRESHOLD,BENIGN,True,False,6920035692.9536,Industrials,
APA,crosshits,SCORE_BELOW_THRESHOLD,BENIGN,True,False,13017824217.9072,Energy,
APD,crosshits,SCORE_BELOW_THRESHOLD,BENIGN,True,False,59340353341.030396,Basic Materials,
APG,crosshits,SCORE_BELOW_THRESHOLD,BENIGN,True,False,14606229393.2032,Industrials,
APH,crosshits,SCORE_BELOW_THRESHOLD,BENIGN,True,False,168336034159.0016,Technology,
APO,crosshits,SCORE_BELOW_THRESHOLD,BENIGN,True,False,69453212262.4,Financial Services,
APP,crosshits,SCORE_BELOW_THRESHOLD,BENIGN,True,False,90271942698.5984,Communication Services,
APPF,crosshits,SCORE_BELOW_THRESHOLD,BENIGN,True,False,7142836458.9567995,Technology,
APTV,crosshits,SCORE_BELOW_THRESHOLD,BENIGN,True,False,8002776936.1407995,Consumer Cyclical,
AR,crosshits,SCORE_BELOW_THRESHOLD,BENIGN,True,False,10187030465.6384,Energy,
ARES,crosshits,SCORE_BELOW_THRESHOLD,BENIGN,True,False,40664706761.1136,Financial Services,
ARWR,crosshits,SCORE_BELOW_THRESHOLD,BENIGN,True,False,10021443553.3824,Healthcare,
ASH,crosshits,SCORE_BELOW_THRESHOLD,BENIGN,False,False,2891597717.9136,Basic Materials,
ASM.AS,crosshits,SCORE_BELOW_THRESHOLD,BENIGN,True,False,39552884736.0,Technology,
ASML.AS,crosshits,SCORE_BELOW_THRESHOLD,BENIGN,True,False,557636386816.0,Technology,
ATCO-A.ST,crosshits,SCORE_BELOW_THRESHOLD,BENIGN,True,False,89786331090.1248,Industrials,
ATI,crosshits,SCORE_BELOW_THRESHOLD,BENIGN,True,False,23943740537.856,Industrials,
ATO,crosshits,SCORE_BELOW_THRESHOLD,BENIGN,True,False,24174581690.7776,Utilities,
ATR,crosshits,SCORE_BELOW_THRESHOLD,BENIGN,True,False,7206156545.024,Healthcare,
AUTO.L,crosshits,SCORE_BELOW_THRESHOLD,BENIGN,True,False,4786012850.1248,Communication Services,
AVGO,crosshits,SCORE_BELOW_THRESHOLD,BENIGN,True,False,1517191251886.08,Technology,
AVNT,crosshits,SCORE_BELOW_THRESHOLD,BENIGN,True,False,3479845907.072,Basic Materials,
AVTR,crosshits,SCORE_BELOW_THRESHOLD,BENIGN,True,False,8468279054.0288,Healthcare,
AVY,crosshits,SCORE_BELOW_THRESHOLD,BENIGN,True,False,11362622592.512,Consumer Cyclical,
AWK,crosshits,SCORE_BELOW_THRESHOLD,BENIGN,True,False,23654681640.1408,Utilities,
AXTA,crosshits,SCORE_BELOW_THRESHOLD,BENIGN,True,False,6711937059.0208,Basic Materials,
AYI,crosshits,SCORE_BELOW_THRESHOLD,BENIGN,True,False,8552717004.4928,Industrials,
AZE.BR,crosshits,SCORE_BELOW_THRESHOLD,BENIGN,True,False,3025207296.0,Basic Materials,
AZN.L,crosshits,SCORE_BELOW_THRESHOLD,BENIGN,True,False,216494583087.10397,Healthcare,
BA.L,crosshits,SCORE_BELOW_THRESHOLD,BENIGN,True,False,69816729183.84639,Industrials,
BALD-B.ST,crosshits,SCORE_BELOW_THRESHOLD,BENIGN,True,False,5503519100.6822405,Real Estate,
BALL,crosshits,SCORE_BELOW_THRESHOLD,BENIGN,True,False,14353134219.878399,Consumer Cyclical,
BATS.L,crosshits,SCORE_BELOW_THRESHOLD,BENIGN,True,False,103729952364.9536,Consumer Defensive,
BAX,crosshits,SCORE_BELOW_THRESHOLD,BENIGN,True,False,11574817031.372799,Healthcare,
BAYN.DE,crosshits,SCORE_BELOW_THRESHOLD,BENIGN,True,False,48178077696.0,Healthcare,
BBY,crosshits,SCORE_BELOW_THRESHOLD,BENIGN,True,False,14546549679.7184,Consumer Cyclical,
BC.MI,crosshits,SCORE_BELOW_THRESHOLD,BENIGN,True,False,5971760128.0,Consumer Cyclical,
BDC,crosshits,SCORE_BELOW_THRESHOLD,BENIGN,True,False,3851605455.0016,Technology,
BDX,crosshits,SCORE_BELOW_THRESHOLD,BENIGN,True,False,44121629607.5264,Healthcare,
BEI.DE,crosshits,SCORE_BELOW_THRESHOLD,BENIGN,True,False,17253904384.0,Consumer Defensive,
BEN,crosshits,SCORE_BELOW_THRESHOLD,BENIGN,True,False,14940796254.8224,Financial Services,
BF-B,crosshits,SCORE_BELOW_THRESHOLD,BENIGN,True,False,10498551480.6272,Consumer Defensive,
BIIB,crosshits,SCORE_BELOW_THRESHOLD,BENIGN,True,False,27564589048.6272,Healthcare,
BILL,crosshits,SCORE_BELOW_THRESHOLD,BENIGN,True,False,4222099888.5888,Technology,
BJ,crosshits,SCORE_BELOW_THRESHOLD,BENIGN,True,False,9859962145.4848,Consumer Defensive,
BKG.L,crosshits,SCORE_BELOW_THRESHOLD,BENIGN,True,False,3799655892.1215997,Consumer Cyclical,
BKH,crosshits,SCORE_BELOW_THRESHOLD,BENIGN,True,False,4706622148.608,Utilities,
BKNG,crosshits,SCORE_BELOW_THRESHOLD,BENIGN,True,False,128813966150.8608,Consumer Cyclical,
BKR,crosshits,SCORE_BELOW_THRESHOLD,BENIGN,True,False,54322005607.6288,Energy,
BLD,crosshits,SCORE_BELOW_THRESHOLD,BENIGN,True,False,8555502504.5504,Industrials,
BLK,crosshits,SCORE_BELOW_THRESHOLD,BENIGN,True,False,161679375035.5968,Financial Services,
BME.L,crosshits,SCORE_BELOW_THRESHOLD,BENIGN,False,False,2784851864.1664,Consumer Defensive,
BMRN,crosshits,SCORE_BELOW_THRESHOLD,BENIGN,True,False,10872952139.3664,Healthcare,
BMY,crosshits,SCORE_BELOW_THRESHOLD,BENIGN,True,False,117517550988.4928,Healthcare,
BN.PA,crosshits,SCORE_BELOW_THRESHOLD,BENIGN,True,False,41402392576.0,Consumer Defensive,
BNR.DE,crosshits,SCORE_BELOW_THRESHOLD,BENIGN,True,False,9073176576.0,Basic Materials,
BOSS.DE,crosshits,SCORE_BELOW_THRESHOLD,BENIGN,False,False,2667474944.0,Consumer Cyclical,
BP.L,crosshits,SCORE_BELOW_THRESHOLD,BENIGN,True,False,92713847290.2656,Energy,
BR,crosshits,SCORE_BELOW_THRESHOLD,BENIGN,True,False,17906829165.158398,Technology,
BRBY.L,crosshits,SCORE_BELOW_THRESHOLD,BENIGN,True,False,4528358257.203199,Consumer Cyclical,
BRKR,crosshits,SCORE_BELOW_THRESHOLD,BENIGN,True,False,7610714496.4096,Healthcare,
BRO,crosshits,SCORE_BELOW_THRESHOLD,BENIGN,True,False,20794557692.1088,Financial Services,
BROS,crosshits,SCORE_BELOW_THRESHOLD,BENIGN,True,False,7379514905.4464,Consumer Cyclical,
BSX,crosshits,SCORE_BELOW_THRESHOLD,BENIGN,True,False,60275096266.3424,Healthcare,
BSY,crosshits,SCORE_BELOW_THRESHOLD,BENIGN,True,False,9559858241.8432,Technology,
BTRW.L,crosshits,SCORE_BELOW_THRESHOLD,BENIGN,True,False,5146827143.9872,Consumer Cyclical,
BURL,crosshits,SCORE_BELOW_THRESHOLD,BENIGN,True,False,14050461730.7136,Consumer Cyclical,
BWA,crosshits,SCORE_BELOW_THRESHOLD,BENIGN,True,False,11252195459.1744,Consumer Cyclical,
BWXT,crosshits,SCORE_BELOW_THRESHOLD,BENIGN,True,False,12015023916.544,Industrials,
BYD,crosshits,SCORE_BELOW_THRESHOLD,BENIGN,True,False,4854307880.2944,Consumer Cyclical,
CA.PA,crosshits,SCORE_BELOW_THRESHOLD,BENIGN,True,False,11091837952.0,Consumer Defensive,
CACI,crosshits,SCORE_BELOW_THRESHOLD,BENIGN,True,False,11855827165.3888,Technology,
CAG,crosshits,SCORE_BELOW_THRESHOLD,BENIGN,True,False,6601727721.984,Consumer Defensive,
CAP.PA,crosshits,SCORE_BELOW_THRESHOLD,BENIGN,True,False,17803737088.0,Technology,
CARR,crosshits,SCORE_BELOW_THRESHOLD,BENIGN,True,False,41326087994.1632,Industrials,
CART,crosshits,SCORE_BELOW_THRESHOLD,BENIGN,True,False,10070894776.6272,Consumer Cyclical,
CAST.ST,crosshits,SCORE_BELOW_THRESHOLD,BENIGN,True,False,5143335350.59968,Real Estate,
CASY,crosshits,SCORE_BELOW_THRESHOLD,BENIGN,True,False,23969119538.3808,Consumer Cyclical,
CAT,crosshits,SCORE_BELOW_THRESHOLD,BENIGN,True,False,315659391598.592,Industrials,
CAVA,crosshits,SCORE_BELOW_THRESHOLD,BENIGN,True,False,6613254613.248,Consumer Cyclical,
CBOE,crosshits,SCORE_BELOW_THRESHOLD,BENIGN,True,False,26995650441.4208,Financial Services,
CBT,crosshits,SCORE_BELOW_THRESHOLD,BENIGN,True,False,3677241880.8831997,Basic Materials,
CCH.L,crosshits,SCORE_BELOW_THRESHOLD,BENIGN,True,False,19424261831.475197,Consumer Defensive,
CCK,crosshits,SCORE_BELOW_THRESHOLD,BENIGN,True,False,10900351266.7136,Consumer Cyclical,
CCL,crosshits,SCORE_BELOW_THRESHOLD,BENIGN,True,False,28175981180.927998,Consumer Cyclical,
CDNS,crosshits,SCORE_BELOW_THRESHOLD,BENIGN,True,False,80338597308.0064,Technology,
CDR.WA,crosshits,SCORE_BELOW_THRESHOLD,BENIGN,True,False,5403471259.852799,Communication Services,
CDW,crosshits,SCORE_BELOW_THRESHOLD,BENIGN,True,False,16317967234.867199,Technology,
CELH,crosshits,SCORE_BELOW_THRESHOLD,BENIGN,True,False,6852592467.2,Consumer Defensive,
CF,crosshits,SCORE_BELOW_THRESHOLD,BENIGN,True,False,16945153566.924799,Basic Materials,
CFR.SW,crosshits,SCORE_BELOW_THRESHOLD,BENIGN,True,False,120157791662.89922,Consumer Cyclical,
CGNX,crosshits,SCORE_BELOW_THRESHOLD,BENIGN,True,False,8830515745.28,Technology,
CHD,crosshits,SCORE_BELOW_THRESHOLD,BENIGN,True,False,20380691814.6048,Consumer Defensive,
CHDN,crosshits,SCORE_BELOW_THRESHOLD,BENIGN,True,False,5250451575.808,Consumer Cyclical,
CHE,crosshits,SCORE_BELOW_THRESHOLD,BENIGN,True,False,5837844672.0,Healthcare,
CHH,crosshits,SCORE_BELOW_THRESHOLD,BENIGN,True,False,4049248984.7296,Consumer Cyclical,
CHRD,crosshits,SCORE_BELOW_THRESHOLD,BENIGN,True,False,6928930511.513599,Energy,
CHTR,crosshits,SCORE_BELOW_THRESHOLD,BENIGN,True,False,17691713434.2144,Communication Services,
CIEN,crosshits,SCORE_BELOW_THRESHOLD,BENIGN,True,False,46659959962.0096,Technology,
CL,crosshits,SCORE_BELOW_THRESHOLD,BENIGN,True,False,61656534995.7632,Consumer Defensive,
CLH,crosshits,SCORE_BELOW_THRESHOLD,BENIGN,True,False,14329719794.8928,Industrials,
CMCSA,crosshits,SCORE_BELOW_THRESHOLD,BENIGN,True,False,81343564109.4144,Communication Services,
CME,crosshits,SCORE_BELOW_THRESHOLD,BENIGN,True,False,88400425258.1888,Financial Services,
CMG,crosshits,SCORE_BELOW_THRESHOLD,BENIGN,True,False,41439440828.416,Consumer Cyclical,
CMI,crosshits,SCORE_BELOW_THRESHOLD,BENIGN,True,False,66905605725.3888,Industrials,
CMS,crosshits,SCORE_BELOW_THRESHOLD,BENIGN,True,False,18377648334.4384,Utilities,
CNA.L,crosshits,SCORE_BELOW_THRESHOLD,BENIGN,True,False,8371710711.705599,Utilities,
CNH,crosshits,SCORE_BELOW_THRESHOLD,BENIGN,True,False,16382011692.032,Industrials,
CNM,crosshits,SCORE_BELOW_THRESHOLD,BENIGN,True,False,7159598397.3376,Industrials,
CNP,crosshits,SCORE_BELOW_THRESHOLD,BENIGN,True,False,22462069658.2144,Utilities,
COHR,crosshits,SCORE_BELOW_THRESHOLD,BENIGN,True,False,46850788319.232,Technology,
COIN,crosshits,SCORE_BELOW_THRESHOLD,BENIGN,True,False,42738977567.5392,Financial Services,
COKE,crosshits,SCORE_BELOW_THRESHOLD,BENIGN,True,False,11209782495.3344,Consumer Defensive,
COLM,crosshits,SCORE_BELOW_THRESHOLD,BENIGN,False,False,2530333174.1184,Consumer Cyclical,
COLR.BR,crosshits,SCORE_BELOW_THRESHOLD,BENIGN,True,False,4613329408.0,Consumer Defensive,
COO,crosshits,SCORE_BELOW_THRESHOLD,BENIGN,True,False,11770974784.716799,Healthcare,
COP,crosshits,SCORE_BELOW_THRESHOLD,BENIGN,True,False,137057155814.19519,Energy,
COTY,crosshits,SCORE_BELOW_THRESHOLD,BENIGN,False,False,2160783332.7872,Consumer Defensive,
CPB,crosshits,SCORE_BELOW_THRESHOLD,BENIGN,True,False,6080678288.8448,Consumer Defensive,
CPG.L,crosshits,SCORE_BELOW_THRESHOLD,BENIGN,True,False,44875882004.889595,Consumer Cyclical,
CPR.MI,crosshits,SCORE_BELOW_THRESHOLD,BENIGN,True,False,6980289024.0,Consumer Defensive,
CPRT,crosshits,SCORE_BELOW_THRESHOLD,BENIGN,True,False,26300166011.0848,Industrials,
CR,crosshits,SCORE_BELOW_THRESHOLD,BENIGN,True,False,10206721191.1168,Industrials,
CRH,crosshits,SCORE_BELOW_THRESHOLD,BENIGN,True,False,54016522928.9472,Basic Materials,
CRL,crosshits,SCORE_BELOW_THRESHOLD,BENIGN,True,False,11955396227.2768,Healthcare,
CRM,crosshits,SCORE_BELOW_THRESHOLD,BENIGN,True,False,182514823762.7392,Technology,
CROX,crosshits,SCORE_BELOW_THRESHOLD,BENIGN,True,False,4969948898.3552,Consumer Cyclical,
CRS,crosshits,SCORE_BELOW_THRESHOLD,BENIGN,True,False,20331168286.515198,Industrials,
CRUS,crosshits,SCORE_BELOW_THRESHOLD,BENIGN,True,False,4726039085.6192,Technology,
CRWD,crosshits,SCORE_BELOW_THRESHOLD,BENIGN,True,False,203675072906.8544,Technology,
CSCO,crosshits,SCORE_BELOW_THRESHOLD,BENIGN,True,False,374999674398.31036,Technology,
CSGP,crosshits,SCORE_BELOW_THRESHOLD,BENIGN,True,False,11189724955.0336,Real Estate,
CSL,crosshits,SCORE_BELOW_THRESHOLD,BENIGN,True,False,11852286873.292799,Industrials,
CSX,crosshits,SCORE_BELOW_THRESHOLD,BENIGN,True,False,80571835102.0032,Industrials,
CTAS,crosshits,SCORE_BELOW_THRESHOLD,BENIGN,True,False,69534010281.1648,Industrials,
CTEC.L,crosshits,SCORE_BELOW_THRESHOLD,BENIGN,True,False,5155578159.513599,Healthcare,
CTSH,crosshits,SCORE_BELOW_THRESHOLD,BENIGN,True,False,25049131714.559998,Technology,
CVLT,crosshits,SCORE_BELOW_THRESHOLD,BENIGN,True,False,4907802002.4832,Technology,
CVX,crosshits,SCORE_BELOW_THRESHOLD,BENIGN,True,False,348198631564.9024,Energy,
CW,crosshits,SCORE_BELOW_THRESHOLD,BENIGN,True,False,18526931385.9584,Industrials,
CXT,crosshits,SCORE_BELOW_THRESHOLD,BENIGN,False,False,2423779420.1344,Industrials,
D,crosshits,SCORE_BELOW_THRESHOLD,BENIGN,True,False,49993322646.3232,Utilities,
DAL,crosshits,SCORE_BELOW_THRESHOLD,BENIGN,True,False,44169777580.032,Industrials,
DAR,crosshits,SCORE_BELOW_THRESHOLD,BENIGN,True,False,9005037596.4672,Consumer Defensive,
DASH,crosshits,SCORE_BELOW_THRESHOLD,BENIGN,True,False,86465180796.5184,Consumer Cyclical,
DB1.DE,crosshits,SCORE_BELOW_THRESHOLD,BENIGN,True,False,51922845696.0,Financial Services,
DBX,crosshits,SCORE_BELOW_THRESHOLD,BENIGN,True,False,6588969884.8256,Technology,
DD,crosshits,SCORE_BELOW_THRESHOLD,BENIGN,True,False,15650865101.4144,Basic Materials,
DDOG,crosshits,SCORE_BELOW_THRESHOLD,BENIGN,True,False,73292641846.0672,Technology,
DECK,crosshits,SCORE_BELOW_THRESHOLD,BENIGN,True,False,10211540926.2592,Consumer Cyclical,
DEMANT.CO,crosshits,SCORE_BELOW_THRESHOLD,BENIGN,True,False,8135261263.13472,Healthcare,
DG,crosshits,SCORE_BELOW_THRESHOLD,BENIGN,True,False,24079091680.256,Consumer Defensive,
DG.PA,crosshits,SCORE_BELOW_THRESHOLD,BENIGN,True,False,62612307968.0,Industrials,
DGX,crosshits,SCORE_BELOW_THRESHOLD,BENIGN,True,False,22838712648.9088,Healthcare,
DHI,crosshits,SCORE_BELOW_THRESHOLD,BENIGN,True,False,34817385745.6128,Consumer Cyclical,
DHL.DE,crosshits,SCORE_BELOW_THRESHOLD,BENIGN,True,False,62315401216.0,Industrials,
DHR,crosshits,SCORE_BELOW_THRESHOLD,BENIGN,True,False,129276688941.056,Healthcare,
DIA.MC,crosshits,SCORE_BELOW_THRESHOLD,BENIGN,False,False,2191869184.0,Consumer Defensive,
DIS,crosshits,SCORE_BELOW_THRESHOLD,BENIGN,True,False,159910720936.34558,Communication Services,
DKS,crosshits,SCORE_BELOW_THRESHOLD,BENIGN,True,False,10412243303.6288,Consumer Cyclical,
DLB,crosshits,SCORE_BELOW_THRESHOLD,BENIGN,True,False,4965318742.9888,Industrials,
DLTR,crosshits,SCORE_BELOW_THRESHOLD,BENIGN,True,False,20452950807.552,Consumer Defensive,
DOCN,crosshits,SCORE_BELOW_THRESHOLD,BENIGN,True,False,11207114270.208,Technology,
DOCS,crosshits,SCORE_BELOW_THRESHOLD,BENIGN,True,False,4099654279.2191997,Healthcare,
DOCU,crosshits,SCORE_BELOW_THRESHOLD,BENIGN,True,False,10896272215.3472,Technology,
DOV,crosshits,SCORE_BELOW_THRESHOLD,BENIGN,True,False,22525463371.776,Industrials,
DPLM.L,crosshits,SCORE_BELOW_THRESHOLD,BENIGN,True,False,11462756763.852798,Industrials,
DPZ,crosshits,SCORE_BELOW_THRESHOLD,BENIGN,True,False,9744154473.5744,Consumer Cyclical,
DRI,crosshits,SCORE_BELOW_THRESHOLD,BENIGN,True,False,20948373022.9248,Consumer Cyclical,
DSFIR.AS,crosshits,SCORE_BELOW_THRESHOLD,BENIGN,True,False,23562797056.0,Basic Materials,
DT,crosshits,SCORE_BELOW_THRESHOLD,BENIGN,True,False,13642919000.064,Technology,
DTE.DE,crosshits,SCORE_BELOW_THRESHOLD,BENIGN,True,False,135730479104.0,Communication Services,
DTG.DE,crosshits,SCORE_BELOW_THRESHOLD,BENIGN,True,False,35570372608.0,Industrials,
DTM,crosshits,SCORE_BELOW_THRESHOLD,BENIGN,True,False,11509501067.0592,Energy,
DUK,crosshits,SCORE_BELOW_THRESHOLD,BENIGN,True,False,80507762428.3136,Utilities,
DUOL,crosshits,SCORE_BELOW_THRESHOLD,BENIGN,True,False,5952400676.5056,Technology,
DVA,crosshits,SCORE_BELOW_THRESHOLD,BENIGN,True,False,9669669020.4672,Healthcare,
DVN,crosshits,SCORE_BELOW_THRESHOLD,BENIGN,True,False,45949153958.7072,Energy,
DXCM,crosshits,SCORE_BELOW_THRESHOLD,BENIGN,True,False,29589523261.44,Healthcare,
DY,crosshits,SCORE_BELOW_THRESHOLD,BENIGN,True,False,7563189050.9824,Industrials,
EA,crosshits,SCORE_BELOW_THRESHOLD,BENIGN,True,False,45574269210.2144,Communication Services,
EBAY,crosshits,SCORE_BELOW_THRESHOLD,BENIGN,True,False,39683103242.24,Consumer Cyclical,
ECL,crosshits,SCORE_BELOW_THRESHOLD,BENIGN,True,False,68361924057.4976,Basic Materials,
ED,crosshits,SCORE_BELOW_THRESHOLD,BENIGN,True,False,34081526995.3536,Utilities,
EDEN.PA,crosshits,SCORE_BELOW_THRESHOLD,BENIGN,True,False,6914668032.0,Financial Services,
EDP.LS,crosshits,SCORE_BELOW_THRESHOLD,BENIGN,True,False,19338485760.0,Utilities,
EDPR.LS,crosshits,SCORE_BELOW_THRESHOLD,BENIGN,True,False,14475487232.0,Utilities,
EFX,crosshits,SCORE_BELOW_THRESHOLD,BENIGN,True,False,19136607600.8448,Industrials,
EHC,crosshits,SCORE_BELOW_THRESHOLD,BENIGN,True,False,10211890987.52,Healthcare,
EIX,crosshits,SCORE_BELOW_THRESHOLD,BENIGN,True,False,17886991184.6912,Utilities,
EL,crosshits,SCORE_BELOW_THRESHOLD,BENIGN,True,False,31871026807.1936,Consumer Defensive,
EL.PA,crosshits,SCORE_BELOW_THRESHOLD,BENIGN,True,False,73625231360.0,Healthcare,
ELAN,crosshits,SCORE_BELOW_THRESHOLD,BENIGN,True,False,10287418688.512,Healthcare,
ELF,crosshits,SCORE_BELOW_THRESHOLD,BENIGN,True,False,5541025348.1984,Consumer Defensive,
ELISA.HE,crosshits,SCORE_BELOW_THRESHOLD,BENIGN,True,False,5645799424.0,Communication Services,
EME,crosshits,SCORE_BELOW_THRESHOLD,BENIGN,True,False,27900057075.5072,Industrials,
EMR,crosshits,SCORE_BELOW_THRESHOLD,BENIGN,True,False,73220224135.168,Industrials,
EN.PA,crosshits,SCORE_BELOW_THRESHOLD,BENIGN,True,False,17075974144.0,Industrials,
ENEL.MI,crosshits,SCORE_BELOW_THRESHOLD,BENIGN,True,False,93462568960.0,Utilities,
ENG.MC,crosshits,SCORE_BELOW_THRESHOLD,BENIGN,True,False,4386021888.0,Utilities,
ENI.MI,crosshits,SCORE_BELOW_THRESHOLD,BENIGN,True,False,67150192640.0,Energy,
ENS,crosshits,SCORE_BELOW_THRESHOLD,BENIGN,True,False,5709912712.0896,Industrials,
ENSG,crosshits,SCORE_BELOW_THRESHOLD,BENIGN,True,False,8645212536.32,Healthcare,
ENT.L,crosshits,SCORE_BELOW_THRESHOLD,BENIGN,True,False,3829810950.6047997,Consumer Cyclical,
ENTG,crosshits,SCORE_BELOW_THRESHOLD,BENIGN,True,False,17800927256.9856,Technology,
EOG,crosshits,SCORE_BELOW_THRESHOLD,BENIGN,True,False,65474385992.0896,Energy,
EPAM,crosshits,SCORE_BELOW_THRESHOLD,BENIGN,True,False,5234190921.6256,Technology,
EPI-A.ST,crosshits,SCORE_BELOW_THRESHOLD,BENIGN,True,False,28602199136.010242,Industrials,
EQT,crosshits,SCORE_BELOW_THRESHOLD,BENIGN,True,False,29183074802.8928,Energy,
ES,crosshits,SCORE_BELOW_THRESHOLD,BENIGN,True,False,22750232681.2672,Utilities,
ESAB,crosshits,SCORE_BELOW_THRESHOLD,BENIGN,True,False,4033228171.008,Industrials,
ETN,crosshits,SCORE_BELOW_THRESHOLD,BENIGN,True,False,134409260693.91359,Industrials,
ETR,crosshits,SCORE_BELOW_THRESHOLD,BENIGN,True,False,42717099179.6224,Utilities,
EVD.DE,crosshits,SCORE_BELOW_THRESHOLD,BENIGN,True,False,5615491072.0,Communication Services,
EVK.DE,crosshits,SCORE_BELOW_THRESHOLD,BENIGN,True,False,8858659840.0,Basic Materials,
EVRG,crosshits,SCORE_BELOW_THRESHOLD,BENIGN,True,False,16085822831.2064,Utilities,
EW,crosshits,SCORE_BELOW_THRESHOLD,BENIGN,True,False,45042676937.1136,Healthcare,
EXC,crosshits,SCORE_BELOW_THRESHOLD,BENIGN,True,False,38786272745.0624,Utilities,
EXE,crosshits,SCORE_BELOW_THRESHOLD,BENIGN,True,False,19567992413.184,Energy,
EXEL,crosshits,SCORE_BELOW_THRESHOLD,BENIGN,True,False,11658253295.2064,Healthcare,
EXLS,crosshits,SCORE_BELOW_THRESHOLD,BENIGN,True,False,4971478322.176,Technology,
EXP,crosshits,SCORE_BELOW_THRESHOLD,BENIGN,True,False,5131284814.7968,Basic Materials,
EXPD,crosshits,SCORE_BELOW_THRESHOLD,BENIGN,True,False,21228457302.2208,Industrials,
EXPE,crosshits,SCORE_BELOW_THRESHOLD,BENIGN,True,False,32774671595.110397,Consumer Cyclical,
EXPN.L,crosshits,SCORE_BELOW_THRESHOLD,BENIGN,True,False,31376699295.334396,Industrials,
EXPO,crosshits,SCORE_BELOW_THRESHOLD,BENIGN,False,False,2907286767.0271997,Industrials,
EZJ.L,crosshits,SCORE_BELOW_THRESHOLD,BENIGN,True,False,5875696695.500799,Industrials,
FANG,crosshits,SCORE_BELOW_THRESHOLD,BENIGN,True,False,48340744275.968,Energy,
FCFS,crosshits,SCORE_BELOW_THRESHOLD,BENIGN,True,False,8009909544.5504,Financial Services,
FCN,crosshits,SCORE_BELOW_THRESHOLD,BENIGN,True,False,3580002004.9407997,Industrials,
FCX,crosshits,SCORE_BELOW_THRESHOLD,BENIGN,True,False,93656648876.8512,Basic Materials,
FDS,crosshits,SCORE_BELOW_THRESHOLD,BENIGN,True,False,9602622148.7104,Financial Services,
FDX,crosshits,SCORE_BELOW_THRESHOLD,BENIGN,True,False,66723108297.1136,Industrials,
FE,crosshits,SCORE_BELOW_THRESHOLD,BENIGN,True,False,22850517737.472,Utilities,
FFIV,crosshits,SCORE_BELOW_THRESHOLD,BENIGN,True,False,19852337387.7248,Technology,
FHI,crosshits,SCORE_BELOW_THRESHOLD,BENIGN,True,False,4092056539.0336,Financial Services,
FIS,crosshits,SCORE_BELOW_THRESHOLD,BENIGN,True,False,18104912696.32,Technology,
FIVE,crosshits,SCORE_BELOW_THRESHOLD,BENIGN,True,False,11753244225.9456,Consumer Cyclical,
FIX,crosshits,SCORE_BELOW_THRESHOLD,BENIGN,True,False,46841307566.8992,Industrials,
FLS,crosshits,SCORE_BELOW_THRESHOLD,BENIGN,True,False,8656939147.6736,Industrials,
FLTR.L,crosshits,SCORE_BELOW_THRESHOLD,BENIGN,True,False,15351563328.102398,Consumer Cyclical,
FME.DE,crosshits,SCORE_BELOW_THRESHOLD,BENIGN,True,False,10498027520.0,Healthcare,
FND,crosshits,SCORE_BELOW_THRESHOLD,BENIGN,True,False,4609684277.657599,Consumer Cyclical,
FNTN.DE,crosshits,SCORE_BELOW_THRESHOLD,BENIGN,False,False,2874007552.0,Communication Services,
FORTUM.HE,crosshits,SCORE_BELOW_THRESHOLD,BENIGN,True,False,18591318016.0,Utilities,
FOUR,crosshits,SCORE_BELOW_THRESHOLD,BENIGN,False,False,2874725338.2911997,Technology,
FOX,crosshits,SCORE_BELOW_THRESHOLD,BENIGN,True,False,21801970513.5104,Communication Services,
FOXA,crosshits,SCORE_BELOW_THRESHOLD,BENIGN,True,False,24383306378.8544,Communication Services,
FR.PA,crosshits,SCORE_BELOW_THRESHOLD,BENIGN,True,False,3475701760.0,Consumer Cyclical,
FRA.DE,crosshits,SCORE_BELOW_THRESHOLD,BENIGN,True,False,5857892352.0,Industrials,
FSLR,crosshits,SCORE_BELOW_THRESHOLD,BENIGN,True,False,18684277309.44,Technology,
FTI,crosshits,SCORE_BELOW_THRESHOLD,BENIGN,True,False,26390688149.708797,Energy,
FTNT,crosshits,SCORE_BELOW_THRESHOLD,BENIGN,True,False,107993712022.3232,Technology,
FTV,crosshits,SCORE_BELOW_THRESHOLD,BENIGN,True,False,15302336350.6176,Technology,
G,crosshits,SCORE_BELOW_THRESHOLD,BENIGN,True,False,5495494017.484799,Technology,
GALP.LS,crosshits,SCORE_BELOW_THRESHOLD,BENIGN,True,False,15472184320.0,Energy,
GAP,crosshits,SCORE_BELOW_THRESHOLD,BENIGN,True,False,6748300223.5904,Consumer Cyclical,
GATX,crosshits,SCORE_BELOW_THRESHOLD,BENIGN,True,False,5318078649.856,Industrials,
GAW.L,crosshits,SCORE_BELOW_THRESHOLD,BENIGN,True,False,7098495870.771199,Consumer Cyclical,
GD,crosshits,SCORE_BELOW_THRESHOLD,BENIGN,True,False,86515935270.5024,Industrials,
GDDY,crosshits,SCORE_BELOW_THRESHOLD,BENIGN,True,False,10674433897.3696,Technology,
GE,crosshits,SCORE_BELOW_THRESHOLD,BENIGN,True,False,299938441940.1728,Industrials,
GEBN.SW,crosshits,SCORE_BELOW_THRESHOLD,BENIGN,True,False,19624227995.648003,Industrials,
GEF,crosshits,SCORE_BELOW_THRESHOLD,BENIGN,True,False,4050773999.7184,Consumer Cyclical,
GEHC,crosshits,SCORE_BELOW_THRESHOLD,BENIGN,True,False,27704698202.5216,Healthcare,
GEN,crosshits,SCORE_BELOW_THRESHOLD,BENIGN,True,False,15978741119.590399,Technology,
GET.PA,crosshits,SCORE_BELOW_THRESHOLD,BENIGN,True,False,10226561024.0,Industrials,
GEV,crosshits,SCORE_BELOW_THRESHOLD,BENIGN,True,False,206068737138.688,Industrials,
GF.SW,crosshits,SCORE_BELOW_THRESHOLD,BENIGN,True,False,4890027781.120001,Industrials,
GGG,crosshits,SCORE_BELOW_THRESHOLD,BENIGN,True,False,10798266525.2864,Industrials,
GHC,crosshits,SCORE_BELOW_THRESHOLD,BENIGN,True,False,4116719104.3584,Industrials,
GILD,crosshits,SCORE_BELOW_THRESHOLD,BENIGN,True,False,156250938911.9488,Healthcare,
GIS,crosshits,SCORE_BELOW_THRESHOLD,BENIGN,True,False,18967222038.9376,Consumer Defensive,
GIVN.SW,crosshits,SCORE_BELOW_THRESHOLD,BENIGN,True,False,32224082996.428802,Basic Materials,
GLW,crosshits,SCORE_BELOW_THRESHOLD,BENIGN,True,False,110319212184.3712,Technology,
GM,crosshits,SCORE_BELOW_THRESHOLD,BENIGN,True,False,67228021846.016,Consumer Cyclical,
GME,crosshits,SCORE_BELOW_THRESHOLD,BENIGN,True,False,7101444580.608,Consumer Cyclical,
GMED,crosshits,SCORE_BELOW_THRESHOLD,BENIGN,True,False,9407425520.7424,Healthcare,
GNRC,crosshits,SCORE_BELOW_THRESHOLD,BENIGN,True,False,9419227964.0064,Industrials,
GNTX,crosshits,SCORE_BELOW_THRESHOLD,BENIGN,True,False,4058352341.0432,Consumer Cyclical,
GPC,crosshits,SCORE_BELOW_THRESHOLD,BENIGN,True,False,16105526783.1808,Consumer Cyclical,
GPN,crosshits,SCORE_BELOW_THRESHOLD,BENIGN,True,False,20746917617.0496,Industrials,
GRF.MC,crosshits,SCORE_BELOW_THRESHOLD,BENIGN,True,False,6691467264.0,Healthcare,
GRG.L,crosshits,SCORE_BELOW_THRESHOLD,BENIGN,False,False,2204404903.8592,Consumer Cyclical,
GRMN,crosshits,SCORE_BELOW_THRESHOLD,BENIGN,True,False,47180815847.423996,Technology,
GSK.L,crosshits,SCORE_BELOW_THRESHOLD,BENIGN,True,False,86583359666.58559,Healthcare,
GTLS,crosshits,SCORE_BELOW_THRESHOLD,BENIGN,True,False,8652090314.24,Industrials,
GWRE,crosshits,SCORE_BELOW_THRESHOLD,BENIGN,True,False,14678948668.211199,Technology,
GWW,crosshits,SCORE_BELOW_THRESHOLD,BENIGN,True,False,53111111081.164795,Industrials,
GXO,crosshits,SCORE_BELOW_THRESHOLD,BENIGN,True,False,4713570908.7232,Industrials,
H,crosshits,SCORE_BELOW_THRESHOLD,BENIGN,True,False,13549157251.6864,Consumer Cyclical,
HAE,crosshits,SCORE_BELOW_THRESHOLD,BENIGN,True,False,4038026302.8736,Healthcare,
HAL,crosshits,SCORE_BELOW_THRESHOLD,BENIGN,True,False,26436504731.8528,Energy,
HALO,crosshits,SCORE_BELOW_THRESHOLD,BENIGN,True,False,10407600803.532799,Healthcare,
HAS,crosshits,SCORE_BELOW_THRESHOLD,BENIGN,True,False,11428763890.176,Consumer Cyclical,
HCA,crosshits,SCORE_BELOW_THRESHOLD,BENIGN,True,False,77265683728.7936,Healthcare,
HD,crosshits,SCORE_BELOW_THRESHOLD,BENIGN,True,False,281642198279.7824,Consumer Cyclical,
HEI.DE,crosshits,SCORE_BELOW_THRESHOLD,BENIGN,True,False,28963362816.0,Basic Materials,
HGV,crosshits,SCORE_BELOW_THRESHOLD,BENIGN,False,False,2838427424.4351997,Consumer Cyclical,
HII,crosshits,SCORE_BELOW_THRESHOLD,BENIGN,True,False,9880795640.2176,Industrials,
HIK.L,crosshits,SCORE_BELOW_THRESHOLD,BENIGN,True,False,3901378386.8415995,Healthcare,
HIMS,crosshits,SCORE_BELOW_THRESHOLD,BENIGN,True,False,5942804853.657599,Healthcare,
HLI,crosshits,SCORE_BELOW_THRESHOLD,BENIGN,True,False,8021293148.7744,Financial Services,
HLN.L,crosshits,SCORE_BELOW_THRESHOLD,BENIGN,True,False,37766282897.8176,Healthcare,
HLNE,crosshits,SCORE_BELOW_THRESHOLD,BENIGN,True,False,5171162700.2368,Financial Services,
HLT,crosshits,SCORE_BELOW_THRESHOLD,BENIGN,True,False,61296139432.755196,Consumer Cyclical,
HM-B.ST,crosshits,SCORE_BELOW_THRESHOLD,BENIGN,True,False,25065459567.8208,Consumer Cyclical,
HOLN.SW,crosshits,SCORE_BELOW_THRESHOLD,BENIGN,True,False,41793108338.278404,Basic Materials,
HON,crosshits,SCORE_BELOW_THRESHOLD,BENIGN,True,False,58275973119.5904,Industrials,
HOOD,crosshits,SCORE_BELOW_THRESHOLD,BENIGN,True,False,81143875763.4048,Financial Services,
HPE,crosshits,SCORE_BELOW_THRESHOLD,BENIGN,True,False,59567792639.1808,Technology,
HQY,crosshits,SCORE_BELOW_THRESHOLD,BENIGN,True,False,6876171782.502399,Healthcare,
HRB,crosshits,SCORE_BELOW_THRESHOLD,BENIGN,True,False,5482352611.9424,Consumer Cyclical,
HSIC,crosshits,SCORE_BELOW_THRESHOLD,BENIGN,True,False,8617802827.776,Healthcare,
HSY,crosshits,SCORE_BELOW_THRESHOLD,BENIGN,True,False,30487341336.9856,Consumer Defensive,
HUBB,crosshits,SCORE_BELOW_THRESHOLD,BENIGN,True,False,20608840052.9408,Industrials,
HWDN.L,crosshits,SCORE_BELOW_THRESHOLD,BENIGN,True,False,5053713854.8736,Consumer Cyclical,
HWM,crosshits,SCORE_BELOW_THRESHOLD,BENIGN,True,False,84117763448.832,Industrials,
HXL,crosshits,SCORE_BELOW_THRESHOLD,BENIGN,True,False,6034610844.16,Industrials,
IAG.L,crosshits,SCORE_BELOW_THRESHOLD,BENIGN,True,False,22374197161.1648,Industrials,
IBE.MC,crosshits,SCORE_BELOW_THRESHOLD,BENIGN,True,False,133996683264.0,Utilities,
IBKR,crosshits,SCORE_BELOW_THRESHOLD,BENIGN,True,False,142739568877.568,Financial Services,
IBM,crosshits,SCORE_BELOW_THRESHOLD,BENIGN,True,False,189732159342.1824,Technology,
ICE,crosshits,SCORE_BELOW_THRESHOLD,BENIGN,True,False,77685080045.1584,Financial Services,
IDA,crosshits,SCORE_BELOW_THRESHOLD,BENIGN,True,False,6781828068.300799,Utilities,
IDCC,crosshits,SCORE_BELOW_THRESHOLD,BENIGN,True,False,7444886861.9264,Technology,
IDXX,crosshits,SCORE_BELOW_THRESHOLD,BENIGN,True,False,37764972102.8608,Healthcare,
IEX,crosshits,SCORE_BELOW_THRESHOLD,BENIGN,True,False,14514113020.928,Industrials,
IFF,crosshits,SCORE_BELOW_THRESHOLD,BENIGN,True,False,18967534184.2432,Basic Materials,
IFX.DE,crosshits,SCORE_BELOW_THRESHOLD,BENIGN,True,False,73148833792.0,Technology,
IGG.L,crosshits,SCORE_BELOW_THRESHOLD,BENIGN,True,False,5381875145.8303995,Financial Services,
IHG.L,crosshits,SCORE_BELOW_THRESHOLD,BENIGN,True,False,20622232321.024,Consumer Cyclical,
ILMN,crosshits,SCORE_BELOW_THRESHOLD,BENIGN,True,False,27777475674.112,Healthcare,
IMB.L,crosshits,SCORE_BELOW_THRESHOLD,BENIGN,True,False,22311776912.5888,Consumer Defensive,
IMI.L,crosshits,SCORE_BELOW_THRESHOLD,BENIGN,True,False,8593942679.347198,Industrials,
INCY,crosshits,SCORE_BELOW_THRESHOLD,BENIGN,True,False,21507192478.9248,Healthcare,
INDT.ST,crosshits,SCORE_BELOW_THRESHOLD,BENIGN,True,False,8215270981.14048,Industrials,
INDV,crosshits,SCORE_BELOW_THRESHOLD,BENIGN,True,False,3550144512.8704,Healthcare,
INF.L,crosshits,SCORE_BELOW_THRESHOLD,BENIGN,True,False,13132825023.897598,Communication Services,
INGR,crosshits,SCORE_BELOW_THRESHOLD,BENIGN,True,False,5618332453.7856,Consumer Defensive,
INPST.AS,crosshits,SCORE_BELOW_THRESHOLD,BENIGN,True,False,7783760896.0,Industrials,
INTC,crosshits,SCORE_BELOW_THRESHOLD,BENIGN,True,False,407437447741.44,Technology,
INTU,crosshits,SCORE_BELOW_THRESHOLD,BENIGN,True,False,84630492975.104,Technology,
IP,crosshits,SCORE_BELOW_THRESHOLD,BENIGN,True,False,17296558639.7184,Consumer Cyclical,
IPGP,crosshits,SCORE_BELOW_THRESHOLD,BENIGN,False,False,2786543628.1344,Technology,
IPN.PA,crosshits,SCORE_BELOW_THRESHOLD,BENIGN,True,False,13467660288.0,Healthcare,
IQV,crosshits,SCORE_BELOW_THRESHOLD,BENIGN,True,False,37020302742.732796,Healthcare,
IR,crosshits,SCORE_BELOW_THRESHOLD,BENIGN,True,False,25742891409.8176,Industrials,
ISRG,crosshits,SCORE_BELOW_THRESHOLD,BENIGN,True,False,116266289196.2368,Healthcare,
IT,crosshits,SCORE_BELOW_THRESHOLD,BENIGN,True,False,10772742915.072,Technology,
ITW,crosshits,SCORE_BELOW_THRESHOLD,BENIGN,True,False,67532090171.392,Industrials,
IVZ,crosshits,SCORE_BELOW_THRESHOLD,BENIGN,True,False,12462150904.4224,Financial Services,
J,crosshits,SCORE_BELOW_THRESHOLD,BENIGN,True,False,15021548421.7344,Industrials,
JAZZ,crosshits,SCORE_BELOW_THRESHOLD,BENIGN,True,False,14012495514.8288,Healthcare,
JBHT,crosshits,SCORE_BELOW_THRESHOLD,BENIGN,True,False,21468599327.1296,Industrials,
JCI,crosshits,SCORE_BELOW_THRESHOLD,BENIGN,True,False,72106532009.5744,Industrials,
JD.L,crosshits,SCORE_BELOW_THRESHOLD,BENIGN,True,False,4820349659.2383995,Consumer Cyclical,
JKHY,crosshits,SCORE_BELOW_THRESHOLD,BENIGN,True,False,10137393189.683199,Technology,
JNJ,crosshits,SCORE_BELOW_THRESHOLD,BENIGN,True,False,551682269459.2512,Healthcare,
KBR,crosshits,SCORE_BELOW_THRESHOLD,BENIGN,True,False,4070885327.7696,Industrials,
KDP,crosshits,SCORE_BELOW_THRESHOLD,BENIGN,True,False,37333781279.1296,Consumer Defensive,
KEX,crosshits,SCORE_BELOW_THRESHOLD,BENIGN,True,False,6449818329.2416,Industrials,
KEYS,crosshits,SCORE_BELOW_THRESHOLD,BENIGN,True,False,47322448693.6576,Technology,
KGF.L,crosshits,SCORE_BELOW_THRESHOLD,BENIGN,True,False,6019168329.216,Consumer Cyclical,
KKR,crosshits,SCORE_BELOW_THRESHOLD,BENIGN,True,False,87260731604.992,Financial Services,
KLAC,crosshits,SCORE_BELOW_THRESHOLD,BENIGN,True,False,197393086908.0064,Technology,
KMB,crosshits,SCORE_BELOW_THRESHOLD,BENIGN,True,False,30915132069.478397,Consumer Defensive,
KMI,crosshits,SCORE_BELOW_THRESHOLD,BENIGN,True,False,61820183785.472,Energy,
KNEBV.HE,crosshits,SCORE_BELOW_THRESHOLD,BENIGN,True,False,27355011072.0,Industrials,
KNF,crosshits,SCORE_BELOW_THRESHOLD,BENIGN,True,False,3064712049.4848,Basic Materials,
KNIN.SW,crosshits,SCORE_BELOW_THRESHOLD,BENIGN,True,False,27258391970.611202,Industrials,
KO,crosshits,SCORE_BELOW_THRESHOLD,BENIGN,True,False,328515686793.216,Consumer Defensive,
KPN.AS,crosshits,SCORE_BELOW_THRESHOLD,BENIGN,True,False,15586406400.0,Communication Services,
KR,crosshits,SCORE_BELOW_THRESHOLD,BENIGN,True,False,30355259784.3968,Consumer Defensive,
KTOS,crosshits,SCORE_BELOW_THRESHOLD,BENIGN,True,False,8240755988.0704,Industrials,
KVUE,crosshits,SCORE_BELOW_THRESHOLD,BENIGN,True,False,31227104548.864,Consumer Defensive,
LDO.MI,crosshits,SCORE_BELOW_THRESHOLD,BENIGN,True,False,29836537856.0,Industrials,
LDOS,crosshits,SCORE_BELOW_THRESHOLD,BENIGN,True,False,15151280948.6336,Technology,
LECO,crosshits,SCORE_BELOW_THRESHOLD,BENIGN,True,False,13199504248.729599,Industrials,
LEG.DE,crosshits,SCORE_BELOW_THRESHOLD,BENIGN,True,False,3779407872.0,Real Estate,
LEN,crosshits,SCORE_BELOW_THRESHOLD,BENIGN,True,False,17447340694.1184,Consumer Cyclical,
LFUS,crosshits,SCORE_BELOW_THRESHOLD,BENIGN,True,False,9014731736.268799,Technology,
LHA.DE,crosshits,SCORE_BELOW_THRESHOLD,BENIGN,True,False,9448346624.0,Industrials,
LHX,crosshits,SCORE_BELOW_THRESHOLD,BENIGN,True,False,42693030483.968,Industrials,
LII,crosshits,SCORE_BELOW_THRESHOLD,BENIGN,True,False,11387442553.1392,Industrials,
LIN,crosshits,SCORE_BELOW_THRESHOLD,BENIGN,True,False,194338789181.0304,Basic Materials,
LISN.SW,crosshits,SCORE_BELOW_THRESHOLD,BENIGN,True,False,104205505403.28961,Consumer Defensive,
LITE,crosshits,SCORE_BELOW_THRESHOLD,BENIGN,True,False,70656675261.64479,Technology,
LIVN,crosshits,SCORE_BELOW_THRESHOLD,BENIGN,True,False,3775273583.0527997,Healthcare,
LLY,crosshits,SCORE_BELOW_THRESHOLD,BENIGN,True,False,888228097045.2992,Healthcare,
LNT,crosshits,SCORE_BELOW_THRESHOLD,BENIGN,True,False,15177899712.716799,Utilities,
LNTH,crosshits,SCORE_BELOW_THRESHOLD,BENIGN,True,False,5674561374.464,Healthcare,
LOGN.SW,crosshits,SCORE_BELOW_THRESHOLD,BENIGN,True,False,12092232790.016,Technology,
LONN.SW,crosshits,SCORE_BELOW_THRESHOLD,BENIGN,True,False,42833494153.6256,Healthcare,
LOPE,crosshits,SCORE_BELOW_THRESHOLD,BENIGN,True,False,3324719169.1776,Consumer Defensive,
LOW,crosshits,SCORE_BELOW_THRESHOLD,BENIGN,True,False,98895399412.5312,Consumer Cyclical,
LPP.WA,crosshits,SCORE_BELOW_THRESHOLD,BENIGN,True,False,8937436074.76224,Consumer Cyclical,
LRCX,crosshits,SCORE_BELOW_THRESHOLD,BENIGN,True,False,324859220210.4832,Technology,
LSCC,crosshits,SCORE_BELOW_THRESHOLD,BENIGN,True,False,14106342794.5472,Technology,
LSEG.L,crosshits,SCORE_BELOW_THRESHOLD,BENIGN,True,False,50824398276.198395,Financial Services,
LSG.OL,crosshits,SCORE_BELOW_THRESHOLD,BENIGN,False,False,2489601023.75424,Consumer Defensive,
LSTR,crosshits,SCORE_BELOW_THRESHOLD,BENIGN,True,False,5278565815.7056,Industrials,
LULU,crosshits,SCORE_BELOW_THRESHOLD,BENIGN,True,False,11759176750.2848,Consumer Cyclical,
LUV,crosshits,SCORE_BELOW_THRESHOLD,BENIGN,True,False,16231039176.0896,Industrials,
LVS,crosshits,SCORE_BELOW_THRESHOLD,BENIGN,True,False,24434392397.0048,Consumer Cyclical,
LYV,crosshits,SCORE_BELOW_THRESHOLD,BENIGN,True,False,36086191162.1632,Communication Services,
M,crosshits,SCORE_BELOW_THRESHOLD,BENIGN,True,False,4973983420.5184,Consumer Cyclical,
MA,crosshits,SCORE_BELOW_THRESHOLD,BENIGN,True,False,444535462320.5376,Financial Services,
MANH,crosshits,SCORE_BELOW_THRESHOLD,BENIGN,True,False,11205569415.475199,Technology,
MAR,crosshits,SCORE_BELOW_THRESHOLD,BENIGN,True,False,76740792880.3328,Consumer Cyclical,
MAT,crosshits,SCORE_BELOW_THRESHOLD,BENIGN,True,False,3677943105.6128,Consumer Cyclical,
MC.PA,crosshits,SCORE_BELOW_THRESHOLD,BENIGN,True,False,223461130240.0,Consumer Cyclical,
MCD,crosshits,SCORE_BELOW_THRESHOLD,BENIGN,True,False,160588143263.744,Consumer Cyclical,
MCHP,crosshits,SCORE_BELOW_THRESHOLD,BENIGN,True,False,34344102921.0112,Technology,
MCO,crosshits,SCORE_BELOW_THRESHOLD,BENIGN,True,False,75255023550.464,Financial Services,
MDLZ,crosshits,SCORE_BELOW_THRESHOLD,BENIGN,True,False,68216721820.8768,Consumer Defensive,
MDT,crosshits,SCORE_BELOW_THRESHOLD,BENIGN,True,False,99913656197.12,Healthcare,
MEL.MC,crosshits,SCORE_BELOW_THRESHOLD,BENIGN,False,False,2207516160.0,Consumer Cyclical,
MELE.BR,crosshits,SCORE_BELOW_THRESHOLD,BENIGN,False,False,2598895616.0,Technology,
METSO.HE,crosshits,SCORE_BELOW_THRESHOLD,BENIGN,True,False,14748700672.0,Industrials,
MGM,crosshits,SCORE_BELOW_THRESHOLD,BENIGN,True,False,9112166041.7024,Consumer Cyclical,
MIDD,crosshits,SCORE_BELOW_THRESHOLD,BENIGN,True,False,4316216107.0592,Industrials,
MKC,crosshits,SCORE_BELOW_THRESHOLD,BENIGN,True,False,12552367951.872,Consumer Defensive,
MKS.L,crosshits,SCORE_BELOW_THRESHOLD,BENIGN,True,False,9524470116.761599,Consumer Cyclical,
MKSI,crosshits,SCORE_BELOW_THRESHOLD,BENIGN,True,False,14919697348.4032,Technology,
MLI,crosshits,SCORE_BELOW_THRESHOLD,BENIGN,True,False,11886564660.326399,Industrials,
MLM,crosshits,SCORE_BELOW_THRESHOLD,BENIGN,True,False,31720992490.700798,Basic Materials,
MMM,crosshits,SCORE_BELOW_THRESHOLD,BENIGN,True,False,76307739765.9648,Industrials,
MNDI.L,crosshits,SCORE_BELOW_THRESHOLD,BENIGN,True,False,4473336903.8848,Basic Materials,
MO,crosshits,SCORE_BELOW_THRESHOLD,BENIGN,True,False,98461676155.6992,Consumer Defensive,
MOG-A,crosshits,SCORE_BELOW_THRESHOLD,BENIGN,True,False,10131563832.0128,Industrials,
MONC.MI,crosshits,SCORE_BELOW_THRESHOLD,BENIGN,True,False,12813435904.0,Consumer Cyclical,
MORN,crosshits,SCORE_BELOW_THRESHOLD,BENIGN,True,False,7072404926.8736,Financial Services,
MP,crosshits,SCORE_BELOW_THRESHOLD,BENIGN,True,False,8396639061.094399,Basic Materials,
MRK,crosshits,SCORE_BELOW_THRESHOLD,BENIGN,True,False,313913381260.4928,Healthcare,
MRSH,crosshits,SCORE_BELOW_THRESHOLD,BENIGN,True,False,77993874638.4384,Financial Services,
MSA,crosshits,SCORE_BELOW_THRESHOLD,BENIGN,True,False,6204455365.4784,Industrials,
MSCI,crosshits,SCORE_BELOW_THRESHOLD,BENIGN,True,False,35723189097.676796,Financial Services,
MSFT,crosshits,SCORE_BELOW_THRESHOLD,BENIGN,True,False,3243682075325.2354,Technology,
MSI,crosshits,SCORE_BELOW_THRESHOLD,BENIGN,True,False,69158504769.1264,Technology,
MTD,crosshits,SCORE_BELOW_THRESHOLD,BENIGN,True,False,24243556985.6512,Healthcare,
MTDR,crosshits,SCORE_BELOW_THRESHOLD,BENIGN,True,False,6181821303.7568,Energy,
MTN,crosshits,SCORE_BELOW_THRESHOLD,BENIGN,True,False,4200950721.4848,Consumer Cyclical,
MTSI,crosshits,SCORE_BELOW_THRESHOLD,BENIGN,True,False,17350252922.88,Technology,
MTX.DE,crosshits,SCORE_BELOW_THRESHOLD,BENIGN,True,False,18967844864.0,Industrials,
MTZ,crosshits,SCORE_BELOW_THRESHOLD,BENIGN,True,False,16580927610.6752,Industrials,
MUR,crosshits,SCORE_BELOW_THRESHOLD,BENIGN,True,False,4495622944.1024,Energy,
MZTI,crosshits,SCORE_BELOW_THRESHOLD,BENIGN,False,False,2647306541.2096,Consumer Defensive,
NBIX,crosshits,SCORE_BELOW_THRESHOLD,BENIGN,True,False,13482262925.5168,Healthcare,
NCLH,crosshits,SCORE_BELOW_THRESHOLD,BENIGN,True,False,6381863238.0928,Consumer Cyclical,
NDAQ,crosshits,SCORE_BELOW_THRESHOLD,BENIGN,True,False,47464483625.3696,Financial Services,
NDSN,crosshits,SCORE_BELOW_THRESHOLD,BENIGN,True,False,15430568111.104,Industrials,
NEE,crosshits,SCORE_BELOW_THRESHOLD,BENIGN,True,False,147902050146.7136,Utilities,
NEM.DE,crosshits,SCORE_BELOW_THRESHOLD,BENIGN,True,False,8113238528.0,Technology,
NEU,crosshits,SCORE_BELOW_THRESHOLD,BENIGN,True,False,7108909174.0672,Basic Materials,
NEXI.MI,crosshits,SCORE_BELOW_THRESHOLD,BENIGN,True,False,5172295168.0,Technology,
NFG,crosshits,SCORE_BELOW_THRESHOLD,BENIGN,True,False,6797907078.6048,Energy,
NFLX,crosshits,SCORE_BELOW_THRESHOLD,BENIGN,True,False,290610341006.5408,Communication Services,
NG.L,crosshits,SCORE_BELOW_THRESHOLD,BENIGN,True,False,68588381807.411194,Utilities,
NHY.OL,crosshits,SCORE_BELOW_THRESHOLD,BENIGN,True,False,17001637392.87552,Basic Materials,
NI,crosshits,SCORE_BELOW_THRESHOLD,BENIGN,True,False,16897880306.688,Utilities,
NIBE-B.ST,crosshits,SCORE_BELOW_THRESHOLD,BENIGN,True,False,7699931925.381121,Industrials,
NJR,crosshits,SCORE_BELOW_THRESHOLD,BENIGN,True,False,4660531777.996799,Utilities,
NKE,crosshits,SCORE_BELOW_THRESHOLD,BENIGN,True,False,49896839766.8352,Consumer Cyclical,
NOC,crosshits,SCORE_BELOW_THRESHOLD,BENIGN,True,False,66021758356.6848,Industrials,
NOKIA.HE,crosshits,SCORE_BELOW_THRESHOLD,BENIGN,True,False,48864968704.0,Technology,
NOV,crosshits,SCORE_BELOW_THRESHOLD,BENIGN,True,False,6535249148.672,Energy,
NOVN.SW,crosshits,SCORE_BELOW_THRESHOLD,BENIGN,True,False,249182466303.59042,Healthcare,
NOVO-B.CO,crosshits,SCORE_BELOW_THRESHOLD,BENIGN,True,False,172742473201.7459,Healthcare,
NOVT,crosshits,SCORE_BELOW_THRESHOLD,BENIGN,True,False,4761636876.9536,Technology,
NOW,crosshits,SCORE_BELOW_THRESHOLD,BENIGN,True,False,131749373550.592,Technology,
NSC,crosshits,SCORE_BELOW_THRESHOLD,BENIGN,True,False,66299105633.075195,Industrials,
NTAP,crosshits,SCORE_BELOW_THRESHOLD,BENIGN,True,False,31309807183.0528,Technology,
NTGY.MC,crosshits,SCORE_BELOW_THRESHOLD,BENIGN,True,False,27291553792.0,Utilities,
NTNX,crosshits,SCORE_BELOW_THRESHOLD,BENIGN,True,False,15961243347.1488,Technology,
NVST,crosshits,SCORE_BELOW_THRESHOLD,BENIGN,True,False,3753676478.6176,Healthcare,
NVT,crosshits,SCORE_BELOW_THRESHOLD,BENIGN,True,False,21010911423.0784,Industrials,
NWE,crosshits,SCORE_BELOW_THRESHOLD,BENIGN,True,False,3663614181.1712,Utilities,
NWS,crosshits,SCORE_BELOW_THRESHOLD,BENIGN,True,False,15911968477.184,Communication Services,
NWSA,crosshits,SCORE_BELOW_THRESHOLD,BENIGN,True,False,14201004826.419199,Communication Services,
NXPI,crosshits,SCORE_BELOW_THRESHOLD,BENIGN,True,False,48778008706.6624,Technology,
NXST,crosshits,SCORE_BELOW_THRESHOLD,BENIGN,True,False,4831732015.1552,Communication Services,
NXT.L,crosshits,SCORE_BELOW_THRESHOLD,BENIGN,True,False,20734081544.601597,Consumer Cyclical,
NYT,crosshits,SCORE_BELOW_THRESHOLD,BENIGN,True,False,9342544267.264,Communication Services,
OC,crosshits,SCORE_BELOW_THRESHOLD,BENIGN,True,False,9403707111.8336,Industrials,
OCDO.L,crosshits,SCORE_BELOW_THRESHOLD,BENIGN,False,False,2336684749.4143996,Consumer Defensive,
ODFL,crosshits,SCORE_BELOW_THRESHOLD,BENIGN,True,False,35809136632.2176,Industrials,
OGE,crosshits,SCORE_BELOW_THRESHOLD,BENIGN,True,False,8116990374.4,Utilities,
OKTA,crosshits,SCORE_BELOW_THRESHOLD,BENIGN,True,False,26049146515.8656,Technology,
OLED,crosshits,SCORE_BELOW_THRESHOLD,BENIGN,True,False,3292038481.536,Technology,
OLLI,crosshits,SCORE_BELOW_THRESHOLD,BENIGN,True,False,3926088262.8096,Consumer Defensive,
OMV.VI,crosshits,SCORE_BELOW_THRESHOLD,BENIGN,True,False,22340902912.0,Energy,
ON,crosshits,SCORE_BELOW_THRESHOLD,BENIGN,True,False,24838098562.048,Technology,
ONTO,crosshits,SCORE_BELOW_THRESHOLD,BENIGN,True,False,14064167907.6352,Technology,
OPCH,crosshits,SCORE_BELOW_THRESHOLD,BENIGN,True,False,3024582860.6208,Healthcare,
OR.PA,crosshits,SCORE_BELOW_THRESHOLD,BENIGN,True,False,204910395392.0,Consumer Defensive,
ORA.PA,crosshits,SCORE_BELOW_THRESHOLD,BENIGN,True,False,40943013888.0,Communication Services,
ORCL,crosshits,SCORE_BELOW_THRESHOLD,BENIGN,True,False,369873296172.64636,Technology,
ORK.OL,crosshits,SCORE_BELOW_THRESHOLD,BENIGN,True,False,8457278382.73536,Consumer Defensive,
ORLY,crosshits,SCORE_BELOW_THRESHOLD,BENIGN,True,False,61857739979.9808,Consumer Cyclical,
ORSTED.CO,crosshits,SCORE_BELOW_THRESHOLD,BENIGN,True,False,24005119064.4736,Utilities,
OSK,crosshits,SCORE_BELOW_THRESHOLD,BENIGN,True,False,8193119440.076799,Industrials,
OTIS,crosshits,SCORE_BELOW_THRESHOLD,BENIGN,True,False,23316012801.228798,Industrials,
OVV,crosshits,SCORE_BELOW_THRESHOLD,BENIGN,True,False,15636534633.8816,Energy,
OXY,crosshits,SCORE_BELOW_THRESHOLD,BENIGN,True,False,51802206455.808,Energy,
PANW,crosshits,SCORE_BELOW_THRESHOLD,BENIGN,True,False,268177498377.4208,Technology,
PATH,crosshits,SCORE_BELOW_THRESHOLD,BENIGN,True,False,8329683011.2768,Technology,
PAYX,crosshits,SCORE_BELOW_THRESHOLD,BENIGN,True,False,39001504869.171196,Technology,
PCAR,crosshits,SCORE_BELOW_THRESHOLD,BENIGN,True,False,56262276137.7792,Industrials,
PCG,crosshits,SCORE_BELOW_THRESHOLD,BENIGN,True,False,25166001033.216,Utilities,
PCTY,crosshits,SCORE_BELOW_THRESHOLD,BENIGN,True,False,7638595068.2112,Technology,
PEG,crosshits,SCORE_BELOW_THRESHOLD,BENIGN,True,False,31472464867.328,Utilities,
PEGA,crosshits,SCORE_BELOW_THRESHOLD,BENIGN,True,False,5211158742.3744,Technology,
PEN,crosshits,SCORE_BELOW_THRESHOLD,BENIGN,True,False,10958981678.1824,Healthcare,
PEP,crosshits,SCORE_BELOW_THRESHOLD,BENIGN,True,False,165076686946.304,Consumer Defensive,
PFE,crosshits,SCORE_BELOW_THRESHOLD,BENIGN,True,False,139681363161.9072,Healthcare,
PG,crosshits,SCORE_BELOW_THRESHOLD,BENIGN,True,False,290247702229.8112,Consumer Defensive,
PGHN.SW,crosshits,SCORE_BELOW_THRESHOLD,BENIGN,True,False,20095532197.4784,Financial Services,
PH,crosshits,SCORE_BELOW_THRESHOLD,BENIGN,True,False,106307908694.01599,Industrials,
PHM,crosshits,SCORE_BELOW_THRESHOLD,BENIGN,True,False,20719991998.2592,Consumer Cyclical,
PINS,crosshits,SCORE_BELOW_THRESHOLD,BENIGN,True,False,10586927399.8336,Communication Services,
PIRC.MI,crosshits,SCORE_BELOW_THRESHOLD,BENIGN,True,False,7219889152.0,Consumer Cyclical,
PKG,crosshits,SCORE_BELOW_THRESHOLD,BENIGN,True,False,17948471465.1648,Consumer Cyclical,
PLNT,crosshits,SCORE_BELOW_THRESHOLD,BENIGN,True,False,3370190319.3343997,Consumer Cyclical,
PM,crosshits,SCORE_BELOW_THRESHOLD,BENIGN,True,False,251379439317.8112,Consumer Defensive,
PNDORA.CO,crosshits,SCORE_BELOW_THRESHOLD,BENIGN,True,False,8500174465.8432,Consumer Cyclical,
PNN.L,crosshits,SCORE_BELOW_THRESHOLD,BENIGN,False,False,2635147759.1039996,Utilities,
PNR,crosshits,SCORE_BELOW_THRESHOLD,BENIGN,True,False,8309112282.9312,Industrials,
PNW,crosshits,SCORE_BELOW_THRESHOLD,BENIGN,True,False,10189996727.808,Utilities,
PODD,crosshits,SCORE_BELOW_THRESHOLD,BENIGN,True,False,8878109086.72,Healthcare,
POOL,crosshits,SCORE_BELOW_THRESHOLD,BENIGN,True,False,5836773766.7072,Industrials,
POR,crosshits,SCORE_BELOW_THRESHOLD,BENIGN,True,False,4948151192.064,Utilities,
POST,crosshits,SCORE_BELOW_THRESHOLD,BENIGN,True,False,3253313946.5471997,Consumer Defensive,
PPG,crosshits,SCORE_BELOW_THRESHOLD,BENIGN,True,False,21471865389.8752,Basic Materials,
PPL,crosshits,SCORE_BELOW_THRESHOLD,BENIGN,True,False,22116798152.4992,Utilities,
PR,crosshits,SCORE_BELOW_THRESHOLD,BENIGN,True,False,16797223145.062399,Energy,
PROX.BR,crosshits,SCORE_BELOW_THRESHOLD,BENIGN,False,False,2051479168.0,Communication Services,
PRY.MI,crosshits,SCORE_BELOW_THRESHOLD,BENIGN,True,False,35128360960.0,Industrials,
PSKY,crosshits,SCORE_BELOW_THRESHOLD,BENIGN,True,False,10540232578.3552,Communication Services,
PSN,crosshits,SCORE_BELOW_THRESHOLD,BENIGN,True,False,4473426679.3984,Technology,
PSN.L,crosshits,SCORE_BELOW_THRESHOLD,BENIGN,True,False,4413125008.9472,Consumer Cyclical,
PSON.L,crosshits,SCORE_BELOW_THRESHOLD,BENIGN,True,False,8654898255.359999,Communication Services,
PST.MI,crosshits,SCORE_BELOW_THRESHOLD,BENIGN,True,False,35899875328.0,Industrials,
PTC,crosshits,SCORE_BELOW_THRESHOLD,BENIGN,True,False,14551527251.0464,Technology,
PWR,crosshits,SCORE_BELOW_THRESHOLD,BENIGN,True,False,78594294069.6576,Industrials,
PYPL,crosshits,SCORE_BELOW_THRESHOLD,BENIGN,True,False,38795005759.488,Financial Services,
Q,crosshits,SCORE_BELOW_THRESHOLD,BENIGN,True,False,21515251823.8208,Technology,
QCOM,crosshits,SCORE_BELOW_THRESHOLD,BENIGN,True,False,156791623960.16638,Technology,
QIA.DE,crosshits,SCORE_BELOW_THRESHOLD,BENIGN,True,False,7688841728.0,Healthcare,
QLYS,crosshits,SCORE_BELOW_THRESHOLD,BENIGN,True,False,5545064720.076799,Technology,
R,crosshits,SCORE_BELOW_THRESHOLD,BENIGN,True,False,8072188705.3824,Industrials,
RACE.MI,crosshits,SCORE_BELOW_THRESHOLD,BENIGN,True,False,64066281472.0,Consumer Cyclical,
RBA,crosshits,SCORE_BELOW_THRESHOLD,BENIGN,True,False,13488456452.7104,Industrials,
RBC,crosshits,SCORE_BELOW_THRESHOLD,BENIGN,True,False,13474405505.1264,Industrials,
RCL,crosshits,SCORE_BELOW_THRESHOLD,BENIGN,True,False,61891620972.1344,Consumer Cyclical,
REC.MI,crosshits,SCORE_BELOW_THRESHOLD,BENIGN,True,False,10762928128.0,Healthcare,
RED.MC,crosshits,SCORE_BELOW_THRESHOLD,BENIGN,True,False,8245025280.0,Utilities,
REGN,crosshits,SCORE_BELOW_THRESHOLD,BENIGN,True,False,70842071937.8432,Healthcare,
REL.L,crosshits,SCORE_BELOW_THRESHOLD,BENIGN,True,False,54271830271.59039,Industrials,
REP.MC,crosshits,SCORE_BELOW_THRESHOLD,BENIGN,True,False,29601333248.0,Energy,
RH,crosshits,SCORE_BELOW_THRESHOLD,BENIGN,False,False,2430752428.8256,Consumer Cyclical,
RHM.DE,crosshits,SCORE_BELOW_THRESHOLD,BENIGN,True,False,51838885888.0,Industrials,
RI.PA,crosshits,SCORE_BELOW_THRESHOLD,BENIGN,True,False,16242329600.0,Consumer Defensive,
RKT.L,crosshits,SCORE_BELOW_THRESHOLD,BENIGN,True,False,37986219037.491196,Consumer Defensive,
RL,crosshits,SCORE_BELOW_THRESHOLD,BENIGN,True,False,17798144402.2272,Consumer Cyclical,
RMBS,crosshits,SCORE_BELOW_THRESHOLD,BENIGN,True,False,8096523694.4896,Technology,
RMD,crosshits,SCORE_BELOW_THRESHOLD,BENIGN,True,False,29824178935.808,Healthcare,
RMS.PA,crosshits,SCORE_BELOW_THRESHOLD,BENIGN,True,False,165596610560.0,Consumer Cyclical,
RMV.L,crosshits,SCORE_BELOW_THRESHOLD,BENIGN,True,False,4363714253.1584,Communication Services,
RNO.PA,crosshits,SCORE_BELOW_THRESHOLD,BENIGN,True,False,8600177664.0,Consumer Cyclical,
ROK,crosshits,SCORE_BELOW_THRESHOLD,BENIGN,True,False,40668032783.974396,Industrials,
ROL,crosshits,SCORE_BELOW_THRESHOLD,BENIGN,True,False,14944316266.291199,Consumer Cyclical,
ROP,crosshits,SCORE_BELOW_THRESHOLD,BENIGN,True,False,36163846565.4784,Technology,
ROP.SW,crosshits,SCORE_BELOW_THRESHOLD,BENIGN,True,False,298976907087.05286,Healthcare,
ROST,crosshits,SCORE_BELOW_THRESHOLD,BENIGN,True,False,63128365362.3808,Consumer Cyclical,
RPM,crosshits,SCORE_BELOW_THRESHOLD,BENIGN,True,False,11441983332.0448,Basic Materials,
RR.L,crosshits,SCORE_BELOW_THRESHOLD,BENIGN,True,False,147195854790.65598,Industrials,
RRC,crosshits,SCORE_BELOW_THRESHOLD,BENIGN,True,False,8314469895.5776,Energy,
RRX,crosshits,SCORE_BELOW_THRESHOLD,BENIGN,True,False,9082838491.2384,Industrials,
RSG,crosshits,SCORE_BELOW_THRESHOLD,BENIGN,True,False,58252186589.184,Industrials,
RTX,crosshits,SCORE_BELOW_THRESHOLD,BENIGN,True,False,241081987891.19998,Industrials,
RVTY,crosshits,SCORE_BELOW_THRESHOLD,BENIGN,True,False,12363520041.984,Healthcare,
SAF.PA,crosshits,SCORE_BELOW_THRESHOLD,BENIGN,True,False,139644895232.0,Industrials,
SALM.OL,crosshits,SCORE_BELOW_THRESHOLD,BENIGN,True,False,7105177677.25056,Consumer Defensive,
SAN.PA,crosshits,SCORE_BELOW_THRESHOLD,BENIGN,True,False,92023660544.0,Healthcare,
SAND.ST,crosshits,SCORE_BELOW_THRESHOLD,BENIGN,True,False,43078491602.28864,Industrials,
SAP.DE,crosshits,SCORE_BELOW_THRESHOLD,BENIGN,True,False,220337586176.0,Technology,
SARO,crosshits,SCORE_BELOW_THRESHOLD,BENIGN,True,False,6978540893.5936,Industrials,
SBUX,crosshits,SCORE_BELOW_THRESHOLD,BENIGN,True,False,104300740310.6304,Consumer Cyclical,
SCI,crosshits,SCORE_BELOW_THRESHOLD,BENIGN,True,False,9581325726.6176,Consumer Cyclical,
SCMN.SW,crosshits,SCORE_BELOW_THRESHOLD,BENIGN,True,False,34517987950.592,Communication Services,
SCT.L,crosshits,SCORE_BELOW_THRESHOLD,BENIGN,True,False,4771660790.5792,Technology,
SDR.L,crosshits,SCORE_BELOW_THRESHOLD,BENIGN,True,False,10619923386.7776,Financial Services,
SDZ.SW,crosshits,SCORE_BELOW_THRESHOLD,BENIGN,True,False,31257587872.5632,Healthcare,
SEIC,crosshits,SCORE_BELOW_THRESHOLD,BENIGN,True,False,11469618772.787199,Financial Services,
SFM,crosshits,SCORE_BELOW_THRESHOLD,BENIGN,True,False,6587445310.72,Consumer Defensive,
SGE.L,crosshits,SCORE_BELOW_THRESHOLD,BENIGN,True,False,11430098088.5504,Technology,
SGI,crosshits,SCORE_BELOW_THRESHOLD,BENIGN,True,False,11729185229.7216,Consumer Cyclical,
SGSN.SW,crosshits,SCORE_BELOW_THRESHOLD,BENIGN,True,False,19495094634.9056,Industrials,
SHC,crosshits,SCORE_BELOW_THRESHOLD,BENIGN,True,False,4644414410.8544,Healthcare,
SHEL.L,crosshits,SCORE_BELOW_THRESHOLD,BENIGN,True,False,214710751625.21597,Energy,
SHW,crosshits,SCORE_BELOW_THRESHOLD,BENIGN,True,False,70824514205.28639,Basic Materials,
SIE.DE,crosshits,SCORE_BELOW_THRESHOLD,BENIGN,True,False,222843453440.0,Industrials,
SIGN.SW,crosshits,SCORE_BELOW_THRESHOLD,BENIGN,True,False,5559532294.348801,Consumer Cyclical,
SIKA.SW,crosshits,SCORE_BELOW_THRESHOLD,BENIGN,True,False,32772024666.521603,Basic Materials,
SIX2.DE,crosshits,SCORE_BELOW_THRESHOLD,BENIGN,True,False,3433906944.0,Industrials,
SJM,crosshits,SCORE_BELOW_THRESHOLD,BENIGN,True,False,12064811092.787199,Consumer Defensive,
SKF-B.ST,crosshits,SCORE_BELOW_THRESHOLD,BENIGN,True,False,11309336264.048641,Industrials,
SLAB,crosshits,SCORE_BELOW_THRESHOLD,BENIGN,True,False,6293770365.9008,Technology,
SLB,crosshits,SCORE_BELOW_THRESHOLD,BENIGN,True,False,76807539069.7472,Energy,
SLGN,crosshits,SCORE_BELOW_THRESHOLD,BENIGN,True,False,3780255563.2128,Consumer Cyclical,
SMG,crosshits,SCORE_BELOW_THRESHOLD,BENIGN,False,False,2997981731.8656,Basic Materials,
SMIN.L,crosshits,SCORE_BELOW_THRESHOLD,BENIGN,True,False,8809687216.3328,Industrials,
SN.L,crosshits,SCORE_BELOW_THRESHOLD,BENIGN,True,False,10371319550.771198,Healthcare,
SNA,crosshits,SCORE_BELOW_THRESHOLD,BENIGN,True,False,17207106965.503998,Industrials,
SNPS,crosshits,SCORE_BELOW_THRESHOLD,BENIGN,True,False,72540396349.0304,Technology,
SO,crosshits,SCORE_BELOW_THRESHOLD,BENIGN,True,False,87170826702.84799,Utilities,
SOLS,crosshits,SCORE_BELOW_THRESHOLD,BENIGN,True,False,8670704402.944,Basic Materials,
SOLV,crosshits,SCORE_BELOW_THRESHOLD,BENIGN,True,False,13347543127.8592,Healthcare,
SON,crosshits,SCORE_BELOW_THRESHOLD,BENIGN,True,False,4695540549.375999,Consumer Cyclical,
SPGI,crosshits,SCORE_BELOW_THRESHOLD,BENIGN,True,False,110638975951.66719,Financial Services,
SPSN.SW,crosshits,SCORE_BELOW_THRESHOLD,BENIGN,True,False,10658540559.974401,Real Estate,
SPX.L,crosshits,SCORE_BELOW_THRESHOLD,BENIGN,True,False,6118920113.868799,Industrials,
SPXC,crosshits,SCORE_BELOW_THRESHOLD,BENIGN,True,False,8485618108.5184,Industrials,
SR,crosshits,SCORE_BELOW_THRESHOLD,BENIGN,True,False,4165822470.7584,Utilities,
SRE,crosshits,SCORE_BELOW_THRESHOLD,BENIGN,True,False,46003111008.256,Utilities,
SRG.MI,crosshits,SCORE_BELOW_THRESHOLD,BENIGN,True,False,19450167296.0,Utilities,
SRT3.DE,crosshits,SCORE_BELOW_THRESHOLD,BENIGN,True,False,17207830528.0,Healthcare,
SSD,crosshits,SCORE_BELOW_THRESHOLD,BENIGN,True,False,6444655146.0864,Basic Materials,
ST,crosshits,SCORE_BELOW_THRESHOLD,BENIGN,True,False,5141917594.9312,Technology,
STE,crosshits,SCORE_BELOW_THRESHOLD,BENIGN,True,False,19531836463.7184,Healthcare,
STMN.SW,crosshits,SCORE_BELOW_THRESHOLD,BENIGN,True,False,15924676905.369602,Healthcare,
STMPA.PA,crosshits,SCORE_BELOW_THRESHOLD,BENIGN,True,False,38366289920.0,Technology,
STRL,crosshits,SCORE_BELOW_THRESHOLD,BENIGN,True,False,12381537174.8352,Industrials,
STX,crosshits,SCORE_BELOW_THRESHOLD,BENIGN,True,False,161669612118.016,Technology,
STZ,crosshits,SCORE_BELOW_THRESHOLD,BENIGN,True,False,19211540109.5168,Consumer Defensive,
SU.PA,crosshits,SCORE_BELOW_THRESHOLD,BENIGN,True,False,165589958656.0,Industrials,
SVT.L,crosshits,SCORE_BELOW_THRESHOLD,BENIGN,True,False,11081507212.6976,Utilities,
SW,crosshits,SCORE_BELOW_THRESHOLD,BENIGN,True,False,21183168016.384,Consumer Cyclical,
SWEC-B.ST,crosshits,SCORE_BELOW_THRESHOLD,BENIGN,True,False,4150340296.45824,Industrials,
SWK,crosshits,SCORE_BELOW_THRESHOLD,BENIGN,True,False,12531996502.7328,Industrials,
SY1.DE,crosshits,SCORE_BELOW_THRESHOLD,BENIGN,True,False,12648011776.0,Basic Materials,
SYK,crosshits,SCORE_BELOW_THRESHOLD,BENIGN,True,False,106949439601.86879,Healthcare,
SYNA,crosshits,SCORE_BELOW_THRESHOLD,BENIGN,True,False,3257048447.6928,Technology,
T,crosshits,SCORE_BELOW_THRESHOLD,BENIGN,True,False,152766254532.1984,Communication Services,
TAP,crosshits,SCORE_BELOW_THRESHOLD,BENIGN,True,False,6383685849.2416,Consumer Defensive,
TATE.L,crosshits,SCORE_BELOW_THRESHOLD,BENIGN,False,False,2859298489.6,Consumer Defensive,
TDY,crosshits,SCORE_BELOW_THRESHOLD,BENIGN,True,False,24467045970.329597,Technology,
TECH,crosshits,SCORE_BELOW_THRESHOLD,BENIGN,True,False,9764465962.5984,Healthcare,
TEL,crosshits,SCORE_BELOW_THRESHOLD,BENIGN,True,False,51168791325.900795,Technology,
TEL.OL,crosshits,SCORE_BELOW_THRESHOLD,BENIGN,True,False,17170781209.55904,Communication Services,
TEL2-B.ST,crosshits,SCORE_BELOW_THRESHOLD,BENIGN,True,False,10571288169.18528,Communication Services,
TELIA.ST,crosshits,SCORE_BELOW_THRESHOLD,BENIGN,True,False,15330498365.030401,Communication Services,
TEMN.SW,crosshits,SCORE_BELOW_THRESHOLD,BENIGN,True,False,5327373566.361601,Technology,
TEN.MI,crosshits,SCORE_BELOW_THRESHOLD,BENIGN,True,False,24160679936.0,Energy,
TEP.PA,crosshits,SCORE_BELOW_THRESHOLD,BENIGN,True,False,4162082816.0,Industrials,
TEVA,crosshits,SCORE_BELOW_THRESHOLD,BENIGN,True,False,36173884594.176,Healthcare,
TEX,crosshits,SCORE_BELOW_THRESHOLD,BENIGN,True,False,6250890947.6352,Industrials,
TGS.OL,crosshits,SCORE_BELOW_THRESHOLD,BENIGN,False,False,2463930050.27328,Energy,
TGT,crosshits,SCORE_BELOW_THRESHOLD,BENIGN,True,False,62935441928.192,Consumer Defensive,
THC,crosshits,SCORE_BELOW_THRESHOLD,BENIGN,True,False,18436846603.4688,Healthcare,
TIT.MI,crosshits,SCORE_BELOW_THRESHOLD,BENIGN,True,False,16716224512.0,Communication Services,
TJX,crosshits,SCORE_BELOW_THRESHOLD,BENIGN,True,False,126837892377.8048,Consumer Cyclical,
TKO,crosshits,SCORE_BELOW_THRESHOLD,BENIGN,True,False,29761806307.7376,Communication Services,
TKR,crosshits,SCORE_BELOW_THRESHOLD,BENIGN,True,False,7187433117.2864,Industrials,
TLN,crosshits,SCORE_BELOW_THRESHOLD,BENIGN,True,False,12202752864.8704,Utilities,
TMO,crosshits,SCORE_BELOW_THRESHOLD,BENIGN,True,False,196478095550.05438,Healthcare,
TMUS,crosshits,SCORE_BELOW_THRESHOLD,BENIGN,True,False,166668381110.272,Communication Services,
TNL,crosshits,SCORE_BELOW_THRESHOLD,BENIGN,True,False,3628465429.376,Consumer Cyclical,
TOL,crosshits,SCORE_BELOW_THRESHOLD,BENIGN,True,False,11382439410.5856,Consumer Cyclical,
TOM.OL,crosshits,SCORE_BELOW_THRESHOLD,BENIGN,False,False,2947679048.97024,Industrials,
TPR,crosshits,SCORE_BELOW_THRESHOLD,BENIGN,True,False,21185591110.4512,Consumer Cyclical,
TREL-B.ST,crosshits,SCORE_BELOW_THRESHOLD,BENIGN,True,False,8926905769.32864,Industrials,
TREX,crosshits,SCORE_BELOW_THRESHOLD,BENIGN,True,False,3998100802.048,Industrials,
TRGP,crosshits,SCORE_BELOW_THRESHOLD,BENIGN,True,False,54221459548.569595,Energy,
TRMB,crosshits,SCORE_BELOW_THRESHOLD,BENIGN,True,False,12035421818.6752,Technology,
TRN.MI,crosshits,SCORE_BELOW_THRESHOLD,BENIGN,True,False,19553849344.0,Utilities,
TROW,crosshits,SCORE_BELOW_THRESHOLD,BENIGN,True,False,20440609605.0176,Financial Services,
TSCO,crosshits,SCORE_BELOW_THRESHOLD,BENIGN,True,False,15658501198.4384,Consumer Cyclical,
TSLA,crosshits,SCORE_BELOW_THRESHOLD,BENIGN,True,False,1251381543187.2512,Consumer Cyclical,
TT,crosshits,SCORE_BELOW_THRESHOLD,BENIGN,True,False,84196896692.63359,Industrials,
TTD,crosshits,SCORE_BELOW_THRESHOLD,BENIGN,True,False,5551301894.7072,Communication Services,
TTE.PA,crosshits,SCORE_BELOW_THRESHOLD,BENIGN,True,False,167122780160.0,Energy,
TTEK,crosshits,SCORE_BELOW_THRESHOLD,BENIGN,True,False,7968142033.715199,Industrials,
TTWO,crosshits,SCORE_BELOW_THRESHOLD,BENIGN,True,False,35373646315.52,Communication Services,
TWLO,crosshits,SCORE_BELOW_THRESHOLD,BENIGN,True,False,31160562929.2544,Technology,
TXN,crosshits,SCORE_BELOW_THRESHOLD,BENIGN,True,False,205178999570.432,Technology,
TXNM,crosshits,SCORE_BELOW_THRESHOLD,BENIGN,True,False,5111908439.04,Utilities,
TXT,crosshits,SCORE_BELOW_THRESHOLD,BENIGN,True,False,11930768491.7248,Industrials,
TYL,crosshits,SCORE_BELOW_THRESHOLD,BENIGN,True,False,13125966694.5024,Technology,
UAL,crosshits,SCORE_BELOW_THRESHOLD,BENIGN,True,False,30181798698.1888,Industrials,
UBER,crosshits,SCORE_BELOW_THRESHOLD,BENIGN,True,False,133056899093.2992,Technology,
UHR.SW,crosshits,SCORE_BELOW_THRESHOLD,BENIGN,True,False,10363776123.699202,Consumer Cyclical,
UHS,crosshits,SCORE_BELOW_THRESHOLD,BENIGN,True,False,8644287563.3664,Healthcare,
ULS,crosshits,SCORE_BELOW_THRESHOLD,BENIGN,True,False,12955638524.3136,Industrials,
ULTA,crosshits,SCORE_BELOW_THRESHOLD,BENIGN,True,False,19775193408.9216,Consumer Cyclical,
ULVR.L,crosshits,SCORE_BELOW_THRESHOLD,BENIGN,True,False,119931903508.48,Consumer Defensive,
UMG.AS,crosshits,SCORE_BELOW_THRESHOLD,BENIGN,True,False,26934419456.0,Communication Services,
UNP,crosshits,SCORE_BELOW_THRESHOLD,BENIGN,True,False,153810280058.0608,Industrials,
UPS,crosshits,SCORE_BELOW_THRESHOLD,BENIGN,True,False,76359735767.04,Industrials,
URI,crosshits,SCORE_BELOW_THRESHOLD,BENIGN,True,False,55633693087.743996,Industrials,
UTHR,crosshits,SCORE_BELOW_THRESHOLD,BENIGN,True,False,18849954161.8688,Healthcare,
V,crosshits,SCORE_BELOW_THRESHOLD,BENIGN,True,False,609918637159.2192,Financial Services,
VACN.SW,crosshits,SCORE_BELOW_THRESHOLD,BENIGN,True,False,19104570938.1632,Industrials,
VALMT.HE,crosshits,SCORE_BELOW_THRESHOLD,BENIGN,True,False,5283828736.0,Industrials,
VC,crosshits,SCORE_BELOW_THRESHOLD,BENIGN,False,False,2340580351.4624,Consumer Cyclical,
VCT.PA,crosshits,SCORE_BELOW_THRESHOLD,BENIGN,False,False,2871968768.0,Basic Materials,
VEEV,crosshits,SCORE_BELOW_THRESHOLD,BENIGN,True,False,39830816749.568,Healthcare,
VICR,crosshits,SCORE_BELOW_THRESHOLD,BENIGN,True,False,7451366081.433599,Technology,
VLTO,crosshits,SCORE_BELOW_THRESHOLD,BENIGN,True,False,20692844174.336,Industrials,
VMC,crosshits,SCORE_BELOW_THRESHOLD,BENIGN,True,False,30079803015.168,Basic Materials,
VMI,crosshits,SCORE_BELOW_THRESHOLD,BENIGN,True,False,7807351930.6751995,Industrials,
VNA.DE,crosshits,SCORE_BELOW_THRESHOLD,BENIGN,True,False,16332386304.0,Real Estate,
VNOM,crosshits,SCORE_BELOW_THRESHOLD,BENIGN,True,False,20209394583.1424,Energy,
VOD.L,crosshits,SCORE_BELOW_THRESHOLD,BENIGN,True,False,31923353548.8,Communication Services,
VOLV-B.ST,crosshits,SCORE_BELOW_THRESHOLD,BENIGN,True,False,62893670836.469765,Industrials,
VPK.AS,crosshits,SCORE_BELOW_THRESHOLD,BENIGN,True,False,5467858944.0,Energy,
VRSK,crosshits,SCORE_BELOW_THRESHOLD,BENIGN,True,False,21718347315.2,Industrials,
VRSN,crosshits,SCORE_BELOW_THRESHOLD,BENIGN,True,False,22440706221.8752,Technology,
VRT,crosshits,SCORE_BELOW_THRESHOLD,BENIGN,True,False,85769121454.4896,Industrials,
VRTX,crosshits,SCORE_BELOW_THRESHOLD,BENIGN,True,False,118844334309.37599,Healthcare,
VST,crosshits,SCORE_BELOW_THRESHOLD,BENIGN,True,False,39702054165.7088,Utilities,
VTRS,crosshits,SCORE_BELOW_THRESHOLD,BENIGN,True,False,16329241500.0576,Healthcare,
VVV,crosshits,SCORE_BELOW_THRESHOLD,BENIGN,True,False,3520871631.9232,Consumer Cyclical,
VZ,crosshits,SCORE_BELOW_THRESHOLD,BENIGN,True,False,178955407917.056,Communication Services,
WAB,crosshits,SCORE_BELOW_THRESHOLD,BENIGN,True,False,41588268888.4736,Industrials,
WAT,crosshits,SCORE_BELOW_THRESHOLD,BENIGN,True,False,35056072855.9616,Healthcare,
WBD,crosshits,SCORE_BELOW_THRESHOLD,BENIGN,True,False,61593287655.423996,Communication Services,
WCC,crosshits,SCORE_BELOW_THRESHOLD,BENIGN,True,False,14284498405.0688,Industrials,
WDAY,crosshits,SCORE_BELOW_THRESHOLD,BENIGN,True,False,40975829217.6896,Technology,
WDC,crosshits,SCORE_BELOW_THRESHOLD,BENIGN,True,False,139878554345.472,Technology,
WEC,crosshits,SCORE_BELOW_THRESHOLD,BENIGN,True,False,29790121590.3744,Utilities,
WEIR.L,crosshits,SCORE_BELOW_THRESHOLD,BENIGN,True,False,8616537328.5376,Industrials,
WEX,crosshits,SCORE_BELOW_THRESHOLD,BENIGN,True,False,5593079986.7392,Technology,
WFRD,crosshits,SCORE_BELOW_THRESHOLD,BENIGN,True,False,6035178701.7216,Energy,
WH,crosshits,SCORE_BELOW_THRESHOLD,BENIGN,True,False,4707109765.4272,Consumer Cyclical,
WIE.VI,crosshits,SCORE_BELOW_THRESHOLD,BENIGN,False,False,2140356608.0,Basic Materials,
WIHL.ST,crosshits,SCORE_BELOW_THRESHOLD,BENIGN,False,False,2114844998.73792,Real Estate,
WING,crosshits,SCORE_BELOW_THRESHOLD,BENIGN,False,False,2568242736.512,Consumer Cyclical,
WKL.AS,crosshits,SCORE_BELOW_THRESHOLD,BENIGN,True,False,15776416768.0,Industrials,
WM,crosshits,SCORE_BELOW_THRESHOLD,BENIGN,True,False,75351114925.6704,Industrials,
WMB,crosshits,SCORE_BELOW_THRESHOLD,BENIGN,True,False,79047881759.94879,Energy,
WMG,crosshits,SCORE_BELOW_THRESHOLD,BENIGN,True,False,12707188496.383999,Communication Services,
WMS,crosshits,SCORE_BELOW_THRESHOLD,BENIGN,True,False,8813158173.696,Industrials,
WMT,crosshits,SCORE_BELOW_THRESHOLD,BENIGN,True,False,716445499031.552,Consumer Defensive,
WSM,crosshits,SCORE_BELOW_THRESHOLD,BENIGN,True,False,23149034461.5936,Consumer Cyclical,
WSO,crosshits,SCORE_BELOW_THRESHOLD,BENIGN,True,False,11005507200.512,Industrials,
WST,crosshits,SCORE_BELOW_THRESHOLD,BENIGN,True,False,20671457812.0704,Healthcare,
WTB.L,crosshits,SCORE_BELOW_THRESHOLD,BENIGN,True,False,4793094091.161599,Consumer Cyclical,
WTRG,crosshits,SCORE_BELOW_THRESHOLD,BENIGN,True,False,10055210797.6704,Utilities,
WTS,crosshits,SCORE_BELOW_THRESHOLD,BENIGN,True,False,10513902151.8848,Industrials,
WTW,crosshits,SCORE_BELOW_THRESHOLD,BENIGN,True,False,27074527972.9664,Financial Services,
WWD,crosshits,SCORE_BELOW_THRESHOLD,BENIGN,True,False,17277928679.2192,Industrials,
WYNN,crosshits,SCORE_BELOW_THRESHOLD,BENIGN,True,False,8093872222.9248,Consumer Cyclical,
XOM,crosshits,SCORE_BELOW_THRESHOLD,BENIGN,True,False,569886499032.2688,Energy,
XYL,crosshits,SCORE_BELOW_THRESHOLD,BENIGN,True,False,22138221548.953598,Industrials,
XYZ,crosshits,SCORE_BELOW_THRESHOLD,BENIGN,True,False,42432602541.260796,Technology,
YAR.OL,crosshits,SCORE_BELOW_THRESHOLD,BENIGN,True,False,10701350226.49344,Basic Materials,
YETI,crosshits,SCORE_BELOW_THRESHOLD,BENIGN,False,False,2580019388.1088,Consumer Cyclical,
YUM,crosshits,SCORE_BELOW_THRESHOLD,BENIGN,True,False,36027102232.1664,Consumer Cyclical,
ZAL.DE,crosshits,SCORE_BELOW_THRESHOLD,BENIGN,True,False,6020087808.0,Consumer Cyclical,
ZBH,crosshits,SCORE_BELOW_THRESHOLD,BENIGN,True,False,16430992052.0192,Healthcare,
ZBRA,crosshits,SCORE_BELOW_THRESHOLD,BENIGN,True,False,14403347289.292799,Technology,
ZTS,crosshits,SCORE_BELOW_THRESHOLD,BENIGN,True,False,27434249866.444798,Healthcare,
