ticker,stage,reason_code,severity_bucket,is_large_cap,sector_wide,market_cap_eur,gics_sector,detail
OCTV-SDB.ST,resolution,RESOLUTION_NO_SYMBOL_DATA,REVIEW,False,False,,Technology,NO_RAW_MC
A2A.MI,basis_gates,GATE_GROSS_MARGIN,BENIGN,True,False,6985777152.0,Utilities,
A5G.IR,basis_gates,FRAMEWORK_METRIK_NA,BENIGN,True,False,23715682304.0,Financial Services,
AA,basis_gates,GATE_GROSS_MARGIN,BENIGN,True,False,10126247757.824,Basic Materials,
AAK.ST,basis_gates,GATE_REVENUE_GROWTH,BENIGN,True,False,4216655512.8627195,Consumer Defensive,
ABDN.L,basis_gates,FRAMEWORK_METRIK_NA,BENIGN,True,False,5135222670.336,Financial Services,
ABF.L,basis_gates,GATE_GROSS_MARGIN,BENIGN,True,False,14881521659.904001,Consumer Defensive,
ABN.AS,basis_gates,FRAMEWORK_METRIK_NA,BENIGN,True,False,34414735360.0,Financial Services,
AC.PA,basis_gates,GATE_GROSS_MARGIN,BENIGN,True,False,9974446080.0,Consumer Cyclical,
ACA.PA,basis_gates,FRAMEWORK_METRIK_NA,BENIGN,True,False,51278622720.0,Financial Services,
ACGL,basis_gates,FRAMEWORK_METRIK_NA,BENIGN,True,False,28743343037.44,Financial Services,
ACM,basis_gates,GATE_GROSS_MARGIN,BENIGN,True,False,6889708272.639999,Industrials,
ACP.WA,basis_gates,GATE_GROSS_MARGIN,BENIGN,True,False,4093684500.54144,Technology,
ADC,basis_gates,FRAMEWORK_METRIK_NA,BENIGN,True,False,7330024030.976,Real Estate,
ADEN.SW,basis_gates,GATE_GROSS_MARGIN,BENIGN,True,False,4413387713.9968,Industrials,
ADM,basis_gates,GATE_GROSS_MARGIN,BENIGN,True,False,34852214845.439995,Consumer Defensive,
ADM.L,basis_gates,FRAMEWORK_METRIK_NA,BENIGN,True,False,12658404390.912,Financial Services,
AED.BR,basis_gates,FRAMEWORK_METRIK_NA,BENIGN,True,False,5112518144.0,Real Estate,
AFG,basis_gates,FRAMEWORK_METRIK_NA,BENIGN,True,False,10336675763.199999,Financial Services,
AFL,basis_gates,FRAMEWORK_METRIK_NA,BENIGN,True,False,50093882642.432,Financial Services,
AG1.DE,basis_gates,GATE_GROSS_MARGIN,BENIGN,True,False,3491009280.0,Consumer Cyclical,
AGCO,basis_gates,GATE_REVENUE_GROWTH,BENIGN,True,False,7309220956.9279995,Industrials,
AGN.AS,basis_gates,FRAMEWORK_METRIK_NA,BENIGN,True,False,11313048576.0,Financial Services,
AGNC,basis_gates,FRAMEWORK_METRIK_NA,BENIGN,True,False,9258065403.904,Real Estate,
AGS.BR,basis_gates,FRAMEWORK_METRIK_NA,BENIGN,True,False,15409616896.0,Financial Services,
AHR,basis_gates,FRAMEWORK_METRIK_NA,BENIGN,True,False,9931075157.504,Real Estate,
AIG,basis_gates,FRAMEWORK_METRIK_NA,BENIGN,True,False,35031869126.656,Financial Services,
AIZ,basis_gates,FRAMEWORK_METRIK_NA,BENIGN,True,False,11779696860.671999,Financial Services,
AKZA.AS,basis_gates,GATE_REVENUE_GROWTH,BENIGN,True,False,9896636416.0,Basic Materials,
ALL,basis_gates,FRAMEWORK_METRIK_NA,BENIGN,True,False,50431062605.824,Financial Services,
ALLY,basis_gates,FRAMEWORK_METRIK_NA,BENIGN,True,False,10256557271.552,Financial Services,
ALO.PA,basis_gates,GATE_GROSS_MARGIN,BENIGN,True,False,7115034624.0,Industrials,
ALPHA.AT,basis_gates,FRAMEWORK_METRIK_NA,BENIGN,True,False,9972594688.0,Financial Services,
ALSYDB.CO,basis_gates,FRAMEWORK_METRIK_NA,BENIGN,True,False,8156733420.99456,Financial Services,
ALV.DE,basis_gates,FRAMEWORK_METRIK_NA,BENIGN,True,False,158958878720.0,Financial Services,
AMG,basis_gates,FRAMEWORK_METRIK_NA,BENIGN,True,False,8640226520.064,Financial Services,
AMH,basis_gates,FRAMEWORK_METRIK_NA,BENIGN,True,False,11135938120.703999,Real Estate,
AMKR,basis_gates,GATE_GROSS_MARGIN,BENIGN,True,False,12202424308.223999,Technology,
AMP,basis_gates,FRAMEWORK_METRIK_NA,BENIGN,True,False,38759647078.4,Financial Services,
AMT,basis_gates,FRAMEWORK_METRIK_NA,BENIGN,True,False,67388821516.287994,Real Estate,
AN,basis_gates,GATE_GROSS_MARGIN,BENIGN,True,False,4652129883.648,Consumer Cyclical,
ARE,basis_gates,FRAMEWORK_METRIK_NA,BENIGN,True,False,7365482737.408,Real Estate,
ARMK,basis_gates,GATE_GROSS_MARGIN,BENIGN,True,False,12987300337.664,Industrials,
ARW,basis_gates,GATE_GROSS_MARGIN,BENIGN,True,False,10996784470.528,Technology,
ASB,basis_gates,FRAMEWORK_METRIK_NA,BENIGN,True,False,4872291186.176,Financial Services,
ASRNL.AS,basis_gates,FRAMEWORK_METRIK_NA,BENIGN,True,False,14572034048.0,Financial Services,
ATS.VI,basis_gates,GATE_GROSS_MARGIN,BENIGN,True,False,8741250048.0,Technology,
AV.L,basis_gates,FRAMEWORK_METRIK_NA,BENIGN,True,False,23930475614.208,Financial Services,
AVT,basis_gates,GATE_GROSS_MARGIN,BENIGN,True,False,7785081233.92,Technology,
AXP,basis_gates,FRAMEWORK_METRIK_NA,BENIGN,True,False,182231043375.104,Financial Services,
AZA.ST,basis_gates,FRAMEWORK_METRIK_NA,BENIGN,True,False,5464192081.428479,Financial Services,
BA,basis_gates,GATE_GROSS_MARGIN,BENIGN,True,False,136303201796.096,Industrials,
BAC,basis_gates,FRAMEWORK_METRIK_NA,BENIGN,True,False,337136640999.424,Financial Services,
BAER.SW,basis_gates,FRAMEWORK_METRIK_NA,BENIGN,True,False,16226047320.4736,Financial Services,
BAH,basis_gates,GATE_GROSS_MARGIN,BENIGN,True,False,7300494584.064,Industrials,
BAMI.MI,basis_gates,FRAMEWORK_METRIK_NA,BENIGN,True,False,22972465152.0,Financial Services,
BARC.L,basis_gates,FRAMEWORK_METRIK_NA,BENIGN,True,False,70620035825.664,Financial Services,
BARN.SW,basis_gates,GATE_GROSS_MARGIN,BENIGN,True,False,6157139997.184,Consumer Defensive,
BAS.DE,basis_gates,GATE_GROSS_MARGIN,BENIGN,True,False,43995181056.0,Basic Materials,
BBOX.L,basis_gates,FRAMEWORK_METRIK_NA,BENIGN,True,False,4867331837.184,,
BBVA.MC,basis_gates,FRAMEWORK_METRIK_NA,BENIGN,True,False,132329586688.0,Financial Services,
BBWI,basis_gates,GATE_REVENUE_GROWTH,BENIGN,True,False,3117156195.456,Consumer Cyclical,
BBY.L,basis_gates,GATE_GROSS_MARGIN,BENIGN,True,False,5064292823.04,Industrials,
BC,basis_gates,GATE_GROSS_MARGIN,BENIGN,True,False,3751383160.0639997,Consumer Cyclical,
BCO,basis_gates,GATE_GROSS_MARGIN,BENIGN,True,False,3788827187.072,Industrials,
BCP.LS,basis_gates,FRAMEWORK_METRIK_NA,BENIGN,True,False,16993248256.0,Financial Services,
BCVN.SW,basis_gates,FRAMEWORK_METRIK_NA,BENIGN,True,False,11736345403.5968,Financial Services,
BF-B,basis_gates,GATE_REVENUE_GROWTH,REVIEW,True,False,10617605813.76,Consumer Defensive,
BG,basis_gates,GATE_GROSS_MARGIN,BENIGN,True,False,18042023747.584,Consumer Defensive,
BG.VI,basis_gates,FRAMEWORK_METRIK_NA,BENIGN,True,False,13451642880.0,Financial Services,
BGEO.L,basis_gates,FRAMEWORK_METRIK_NA,BENIGN,True,False,6731011431.936,Financial Services,
BGN.MI,basis_gates,FRAMEWORK_METRIK_NA,BENIGN,True,False,7050309120.0,Financial Services,
BHF,basis_gates,FRAMEWORK_METRIK_NA,BENIGN,False,False,2581907469.184,Financial Services,
BIO,basis_gates,GATE_REVENUE_GROWTH,BENIGN,True,False,8805258946.048,Healthcare,
BIRG.IR,basis_gates,FRAMEWORK_METRIK_NA,BENIGN,True,False,17945290752.0,Financial Services,
BKG.L,basis_gates,GATE_REVENUE_GROWTH,BENIGN,True,False,3410087233.5360003,Consumer Cyclical,
BKT.MC,basis_gates,FRAMEWORK_METRIK_NA,BENIGN,True,False,14163452928.0,Financial Services,
BLND.L,basis_gates,FRAMEWORK_METRIK_NA,BENIGN,True,False,4747920302.592,Real Estate,
BMED.MI,basis_gates,FRAMEWORK_METRIK_NA,BENIGN,True,False,17396084736.0,Financial Services,
BMPS.MI,basis_gates,FRAMEWORK_METRIK_NA,BENIGN,True,False,34516430848.0,Financial Services,
BMW.DE,basis_gates,GATE_REVENUE_GROWTH,REVIEW,True,False,32670251008.0,Consumer Cyclical,
BNP.PA,basis_gates,FRAMEWORK_METRIK_NA,BENIGN,True,False,101401919488.0,Financial Services,
BNY,basis_gates,FRAMEWORK_METRIK_NA,BENIGN,True,False,86958470823.93599,Financial Services,
BNZL.L,basis_gates,GATE_GROSS_MARGIN,BENIGN,True,False,9758650231.296,Consumer Defensive,
BOL.PA,basis_gates,GATE_GROSS_MARGIN,BENIGN,True,False,10547928064.0,Communication Services,
BOL.ST,basis_gates,GATE_GROSS_MARGIN,BENIGN,True,False,13132590272.34816,Basic Materials,
BPE.MI,basis_gates,FRAMEWORK_METRIK_NA,BENIGN,True,False,28881141760.0,Financial Services,
BRK-B,basis_gates,FRAMEWORK_METRIK_NA,BENIGN,True,False,962341836029.9519,Financial Services,
BRX,basis_gates,FRAMEWORK_METRIK_NA,BENIGN,True,False,7479586064.896,Real Estate,
BT-A.L,basis_gates,GATE_REVENUE_GROWTH,REVIEW,True,False,23136089333.760002,Communication Services,
BTSG,basis_gates,GATE_GROSS_MARGIN,BENIGN,True,False,10770737727.487999,Healthcare,
BVI.PA,basis_gates,GATE_GROSS_MARGIN,BENIGN,True,False,11767777280.0,Industrials,
BX,basis_gates,FRAMEWORK_METRIK_NA,BENIGN,True,False,118207894134.784,Financial Services,
BXP,basis_gates,FRAMEWORK_METRIK_NA,BENIGN,True,False,9659008414.208,Real Estate,
C,basis_gates,FRAMEWORK_METRIK_NA,BENIGN,True,False,192327877623.80798,Financial Services,
CABK.MC,basis_gates,FRAMEWORK_METRIK_NA,BENIGN,True,False,84804239360.0,Financial Services,
CAH,basis_gates,GATE_GROSS_MARGIN,BENIGN,True,False,47589494878.208,Healthcare,
CAR,basis_gates,GATE_REVENUE_GROWTH,BENIGN,True,False,3420129717.5039997,Industrials,
CB,basis_gates,FRAMEWORK_METRIK_NA,BENIGN,True,False,114157323460.608,Financial Services,
CBK.DE,basis_gates,FRAMEWORK_METRIK_NA,BENIGN,True,False,42650226688.0,Financial Services,
CBRE,basis_gates,GATE_GROSS_MARGIN,BENIGN,True,False,33488045139.968,Real Estate,
CBSH,basis_gates,FRAMEWORK_METRIK_NA,BENIGN,True,False,7029002052.351999,Financial Services,
CCC.L,basis_gates,GATE_GROSS_MARGIN,BENIGN,True,False,6706406135.808001,Technology,
CCI,basis_gates,FRAMEWORK_METRIK_NA,BENIGN,True,False,25166123545.6,Real Estate,
CDP,basis_gates,FRAMEWORK_METRIK_NA,BENIGN,True,False,3455592531.968,Real Estate,
CEG,basis_gates,GATE_GROSS_MARGIN,BENIGN,True,False,84250682527.744,Utilities,
CFG,basis_gates,FRAMEWORK_METRIK_NA,BENIGN,True,False,24192120113.152,Financial Services,
CFR,basis_gates,FRAMEWORK_METRIK_NA,BENIGN,True,False,8536901299.2,Financial Services,
CG,basis_gates,FRAMEWORK_METRIK_NA,BENIGN,True,False,12567053228.543999,Financial Services,
CHRW,basis_gates,GATE_GROSS_MARGIN,BENIGN,True,False,13791449427.456,Industrials,
CHWY,basis_gates,GATE_GROSS_MARGIN,BENIGN,True,False,6462267999.488,Consumer Cyclical,
CI,basis_gates,GATE_GROSS_MARGIN,BENIGN,True,False,63066901635.072,Healthcare,
CINF,basis_gates,FRAMEWORK_METRIK_NA,BENIGN,True,False,22243067069.44,Financial Services,
CLF,basis_gates,GATE_GROSS_MARGIN,BENIGN,True,False,6121439647.231999,Basic Materials,
CLNX.MC,basis_gates,FRAMEWORK_METRIK_NA,BENIGN,True,False,14908189696.0,Real Estate,
CLX,basis_gates,GATE_REVENUE_GROWTH,BENIGN,True,False,8782740540.416,Consumer Defensive,
CMBN.SW,basis_gates,FRAMEWORK_METRIK_NA,BENIGN,False,False,2787745131.6224,Financial Services,
CNC,basis_gates,GATE_GROSS_MARGIN,BENIGN,True,False,28022432717.823997,Healthcare,
CNO,basis_gates,FRAMEWORK_METRIK_NA,BENIGN,True,False,4469742848.256,Financial Services,
CNX,basis_gates,GATE_REVENUE_GROWTH,BENIGN,True,False,4224492424.96,Energy,
COF,basis_gates,FRAMEWORK_METRIK_NA,BENIGN,True,False,107226660847.616,Financial Services,
COLB,basis_gates,FRAMEWORK_METRIK_NA,BENIGN,True,False,7279032399.104,Financial Services,
CON.DE,basis_gates,GATE_REVENUE_GROWTH,REVIEW,True,False,13828413440.0,Consumer Cyclical,
COR,basis_gates,GATE_GROSS_MARGIN,BENIGN,True,False,53062883348.479996,Healthcare,
COST,basis_gates,GATE_GROSS_MARGIN,BENIGN,True,False,364569530957.824,Consumer Defensive,
COV.PA,basis_gates,FRAMEWORK_METRIK_NA,BENIGN,True,False,4803230208.0,Real Estate,
CPT,basis_gates,FRAMEWORK_METRIK_NA,BENIGN,True,False,8711220616.192,Real Estate,
CRBG,basis_gates,FRAMEWORK_METRIK_NA,BENIGN,True,False,13746280246.272,Financial Services,
CS.PA,basis_gates,FRAMEWORK_METRIK_NA,BENIGN,True,False,88029462528.0,Financial Services,
CTRE,basis_gates,FRAMEWORK_METRIK_NA,BENIGN,True,False,7723679848.96,Real Estate,
CTVA,basis_gates,GATE_GROSS_MARGIN,BENIGN,True,False,7257457015.04,Basic Materials,
CUBE,basis_gates,FRAMEWORK_METRIK_NA,BENIGN,True,False,7579412611.839999,Real Estate,
CUZ,basis_gates,FRAMEWORK_METRIK_NA,BENIGN,True,False,4074196879.1039996,Real Estate,
CVNA,basis_gates,GATE_GROSS_MARGIN,BENIGN,True,False,64044941893.631996,Consumer Cyclical,
CVS,basis_gates,GATE_GROSS_MARGIN,BENIGN,True,False,98895425888.256,Healthcare,
CYTK,basis_gates,GATE_GROSS_MARGIN,BENIGN,True,False,7884404318.719999,Healthcare,
DANSKE.CO,basis_gates,FRAMEWORK_METRIK_NA,BENIGN,True,False,39309137585.43872,Financial Services,
DBK.DE,basis_gates,FRAMEWORK_METRIK_NA,BENIGN,True,False,58897256448.0,Financial Services,
DCC.L,basis_gates,GATE_GROSS_MARGIN,BENIGN,True,False,6482021119.488,Energy,
DELL,basis_gates,GATE_GROSS_MARGIN,BENIGN,True,False,314759062355.96796,Technology,
DGE.L,basis_gates,GATE_REVENUE_GROWTH,REVIEW,True,False,41623524052.992004,Consumer Defensive,
DHER.DE,basis_gates,GATE_GROSS_MARGIN,BENIGN,True,False,11237537792.0,Consumer Cyclical,
DIE.BR,basis_gates,GATE_GROSS_MARGIN,BENIGN,True,False,8487490048.0,Consumer Cyclical,
DINO,basis_gates,GATE_GROSS_MARGIN,BENIGN,True,False,17957405591.552,Energy,
DKSH.SW,basis_gates,GATE_GROSS_MARGIN,BENIGN,True,False,4792270535.3728,Industrials,
DLN.L,basis_gates,FRAMEWORK_METRIK_NA,BENIGN,False,False,2281226689.152,Real Estate,
DLR,basis_gates,FRAMEWORK_METRIK_NA,BENIGN,True,False,60166002970.624,Real Estate,
DNB.OL,basis_gates,FRAMEWORK_METRIK_NA,BENIGN,True,False,40836184195.072,Financial Services,
DOC,basis_gates,FRAMEWORK_METRIK_NA,BENIGN,True,False,12368758523.904,Real Estate,
DOW,basis_gates,GATE_GROSS_MARGIN,BENIGN,True,False,18185620462.592,Basic Materials,
DRX.L,basis_gates,GATE_GROSS_MARGIN,BENIGN,True,False,3230901870.336,Utilities,
DTE,basis_gates,GATE_REVENUE_GROWTH,REVIEW,True,False,23392874187.775997,Utilities,
EAT,basis_gates,GATE_GROSS_MARGIN,BENIGN,True,False,7211299623.936,Consumer Cyclical,
EBP.WA,basis_gates,FRAMEWORK_METRIK_NA,BENIGN,True,False,18100962794.86464,Financial Services,
EBS.VI,basis_gates,FRAMEWORK_METRIK_NA,BENIGN,True,False,44827271168.0,Financial Services,
ECHO,basis_gates,GATE_REVENUE_GROWTH,REVIEW,True,False,25616413149.184,Communication Services,
EEFT,basis_gates,GATE_GROSS_MARGIN,BENIGN,False,False,2197701037.696,Technology,
EG,basis_gates,FRAMEWORK_METRIK_NA,BENIGN,True,False,12630452029.952,Financial Services,
EGP,basis_gates,FRAMEWORK_METRIK_NA,BENIGN,True,False,9460264564.736,Real Estate,
ELS,basis_gates,FRAMEWORK_METRIK_NA,BENIGN,True,False,10436277281.279999,Real Estate,
ELV,basis_gates,GATE_GROSS_MARGIN,BENIGN,True,False,75054190133.248,Healthcare,
EMSN.SW,basis_gates,GATE_REVENUE_GROWTH,REVIEW,True,False,20910073466.4704,Basic Materials,
ENGI.PA,basis_gates,GATE_REVENUE_GROWTH,REVIEW,True,False,57951268864.0,Utilities,
EOAN.DE,basis_gates,GATE_REVENUE_GROWTH,REVIEW,True,False,44325195776.0,Utilities,
EPR,basis_gates,FRAMEWORK_METRIK_NA,BENIGN,True,False,3854332724.224,Real Estate,
EQH,basis_gates,FRAMEWORK_METRIK_NA,BENIGN,True,False,13026654371.328,Financial Services,
EQIX,basis_gates,FRAMEWORK_METRIK_NA,BENIGN,True,False,89976709488.64,Real Estate,
ERF.PA,basis_gates,GATE_GROSS_MARGIN,BENIGN,True,False,13004528640.0,Healthcare,
ERIC-B.ST,basis_gates,GATE_REVENUE_GROWTH,REVIEW,True,False,26708477773.08672,Technology,
ERIE,basis_gates,FRAMEWORK_METRIK_NA,BENIGN,True,False,10233236430.336,Financial Services,
ESNT,basis_gates,FRAMEWORK_METRIK_NA,BENIGN,True,False,4902441858.816,Financial Services,
ESS,basis_gates,FRAMEWORK_METRIK_NA,BENIGN,True,False,16639422946.303999,Real Estate,
ETE.AT,basis_gates,FRAMEWORK_METRIK_NA,BENIGN,True,False,15099969536.0,Financial Services,
EUROB.AT,basis_gates,FRAMEWORK_METRIK_NA,BENIGN,True,False,16569900032.0,Financial Services,
EVR,basis_gates,FRAMEWORK_METRIK_NA,BENIGN,True,False,9011669296.128,Financial Services,
EWBC,basis_gates,FRAMEWORK_METRIK_NA,BENIGN,True,False,15532094704.64,Financial Services,
EXO.AS,basis_gates,FRAMEWORK_METRIK_NA,BENIGN,True,False,22515922944.0,Financial Services,
EXR,basis_gates,FRAMEWORK_METRIK_NA,BENIGN,True,False,26205974166.528,Real Estate,
F,basis_gates,GATE_GROSS_MARGIN,BENIGN,True,False,43299190411.264,Consumer Cyclical,
FAF,basis_gates,FRAMEWORK_METRIK_NA,BENIGN,True,False,5687974260.48,Financial Services,
FBIN,basis_gates,GATE_REVENUE_GROWTH,BENIGN,True,False,4108331429.888,Industrials,
FBK.MI,basis_gates,FRAMEWORK_METRIK_NA,BENIGN,True,False,13196940288.0,Financial Services,
FFIN,basis_gates,FRAMEWORK_METRIK_NA,BENIGN,True,False,4077128644.608,Financial Services,
FHN,basis_gates,FRAMEWORK_METRIK_NA,BENIGN,True,False,9839163875.328,Financial Services,
FISV,basis_gates,GATE_GROSS_MARGIN,BENIGN,True,False,21624706009.087997,,
FITB,basis_gates,FRAMEWORK_METRIK_NA,BENIGN,True,False,41279316721.664,Financial Services,
FLEX,basis_gates,GATE_GROSS_MARGIN,BENIGN,True,False,38975346145.28,Technology,
FLG,basis_gates,FRAMEWORK_METRIK_NA,BENIGN,True,False,4340747904.768,Financial Services,
FLR,basis_gates,GATE_GROSS_MARGIN,BENIGN,True,False,6030661725.44,Industrials,
FN,basis_gates,GATE_GROSS_MARGIN,BENIGN,True,False,14580830598.656,Technology,
FNB,basis_gates,FRAMEWORK_METRIK_NA,BENIGN,True,False,5486800738.304,Financial Services,
FNF,basis_gates,FRAMEWORK_METRIK_NA,BENIGN,True,False,9397586038.272,Financial Services,
FR,basis_gates,FRAMEWORK_METRIK_NA,BENIGN,True,False,7316184071.167999,Real Estate,
FRT,basis_gates,FRAMEWORK_METRIK_NA,BENIGN,True,False,8269493064.191999,Real Estate,
G.MI,basis_gates,FRAMEWORK_METRIK_NA,BENIGN,True,False,62925348864.0,Financial Services,
GALE.SW,basis_gates,GATE_GROSS_MARGIN,BENIGN,True,False,4414279018.8544,Healthcare,
GBCI,basis_gates,FRAMEWORK_METRIK_NA,BENIGN,True,False,5063197367.04,Financial Services,
GBF.DE,basis_gates,GATE_GROSS_MARGIN,BENIGN,False,False,2094482432.0,Industrials,
GFC.PA,basis_gates,FRAMEWORK_METRIK_NA,BENIGN,True,False,4443021312.0,Real Estate,
GIS,basis_gates,GATE_REVENUE_GROWTH,REVIEW,True,False,15041435014.144,Consumer Defensive,
GJF.OL,basis_gates,FRAMEWORK_METRIK_NA,BENIGN,True,False,11807197622.681599,Financial Services,
GL,basis_gates,FRAMEWORK_METRIK_NA,BENIGN,True,False,11320118540.288,Financial Services,
GLE.PA,basis_gates,FRAMEWORK_METRIK_NA,BENIGN,True,False,47437242368.0,Financial Services,
GLEN.L,basis_gates,GATE_GROSS_MARGIN,BENIGN,True,False,78343948615.68001,Basic Materials,
GLPI,basis_gates,FRAMEWORK_METRIK_NA,BENIGN,True,False,10138168353.792,Real Estate,
GME,basis_gates,GATE_REVENUE_GROWTH,REVIEW,True,False,11513968354.303999,Consumer Cyclical,
GPK,basis_gates,GATE_REVENUE_GROWTH,BENIGN,False,False,2264582309.12,Consumer Cyclical,
GS,basis_gates,FRAMEWORK_METRIK_NA,BENIGN,True,False,231396773699.58398,Financial Services,
HBAN,basis_gates,FRAMEWORK_METRIK_NA,BENIGN,True,False,27549351752.704,Financial Services,
HBAN.SW,basis_gates,FRAMEWORK_METRIK_NA,BENIGN,True,False,22026685693.952,Financial Services,
HEN3.DE,basis_gates,GATE_REVENUE_GROWTH,REVIEW,True,False,29124974592.0,Consumer Defensive,
HER.MI,basis_gates,GATE_GROSS_MARGIN,BENIGN,True,False,5180220928.0,Utilities,
HIG,basis_gates,FRAMEWORK_METRIK_NA,BENIGN,True,False,30629625352.191998,Financial Services,
HNR1.DE,basis_gates,FRAMEWORK_METRIK_NA,BENIGN,True,False,30776389632.0,Financial Services,
HOG,basis_gates,GATE_GROSS_MARGIN,BENIGN,False,False,2438739130.624,Consumer Cyclical,
HOMB,basis_gates,FRAMEWORK_METRIK_NA,BENIGN,True,False,5088161421.056,Financial Services,
HPQ,basis_gates,GATE_GROSS_MARGIN,BENIGN,True,False,25231866663.935997,Technology,
HR,basis_gates,FRAMEWORK_METRIK_NA,BENIGN,True,False,5484677798.656,Real Estate,
HRL,basis_gates,GATE_GROSS_MARGIN,BENIGN,True,False,9878990789.119999,Consumer Defensive,
HSBA.L,basis_gates,FRAMEWORK_METRIK_NA,BENIGN,True,False,294664232484.864,Financial Services,
HST,basis_gates,FRAMEWORK_METRIK_NA,BENIGN,True,False,13845538515.456,Real Estate,
HSX.L,basis_gates,FRAMEWORK_METRIK_NA,BENIGN,True,False,6939479457.792,Financial Services,
HUM,basis_gates,GATE_GROSS_MARGIN,BENIGN,True,False,41407553048.576,Healthcare,
HWC,basis_gates,FRAMEWORK_METRIK_NA,BENIGN,True,False,5218015399.679999,Financial Services,
IBOC,basis_gates,FRAMEWORK_METRIK_NA,BENIGN,True,False,3865537153.2799997,Financial Services,
ICG.L,basis_gates,FRAMEWORK_METRIK_NA,BENIGN,True,False,6037835189.76,Financial Services,
III.L,basis_gates,FRAMEWORK_METRIK_NA,BENIGN,True,False,28912375314.432003,,
INCH.L,basis_gates,GATE_GROSS_MARGIN,BENIGN,False,False,2948626105.3440003,Consumer Cyclical,
INDU-C.ST,basis_gates,FRAMEWORK_METRIK_NA,BENIGN,True,False,19722434261.8112,Financial Services,
ING.WA,basis_gates,FRAMEWORK_METRIK_NA,BENIGN,True,False,13847059766.84544,Financial Services,
INGA.AS,basis_gates,FRAMEWORK_METRIK_NA,BENIGN,True,False,88308744192.0,Financial Services,
INVE-B.ST,basis_gates,FRAMEWORK_METRIK_NA,BENIGN,True,False,109414320502.21056,Financial Services,
INVH,basis_gates,FRAMEWORK_METRIK_NA,BENIGN,True,False,13842753269.76,Real Estate,
INVP.L,basis_gates,FRAMEWORK_METRIK_NA,BENIGN,True,False,4428994049.28,Financial Services,
IRM,basis_gates,FRAMEWORK_METRIK_NA,BENIGN,True,False,29963919679.488,Real Estate,
IRT,basis_gates,FRAMEWORK_METRIK_NA,BENIGN,True,False,3159377863.68,Real Estate,
ISP.MI,basis_gates,FRAMEWORK_METRIK_NA,BENIGN,True,False,111396044800.0,Financial Services,
ITV.L,basis_gates,GATE_GROSS_MARGIN,BENIGN,False,False,2870986106.88,Communication Services,
JBL,basis_gates,GATE_GROSS_MARGIN,BENIGN,True,False,28417661912.064,Technology,
JLL,basis_gates,FRAMEWORK_METRIK_NA,BENIGN,True,False,12393560082.432,Real Estate,
JMAT.L,basis_gates,GATE_GROSS_MARGIN,BENIGN,True,False,3556870583.04,Basic Materials,
JMT.LS,basis_gates,GATE_GROSS_MARGIN,BENIGN,True,False,10570263552.0,Consumer Defensive,
JPM,basis_gates,FRAMEWORK_METRIK_NA,BENIGN,True,False,786290674991.104,Financial Services,
JYSK.CO,basis_gates,FRAMEWORK_METRIK_NA,BENIGN,True,False,8094843175.85408,Financial Services,
KBC.BR,basis_gates,FRAMEWORK_METRIK_NA,BENIGN,True,False,49287729152.0,Financial Services,
KBCA.BR,basis_gates,FRAMEWORK_METRIK_NA,BENIGN,True,False,7277618688.0,Financial Services,
KBH,basis_gates,GATE_REVENUE_GROWTH,BENIGN,False,False,2449984640.0,Consumer Cyclical,
KD,basis_gates,GATE_REVENUE_GROWTH,BENIGN,False,False,2283615277.824,Technology,
KER.PA,basis_gates,GATE_REVENUE_GROWTH,REVIEW,True,False,25578137600.0,Consumer Cyclical,
KEY,basis_gates,FRAMEWORK_METRIK_NA,BENIGN,True,False,19183304417.28,Financial Services,
KGH.WA,basis_gates,GATE_GROSS_MARGIN,BENIGN,True,False,15522949195.65312,Basic Materials,
KHC,basis_gates,GATE_REVENUE_GROWTH,REVIEW,True,False,23154487829.503998,Consumer Defensive,
KIM,basis_gates,FRAMEWORK_METRIK_NA,BENIGN,True,False,13302704992.768,Real Estate,
KNSL,basis_gates,FRAMEWORK_METRIK_NA,BENIGN,True,False,6737850761.728,Financial Services,
KNX,basis_gates,GATE_GROSS_MARGIN,BENIGN,True,False,9447988852.223999,Industrials,
KRC,basis_gates,FRAMEWORK_METRIK_NA,BENIGN,True,False,3505880777.4719996,Real Estate,
KRG,basis_gates,FRAMEWORK_METRIK_NA,BENIGN,True,False,4498620487.424,Real Estate,
KRZ.IR,basis_gates,GATE_REVENUE_GROWTH,REVIEW,True,False,13580619776.0,Consumer Defensive,
L,basis_gates,FRAMEWORK_METRIK_NA,BENIGN,True,False,19325504401.408,Financial Services,
LAD,basis_gates,GATE_GROSS_MARGIN,BENIGN,True,False,5856454694.656,Consumer Cyclical,
LAMR,basis_gates,FRAMEWORK_METRIK_NA,BENIGN,True,False,13052837141.504,Real Estate,
LAND.L,basis_gates,FRAMEWORK_METRIK_NA,BENIGN,True,False,6080595199.488,Real Estate,
LEA,basis_gates,GATE_GROSS_MARGIN,BENIGN,True,False,5353496469.248,Consumer Cyclical,
LGEN.L,basis_gates,FRAMEWORK_METRIK_NA,BENIGN,True,False,18360784539.648003,Financial Services,
LH,basis_gates,GATE_GROSS_MARGIN,BENIGN,True,False,22317402364.927998,Healthcare,
LI.PA,basis_gates,FRAMEWORK_METRIK_NA,BENIGN,True,False,9848483840.0,Real Estate,
LLOY.L,basis_gates,FRAMEWORK_METRIK_NA,BENIGN,True,False,70693927170.048,Financial Services,
LMP.L,basis_gates,FRAMEWORK_METRIK_NA,BENIGN,True,False,4916541523.968,Real Estate,
LMT,basis_gates,GATE_GROSS_MARGIN,BENIGN,True,False,104191778263.04,Industrials,
LOOMIS.ST,basis_gates,GATE_GROSS_MARGIN,BENIGN,True,False,3311419872.7065597,Industrials,
LPX,basis_gates,GATE_REVENUE_GROWTH,BENIGN,True,False,4132300883.712,Industrials,
LYB,basis_gates,GATE_GROSS_MARGIN,BENIGN,True,False,16982671842.303999,Basic Materials,
MAA,basis_gates,FRAMEWORK_METRIK_NA,BENIGN,True,False,12334725761.024,Real Estate,
MAERSK-B.CO,basis_gates,GATE_GROSS_MARGIN,BENIGN,True,False,46128004942.06976,Industrials,
MANTA.HE,basis_gates,FRAMEWORK_METRIK_NA,BENIGN,True,False,3049463296.0,Financial Services,
MAP.MC,basis_gates,FRAMEWORK_METRIK_NA,BENIGN,True,False,13087583232.0,Financial Services,
MAS,basis_gates,GATE_REVENUE_GROWTH,REVIEW,True,False,11987296714.24,Industrials,
MBG.DE,basis_gates,GATE_REVENUE_GROWTH,REVIEW,True,False,38301523968.0,Consumer Cyclical,
MBK.WA,basis_gates,FRAMEWORK_METRIK_NA,BENIGN,True,False,13784404747.96032,Financial Services,
MCK,basis_gates,GATE_GROSS_MARGIN,BENIGN,True,False,94244235374.592,Healthcare,
MET,basis_gates,FRAMEWORK_METRIK_NA,BENIGN,True,False,54270516951.04,Financial Services,
MIL.WA,basis_gates,FRAMEWORK_METRIK_NA,BENIGN,True,False,6138174982.16448,Financial Services,
ML.PA,basis_gates,GATE_GROSS_MARGIN,BENIGN,True,False,23781489213.440002,,
MMS,basis_gates,GATE_GROSS_MARGIN,BENIGN,False,False,2515887515.1359997,Industrials,
MNG.L,basis_gates,FRAMEWORK_METRIK_NA,BENIGN,True,False,8842499094.528,Financial Services,
MOH,basis_gates,GATE_GROSS_MARGIN,BENIGN,True,False,8911934495.232,Healthcare,
MOH.AT,basis_gates,GATE_GROSS_MARGIN,BENIGN,True,False,7342926848.0,Energy,
MOS,basis_gates,GATE_GROSS_MARGIN,BENIGN,True,False,5978406645.504,Basic Materials,
MPC,basis_gates,GATE_GROSS_MARGIN,BENIGN,True,False,111410149179.392,Energy,
MRL.MC,basis_gates,FRAMEWORK_METRIK_NA,BENIGN,True,False,7745977344.0,Real Estate,
MRNA,basis_gates,GATE_GROSS_MARGIN,BENIGN,True,False,68265230888.96,Healthcare,
MS,basis_gates,FRAMEWORK_METRIK_NA,BENIGN,True,False,265274285834.24,Financial Services,
MT.AS,basis_gates,GATE_GROSS_MARGIN,BENIGN,True,False,43175096320.0,Basic Materials,
MTB,basis_gates,FRAMEWORK_METRIK_NA,BENIGN,True,False,28417955864.576,Financial Services,
MTG,basis_gates,FRAMEWORK_METRIK_NA,BENIGN,True,False,4944772389.888,Financial Services,
MTLN.AT,basis_gates,GATE_GROSS_MARGIN,BENIGN,True,False,7001595392.0,Utilities,
MTO.L,basis_gates,GATE_GROSS_MARGIN,BENIGN,True,False,3140094498.0480003,Industrials,
MUSA,basis_gates,GATE_GROSS_MARGIN,BENIGN,True,False,8338548169.216,Consumer Cyclical,
MUV2.DE,basis_gates,FRAMEWORK_METRIK_NA,BENIGN,True,False,64240865280.0,Financial Services,
NDA-FI.HE,basis_gates,FRAMEWORK_METRIK_NA,BENIGN,True,False,57999249408.0,Financial Services,
NDA.DE,basis_gates,GATE_GROSS_MARGIN,BENIGN,True,False,6911224832.0,Industrials,
NESN.SW,basis_gates,GATE_REVENUE_GROWTH,REVIEW,True,False,205956597743.616,Consumer Defensive,
NESTE.HE,basis_gates,GATE_GROSS_MARGIN,BENIGN,True,False,24684922880.0,Energy,
NEX.PA,basis_gates,GATE_GROSS_MARGIN,BENIGN,True,False,5853598720.0,Industrials,
NLY,basis_gates,FRAMEWORK_METRIK_NA,BENIGN,True,False,12373710071.807999,Real Estate,
NN.AS,basis_gates,FRAMEWORK_METRIK_NA,BENIGN,True,False,20090566656.0,Financial Services,
NNN,basis_gates,FRAMEWORK_METRIK_NA,BENIGN,True,False,6959770301.952,Real Estate,
NRG,basis_gates,GATE_GROSS_MARGIN,BENIGN,True,False,18248332766.208,Utilities,
NTRS,basis_gates,FRAMEWORK_METRIK_NA,BENIGN,True,False,27687067591.68,Financial Services,
NUE,basis_gates,GATE_GROSS_MARGIN,BENIGN,True,False,49976663144.448,Basic Materials,
NVR,basis_gates,GATE_REVENUE_GROWTH,REVIEW,True,False,14032254047.231998,Consumer Cyclical,
NWG.L,basis_gates,FRAMEWORK_METRIK_NA,BENIGN,True,False,62025923395.584,Financial Services,
NXT,basis_gates,GATE_GROSS_MARGIN,BENIGN,True,False,11488240206.335999,Technology,
O,basis_gates,FRAMEWORK_METRIK_NA,BENIGN,True,False,45620549830.656,Real Estate,
OGS,basis_gates,GATE_REVENUE_GROWTH,BENIGN,True,False,4074404106.496,Utilities,
OHI,basis_gates,FRAMEWORK_METRIK_NA,BENIGN,True,False,12948103322.112,Real Estate,
OKE,basis_gates,GATE_GROSS_MARGIN,BENIGN,True,False,49577694728.192,Energy,
OLN,basis_gates,GATE_MARKET_CAP,BENIGN,False,False,1626862376.192,Basic Materials,
OMC,basis_gates,GATE_GROSS_MARGIN,BENIGN,True,False,19006680950.784,Communication Services,
ONB,basis_gates,FRAMEWORK_METRIK_NA,BENIGN,True,False,8470253500.9279995,Financial Services,
ORA,basis_gates,GATE_GROSS_MARGIN,BENIGN,True,False,4999722338.816,Utilities,
ORI,basis_gates,FRAMEWORK_METRIK_NA,BENIGN,True,False,8170413722.624,Financial Services,
OZK,basis_gates,FRAMEWORK_METRIK_NA,BENIGN,True,False,4534708179.2,Financial Services,
P911.DE,basis_gates,GATE_REVENUE_GROWTH,REVIEW,True,False,39409856512.0,Consumer Cyclical,
PAG,basis_gates,GATE_GROSS_MARGIN,BENIGN,True,False,11784961531.904,Consumer Cyclical,
PAH3.DE,basis_gates,FRAMEWORK_METRIK_NA,BENIGN,True,False,7539874816.0,Consumer Cyclical,
PB,basis_gates,FRAMEWORK_METRIK_NA,BENIGN,True,False,7200181920.0,Financial Services,
PBF,basis_gates,GATE_GROSS_MARGIN,BENIGN,True,False,8702384695.807999,Energy,
PEO.WA,basis_gates,FRAMEWORK_METRIK_NA,BENIGN,True,False,16121367778.59072,Financial Services,
PFG,basis_gates,FRAMEWORK_METRIK_NA,BENIGN,True,False,21262918021.12,Financial Services,
PFGC,basis_gates,GATE_GROSS_MARGIN,BENIGN,True,False,13027000358.911999,Consumer Defensive,
PGR,basis_gates,FRAMEWORK_METRIK_NA,BENIGN,True,False,108964865953.79199,Financial Services,
PHP.L,basis_gates,FRAMEWORK_METRIK_NA,BENIGN,False,False,2745906015.744,Real Estate,
PII,basis_gates,GATE_GROSS_MARGIN,BENIGN,False,False,2674966033.408,Consumer Cyclical,
PK,basis_gates,FRAMEWORK_METRIK_NA,BENIGN,False,False,2752527046.9119997,Real Estate,
PKO.WA,basis_gates,FRAMEWORK_METRIK_NA,BENIGN,True,False,34123825610.58816,Financial Services,
PLD,basis_gates,FRAMEWORK_METRIK_NA,BENIGN,True,False,111477593935.872,Real Estate,
PLUS.L,basis_gates,FRAMEWORK_METRIK_NA,BENIGN,False,False,2731419067.392,Financial Services,
PNC,basis_gates,FRAMEWORK_METRIK_NA,BENIGN,True,False,78404869005.312,Financial Services,
PNFP,basis_gates,FRAMEWORK_METRIK_NA,BENIGN,True,False,13027125425.664,Financial Services,
PPC,basis_gates,GATE_GROSS_MARGIN,BENIGN,True,False,5903332817.151999,Consumer Defensive,
PRI,basis_gates,FRAMEWORK_METRIK_NA,BENIGN,True,False,7677428886.016,Financial Services,
PRU,basis_gates,FRAMEWORK_METRIK_NA,BENIGN,True,False,34752051896.32,Financial Services,
PRU.L,basis_gates,FRAMEWORK_METRIK_NA,BENIGN,True,False,26793744685.056,Financial Services,
PSA,basis_gates,FRAMEWORK_METRIK_NA,BENIGN,True,False,47095997906.944,Real Estate,
PSX,basis_gates,GATE_GROSS_MARGIN,BENIGN,True,False,94975589224.448,Energy,
PUM.DE,basis_gates,GATE_REVENUE_GROWTH,BENIGN,True,False,3198849536.0,Consumer Cyclical,
PZU.WA,basis_gates,FRAMEWORK_METRIK_NA,BENIGN,True,False,13937767042.49856,Financial Services,
QLT.L,basis_gates,GATE_GROSS_MARGIN,BENIGN,False,False,2789888412.672,Financial Services,
RAND.AS,basis_gates,GATE_GROSS_MARGIN,BENIGN,True,False,6088137728.0,Industrials,
RBI.VI,basis_gates,FRAMEWORK_METRIK_NA,BENIGN,True,False,19404750848.0,Financial Services,
REG,basis_gates,FRAMEWORK_METRIK_NA,BENIGN,True,False,11926337170.944,Real Estate,
REXR,basis_gates,FRAMEWORK_METRIK_NA,BENIGN,True,False,7465217081.856,Real Estate,
RF,basis_gates,FRAMEWORK_METRIK_NA,BENIGN,True,False,20586117010.432,Financial Services,
RGA,basis_gates,FRAMEWORK_METRIK_NA,BENIGN,True,False,14547122826.751999,Financial Services,
RH,basis_gates,GATE_MARKET_CAP,BENIGN,False,False,1983272265.6,Consumer Cyclical,
RI.PA,basis_gates,GATE_REVENUE_GROWTH,REVIEW,True,False,14710947840.0,Consumer Defensive,
RILBA.CO,basis_gates,FRAMEWORK_METRIK_NA,BENIGN,True,False,5879202074.9926405,Financial Services,
RIO.L,basis_gates,GATE_GROSS_MARGIN,BENIGN,True,False,136565305638.912,Basic Materials,
RJF,basis_gates,FRAMEWORK_METRIK_NA,BENIGN,True,False,27262698757.12,Financial Services,
RLI,basis_gates,FRAMEWORK_METRIK_NA,BENIGN,True,False,4559585051.648,Financial Services,
RNR,basis_gates,FRAMEWORK_METRIK_NA,BENIGN,True,False,12060625998.335999,Financial Services,
ROIV,basis_gates,GATE_GROSS_MARGIN,BENIGN,True,False,22782984802.304,Healthcare,
ROSE.L,basis_gates,GATE_GROSS_MARGIN,BENIGN,True,False,3647540927.2320004,Financial Services,
RS,basis_gates,GATE_GROSS_MARGIN,BENIGN,True,False,18550948661.247997,Basic Materials,
RTO.L,basis_gates,GATE_GROSS_MARGIN,BENIGN,True,False,8929607311.872,Industrials,
RUI.PA,basis_gates,GATE_GROSS_MARGIN,BENIGN,True,False,3615397376.0,Energy,
RWE.DE,basis_gates,GATE_REVENUE_GROWTH,REVIEW,True,False,45753929728.0,Utilities,
RXL.PA,basis_gates,GATE_GROSS_MARGIN,BENIGN,True,False,10810452992.0,Technology,
RYAN,basis_gates,FRAMEWORK_METRIK_NA,BENIGN,True,False,8641643334.656,Financial Services,
RYN,basis_gates,FRAMEWORK_METRIK_NA,BENIGN,True,False,4844742267.136,Real Estate,
SAB.MC,basis_gates,FRAMEWORK_METRIK_NA,BENIGN,True,False,16760820736.0,Financial Services,
SAIA,basis_gates,GATE_GROSS_MARGIN,BENIGN,True,False,8120249174.528,Industrials,
SAIC,basis_gates,GATE_GROSS_MARGIN,BENIGN,True,False,4720700240.896,Technology,
SAMPO.HE,basis_gates,FRAMEWORK_METRIK_NA,BENIGN,True,False,23283982336.0,Financial Services,
SAN.MC,basis_gates,FRAMEWORK_METRIK_NA,BENIGN,True,False,178972622848.0,Financial Services,
SANM,basis_gates,GATE_GROSS_MARGIN,BENIGN,True,False,10935637783.552,Technology,
SAVE.ST,basis_gates,FRAMEWORK_METRIK_NA,BENIGN,True,False,7667909957.386239,Financial Services,
SB1NO.OL,basis_gates,FRAMEWORK_METRIK_NA,BENIGN,True,False,7759055806.464,Financial Services,
SBAC,basis_gates,FRAMEWORK_METRIK_NA,BENIGN,True,False,15098360470.015999,Real Estate,
SBNOR.OL,basis_gates,FRAMEWORK_METRIK_NA,BENIGN,True,False,3278249748.8896,Financial Services,
SBRA,basis_gates,FRAMEWORK_METRIK_NA,BENIGN,True,False,4396618052.863999,Real Estate,
SBRY.L,basis_gates,GATE_GROSS_MARGIN,BENIGN,True,False,8287760466.432,Consumer Defensive,
SCHP.SW,basis_gates,GATE_REVENUE_GROWTH,REVIEW,True,False,29820855063.7568,Industrials,
SCHW,basis_gates,FRAMEWORK_METRIK_NA,BENIGN,True,False,149885107814.4,Financial Services,
SCR.PA,basis_gates,FRAMEWORK_METRIK_NA,BENIGN,True,False,5692215808.0,Financial Services,
SDLF.L,basis_gates,FRAMEWORK_METRIK_NA,BENIGN,True,False,10298104492.032,Financial Services,
SEB-A.ST,basis_gates,FRAMEWORK_METRIK_NA,BENIGN,True,False,39983669877.1456,Financial Services,
SECU-B.ST,basis_gates,GATE_GROSS_MARGIN,BENIGN,True,False,7845117376.59392,Industrials,
SF,basis_gates,FRAMEWORK_METRIK_NA,BENIGN,True,False,9446147540.991999,Financial Services,
SFZN.SW,basis_gates,GATE_GROSS_MARGIN,BENIGN,True,False,3256333146.4192,Healthcare,
SGO.PA,basis_gates,GATE_REVENUE_GROWTH,REVIEW,True,False,32427124736.0,Industrials,
SGRO.L,basis_gates,FRAMEWORK_METRIK_NA,BENIGN,True,False,14640606950.400002,Real Estate,
SHB-A.ST,basis_gates,FRAMEWORK_METRIK_NA,BENIGN,True,False,27182306788.638718,Financial Services,
SHC.L,basis_gates,FRAMEWORK_METRIK_NA,BENIGN,False,False,2929026258.432,Real Estate,
SIGI,basis_gates,FRAMEWORK_METRIK_NA,BENIGN,True,False,4558049104.128,Financial Services,
SKA-B.ST,basis_gates,GATE_GROSS_MARGIN,BENIGN,True,False,9677564594.74944,Industrials,
SLHN.SW,basis_gates,FRAMEWORK_METRIK_NA,BENIGN,True,False,26940937587.0976,Financial Services,
SLM,basis_gates,FRAMEWORK_METRIK_NA,BENIGN,True,False,3833057682.944,Financial Services,
SMCI,basis_gates,GATE_GROSS_MARGIN,BENIGN,True,False,25094547021.823997,Technology,
SNX,basis_gates,GATE_GROSS_MARGIN,BENIGN,True,False,20054884570.112,Technology,
SOF.BR,basis_gates,FRAMEWORK_METRIK_NA,BENIGN,True,False,8514224640.0,Financial Services,
SOI.PA,basis_gates,GATE_GROSS_MARGIN,BENIGN,True,False,5922032640.0,Technology,
SOON.SW,basis_gates,GATE_REVENUE_GROWTH,REVIEW,True,False,16069521446.7072,Healthcare,
SOP.PA,basis_gates,GATE_GROSS_MARGIN,BENIGN,True,False,3175143168.0,Technology,
SPG,basis_gates,FRAMEWORK_METRIK_NA,BENIGN,True,False,68038876499.967995,Real Estate,
SPIE.PA,basis_gates,GATE_GROSS_MARGIN,BENIGN,True,False,7132014080.0,Industrials,
SQN.SW,basis_gates,FRAMEWORK_METRIK_NA,BENIGN,True,False,5893631729.4592,Financial Services,
SREN.SW,basis_gates,FRAMEWORK_METRIK_NA,BENIGN,True,False,44855701724.3648,Financial Services,
SRP.L,basis_gates,GATE_GROSS_MARGIN,BENIGN,False,False,2870787506.688,Industrials,
SSAB-B.ST,basis_gates,GATE_GROSS_MARGIN,BENIGN,True,False,9049006446.34624,Basic Materials,
SSB,basis_gates,FRAMEWORK_METRIK_NA,BENIGN,True,False,8761991327.232,Financial Services,
SSE.L,basis_gates,GATE_REVENUE_GROWTH,REVIEW,True,False,35576050415.616005,Utilities,
STAG,basis_gates,FRAMEWORK_METRIK_NA,BENIGN,True,False,6335588160.256,Real Estate,
STAN.L,basis_gates,FRAMEWORK_METRIK_NA,BENIGN,True,False,57698597855.232,Financial Services,
STB.OL,basis_gates,FRAMEWORK_METRIK_NA,BENIGN,True,False,7448220664.627199,Financial Services,
STERV.HE,basis_gates,GATE_REVENUE_GROWTH,BENIGN,True,False,7801029120.0,Consumer Cyclical,
STJ.L,basis_gates,FRAMEWORK_METRIK_NA,BENIGN,True,False,6037194115.584001,Financial Services,
STLAM.MI,basis_gates,GATE_GROSS_MARGIN,BENIGN,True,False,11615369216.0,Consumer Cyclical,
STLD,basis_gates,GATE_GROSS_MARGIN,BENIGN,True,False,30516981288.96,Basic Materials,
STT,basis_gates,FRAMEWORK_METRIK_NA,BENIGN,True,False,42668335456.256,Financial Services,
STWD,basis_gates,FRAMEWORK_METRIK_NA,BENIGN,True,False,4418226757.632,Real Estate,
SUI,basis_gates,FRAMEWORK_METRIK_NA,BENIGN,True,False,12776904283.647999,Real Estate,
SUNN.SW,basis_gates,GATE_REVENUE_GROWTH,BENIGN,True,False,3131447771.3408,Communication Services,
SW.PA,basis_gates,GATE_GROSS_MARGIN,BENIGN,True,False,7835961344.0,Industrials,
SWED-A.ST,basis_gates,FRAMEWORK_METRIK_NA,BENIGN,True,False,40282533945.67168,Financial Services,
SWKS,basis_gates,GATE_REVENUE_GROWTH,REVIEW,True,False,11014569510.4,Technology,
SWX,basis_gates,GATE_REVENUE_GROWTH,BENIGN,True,False,5373511714.047999,Utilities,
SYF,basis_gates,FRAMEWORK_METRIK_NA,BENIGN,True,False,20812387412.992,Financial Services,
SYY,basis_gates,GATE_GROSS_MARGIN,BENIGN,True,False,33412461002.752,Consumer Defensive,
TBCG.L,basis_gates,FRAMEWORK_METRIK_NA,BENIGN,True,False,3299188041.216,Financial Services,
TCBI,basis_gates,FRAMEWORK_METRIK_NA,BENIGN,True,False,3622266573.184,Financial Services,
TE.PA,basis_gates,GATE_GROSS_MARGIN,BENIGN,True,False,4946752512.0,Energy,
TEF.MC,basis_gates,GATE_REVENUE_GROWTH,REVIEW,True,False,19254257664.0,Communication Services,
TFC,basis_gates,FRAMEWORK_METRIK_NA,BENIGN,True,False,50658545334.271996,Financial Services,
THG,basis_gates,FRAMEWORK_METRIK_NA,BENIGN,True,False,6858779812.608,Financial Services,
THO,basis_gates,GATE_GROSS_MARGIN,BENIGN,True,False,3041653762.4319997,Consumer Cyclical,
TKA.DE,basis_gates,GATE_GROSS_MARGIN,BENIGN,True,False,8587825152.0,Industrials,
TLX.DE,basis_gates,FRAMEWORK_METRIK_NA,BENIGN,True,False,30625957888.0,Financial Services,
TOST,basis_gates,GATE_GROSS_MARGIN,BENIGN,True,False,15450881650.688,Technology,
TPEIR.AT,basis_gates,FRAMEWORK_METRIK_NA,BENIGN,True,False,12541791232.0,Financial Services,
TRV,basis_gates,FRAMEWORK_METRIK_NA,BENIGN,True,False,66891724083.2,Financial Services,
TRYG.CO,basis_gates,FRAMEWORK_METRIK_NA,BENIGN,True,False,11494024685.9776,Financial Services,
TSCO.L,basis_gates,GATE_GROSS_MARGIN,BENIGN,True,False,34463826561.024,Consumer Defensive,
TSN,basis_gates,GATE_GROSS_MARGIN,BENIGN,True,False,16286860685.311998,Consumer Defensive,
TTMI,basis_gates,GATE_GROSS_MARGIN,BENIGN,True,False,12803911398.911999,Technology,
TUB.BR,basis_gates,FRAMEWORK_METRIK_NA,BENIGN,True,False,7580495872.0,Healthcare,
TUI1.DE,basis_gates,GATE_GROSS_MARGIN,BENIGN,True,False,3451545856.0,Consumer Cyclical,
TXRH,basis_gates,GATE_GROSS_MARGIN,BENIGN,True,False,9195658007.552,Consumer Cyclical,
UBSG.SW,basis_gates,FRAMEWORK_METRIK_NA,BENIGN,True,False,131262469673.7792,Financial Services,
UBSI,basis_gates,FRAMEWORK_METRIK_NA,BENIGN,True,False,5644229653.504,Financial Services,
UCG.MI,basis_gates,FRAMEWORK_METRIK_NA,BENIGN,True,False,119957667840.0,Financial Services,
UDR,basis_gates,FRAMEWORK_METRIK_NA,BENIGN,True,False,11083709514.751999,Real Estate,
UFPI,basis_gates,GATE_GROSS_MARGIN,BENIGN,True,False,3824945689.088,Basic Materials,
UGI,basis_gates,GATE_REVENUE_GROWTH,BENIGN,True,False,7092433718.016,Utilities,
UMBF,basis_gates,FRAMEWORK_METRIK_NA,BENIGN,True,False,8795457181.696,Financial Services,
UMI.BR,basis_gates,GATE_GROSS_MARGIN,BENIGN,True,False,5034761728.0,Industrials,
UNH,basis_gates,GATE_GROSS_MARGIN,BENIGN,True,False,295948088049.664,Healthcare,
UNI.MC,basis_gates,FRAMEWORK_METRIK_NA,BENIGN,True,False,8674099200.0,Financial Services,
UNI.MI,basis_gates,FRAMEWORK_METRIK_NA,BENIGN,True,False,19414767616.0,Financial Services,
UNM,basis_gates,FRAMEWORK_METRIK_NA,BENIGN,True,False,12584607305.727999,Financial Services,
UPM.HE,basis_gates,GATE_GROSS_MARGIN,BENIGN,True,False,12861432832.0,Basic Materials,
URW.PA,basis_gates,FRAMEWORK_METRIK_NA,BENIGN,True,False,12743941120.0,Real Estate,
USB,basis_gates,FRAMEWORK_METRIK_NA,BENIGN,True,False,79888500281.344,Financial Services,
USFD,basis_gates,GATE_GROSS_MARGIN,BENIGN,True,False,18472983691.264,Consumer Defensive,
UTG.L,basis_gates,FRAMEWORK_METRIK_NA,BENIGN,False,False,2769929697.024,Real Estate,
VAL,basis_gates,GATE_GROSS_MARGIN,BENIGN,True,False,5170675808.256,Energy,
VATN.SW,basis_gates,FRAMEWORK_METRIK_NA,BENIGN,False,False,2579980211.968,Financial Services,
VER.VI,basis_gates,GATE_REVENUE_GROWTH,REVIEW,True,False,22078265344.0,Utilities,
VFC,basis_gates,GATE_REVENUE_GROWTH,BENIGN,True,False,4964541609.216,Consumer Cyclical,
VICI,basis_gates,FRAMEWORK_METRIK_NA,BENIGN,True,False,22194216178.688,Real Estate,
VIE.PA,basis_gates,GATE_GROSS_MARGIN,BENIGN,True,False,22699800576.0,Industrials,
VK.PA,basis_gates,GATE_GROSS_MARGIN,BENIGN,True,False,4921816576.0,Basic Materials,
VLO,basis_gates,GATE_GROSS_MARGIN,BENIGN,True,False,106145339187.2,Energy,
VLY,basis_gates,FRAMEWORK_METRIK_NA,BENIGN,True,False,6308352364.544,Financial Services,
VMRK,basis_gates,FRAMEWORK_METRIK_NA,BENIGN,True,False,41023840950.271996,Real Estate,
VNO,basis_gates,FRAMEWORK_METRIK_NA,BENIGN,True,False,6118903165.696,Real Estate,
VNT,basis_gates,GATE_REVENUE_GROWTH,BENIGN,True,False,3809978759.1679997,Technology,
VOE.VI,basis_gates,GATE_GROSS_MARGIN,BENIGN,True,False,7557543936.0,Basic Materials,
VONN.SW,basis_gates,FRAMEWORK_METRIK_NA,BENIGN,True,False,5457889644.1344,Financial Services,
VOYA,basis_gates,FRAMEWORK_METRIK_NA,BENIGN,True,False,7858594923.007999,Financial Services,
VTR,basis_gates,FRAMEWORK_METRIK_NA,BENIGN,True,False,38234158579.712,Real Estate,
VWS.CO,basis_gates,GATE_GROSS_MARGIN,BENIGN,True,False,25460871244.84096,Industrials,
WAL,basis_gates,FRAMEWORK_METRIK_NA,BENIGN,True,False,7392020167.679999,Financial Services,
WDP.BR,basis_gates,FRAMEWORK_METRIK_NA,BENIGN,True,False,4509931008.0,Real Estate,
WELL,basis_gates,FRAMEWORK_METRIK_NA,BENIGN,True,False,146252921028.608,Real Estate,
WFC,basis_gates,FRAMEWORK_METRIK_NA,BENIGN,True,False,219580671459.328,Financial Services,
WHR,basis_gates,GATE_MARKET_CAP,BENIGN,False,False,1741141664.3839998,Consumer Cyclical,
WLK,basis_gates,GATE_GROSS_MARGIN,BENIGN,True,False,7258519625.983999,Basic Materials,
WPC,basis_gates,FRAMEWORK_METRIK_NA,BENIGN,True,False,13103931017.727999,Real Estate,
WPP.L,basis_gates,GATE_GROSS_MARGIN,BENIGN,True,False,4729494551.04,Communication Services,
WRB,basis_gates,FRAMEWORK_METRIK_NA,BENIGN,True,False,22991050232.832,Financial Services,
WTFC,basis_gates,FRAMEWORK_METRIK_NA,BENIGN,True,False,8750628510.72,Financial Services,
WY,basis_gates,FRAMEWORK_METRIK_NA,BENIGN,True,False,11973660786.688,Real Estate,
XEL,basis_gates,GATE_REVENUE_GROWTH,REVIEW,True,False,39913047355.392,Utilities,
XPO,basis_gates,GATE_GROSS_MARGIN,BENIGN,True,False,18976754394.112,Industrials,
XRAY,basis_gates,GATE_MARKET_CAP,BENIGN,False,False,1523983105.024,Healthcare,
ZION,basis_gates,FRAMEWORK_METRIK_NA,BENIGN,True,False,8229927238.655999,Financial Services,
ZURN.SW,basis_gates,FRAMEWORK_METRIK_NA,BENIGN,True,False,92058657811.6608,Financial Services,
AES,edgar_gates,GATE_RESTATEMENT,BENIGN,True,False,9481642763.264,Utilities,
AVAV,edgar_gates,GATE_RESTATEMENT,BENIGN,True,False,6453933259.007999,Industrials,
AXON,edgar_gates,GATE_RESTATEMENT,BENIGN,True,False,29847030649.856,Industrials,
CPAY,edgar_gates,GATE_RESTATEMENT,BENIGN,True,False,23377334872.064,Technology,
MPWR,edgar_gates,GATE_RESTATEMENT,BENIGN,True,False,64052975378.432,Technology,
RGEN,edgar_gates,GATE_RESTATEMENT,BENIGN,True,False,9247798062.592,Healthcare,
SITM,edgar_gates,GATE_RESTATEMENT,BENIGN,True,False,19015145322.496,Technology,
TRU,edgar_gates,GATE_RESTATEMENT,BENIGN,True,False,10911432346.112,Financial Services,
A,crosshits,SCORE_BELOW_THRESHOLD,BENIGN,True,False,42524145358.848,Healthcare,growth=3 profitability=3 resilience=3 steadiness=4.33
AAF.L,crosshits,SCORE_BELOW_THRESHOLD,BENIGN,True,False,13314563730.432001,Communication Services,growth=3 profitability=4 resilience=3 steadiness=n/a(no_sec_registrant)
AAL,crosshits,SCORE_BELOW_THRESHOLD,BENIGN,True,False,7624688601.856,Industrials,growth=4 profitability=1 resilience=2 steadiness=2.0
AAL.L,crosshits,SCORE_BELOW_THRESHOLD,BENIGN,True,False,52438930735.104004,Basic Materials,growth=3 profitability=0 resilience=3 steadiness=n/a(no_sec_registrant)
AALB.AS,crosshits,SCORE_BELOW_THRESHOLD,BENIGN,True,False,4608293376.0,Industrials,growth=1 profitability=2 resilience=4 steadiness=n/a(no_sec_registrant)
AAON,crosshits,SCORE_BELOW_THRESHOLD,BENIGN,True,False,6157716308.48,Industrials,growth=5 profitability=2 resilience=3 steadiness=4.67
AAPL,crosshits,SCORE_BELOW_THRESHOLD,BENIGN,True,False,4347659341791.232,Technology,growth=4 profitability=5 resilience=2 steadiness=4.33
ABBN.SW,crosshits,SCORE_BELOW_THRESHOLD,BENIGN,True,False,158619657063.6288,Industrials,growth=3 profitability=4 resilience=3 steadiness=n/a(no_sec_registrant)
ABBV,crosshits,SCORE_BELOW_THRESHOLD,BENIGN,True,False,412294010290.17596,Healthcare,growth=3 profitability=5 resilience=4 steadiness=4.0
ABI.BR,crosshits,SCORE_BELOW_THRESHOLD,BENIGN,True,False,130001879040.0,Consumer Defensive,growth=3 profitability=3 resilience=4 steadiness=n/a(no_sec_registrant)
ABNB,crosshits,SCORE_BELOW_THRESHOLD,BENIGN,True,False,87385910640.64,Consumer Cyclical,growth=4 profitability=4 resilience=5 steadiness=2.0
ABT,crosshits,SCORE_BELOW_THRESHOLD,BENIGN,True,False,155073000841.216,Healthcare,growth=3 profitability=2 resilience=3 steadiness=4.0
ABVX.PA,crosshits,SCORE_BELOW_THRESHOLD,BENIGN,True,False,7082084864.0,Healthcare,growth=1 profitability=0 resilience=5 steadiness=n/a(no_sec_registrant)
ACI,crosshits,SCORE_BELOW_THRESHOLD,BENIGN,True,False,5084643576.32,Consumer Defensive,growth=1 profitability=1 resilience=0 steadiness=4.33
ACKB.BR,crosshits,SCORE_BELOW_THRESHOLD,BENIGN,True,False,8518339584.0,Industrials,growth=1 profitability=2 resilience=4 steadiness=n/a(no_sec_registrant)
ACLN.SW,crosshits,SCORE_BELOW_THRESHOLD,BENIGN,True,False,7510069378.7648,Industrials,growth=4 profitability=5 resilience=3 steadiness=n/a(no_sec_registrant)
ACN,crosshits,SCORE_BELOW_THRESHOLD,BENIGN,True,False,105808714264.57599,Technology,growth=2 profitability=3 resilience=2 steadiness=5
ACS.MC,crosshits,SCORE_BELOW_THRESHOLD,BENIGN,True,False,24322646016.0,Industrials,growth=3 profitability=2 resilience=2 steadiness=n/a(no_sec_registrant)
ACX.MC,crosshits,SCORE_BELOW_THRESHOLD,BENIGN,True,False,4293005056.0,Basic Materials,growth=2 profitability=1 resilience=2 steadiness=n/a(no_sec_registrant)
AD.AS,crosshits,SCORE_BELOW_THRESHOLD,BENIGN,True,False,27523502080.0,Consumer Defensive,growth=1 profitability=2 resilience=2 steadiness=n/a(no_sec_registrant)
ADBE,crosshits,SCORE_BELOW_THRESHOLD,BENIGN,True,False,82754511712.256,Technology,growth=3 profitability=4 resilience=3 steadiness=4.67
ADDT-B.ST,crosshits,SCORE_BELOW_THRESHOLD,BENIGN,True,False,8166324372.439039,Industrials,growth=2 profitability=3 resilience=3 steadiness=n/a(no_sec_registrant)
ADI,crosshits,SCORE_BELOW_THRESHOLD,BENIGN,True,False,178662467182.59198,Technology,growth=4 profitability=3 resilience=3 steadiness=3.67
ADP,crosshits,SCORE_BELOW_THRESHOLD,BENIGN,True,False,91108839288.832,Technology,growth=3 profitability=4 resilience=2 steadiness=5
ADP.PA,crosshits,SCORE_BELOW_THRESHOLD,BENIGN,True,False,10604563456.0,Industrials,growth=2 profitability=3 resilience=3 steadiness=n/a(no_sec_registrant)
ADS.DE,crosshits,SCORE_BELOW_THRESHOLD,BENIGN,True,False,24858929152.0,Consumer Cyclical,growth=3 profitability=3 resilience=3 steadiness=n/a(no_sec_registrant)
ADSK,crosshits,SCORE_BELOW_THRESHOLD,BENIGN,True,False,41427165706.24,Technology,growth=4 profitability=4 resilience=3 steadiness=3.67
AEE,crosshits,SCORE_BELOW_THRESHOLD,BENIGN,True,False,24744747184.128,Utilities,growth=1 profitability=3 resilience=3 steadiness=4.0
AEIS,crosshits,SCORE_BELOW_THRESHOLD,BENIGN,True,False,10710597964.8,Industrials,growth=3 profitability=3 resilience=3 steadiness=3.0
AENA.MC,crosshits,SCORE_BELOW_THRESHOLD,BENIGN,True,False,38250000384.0,Industrials,growth=3 profitability=4 resilience=3 steadiness=n/a(no_sec_registrant)
AEP,crosshits,SCORE_BELOW_THRESHOLD,BENIGN,True,False,58297870854.144,Utilities,growth=3 profitability=3 resilience=3 steadiness=3.0
AI.PA,crosshits,SCORE_BELOW_THRESHOLD,BENIGN,True,False,109164322816.0,Basic Materials,growth=1 profitability=3 resilience=3 steadiness=n/a(no_sec_registrant)
AIR.PA,crosshits,SCORE_BELOW_THRESHOLD,BENIGN,True,False,149938077696.0,Industrials,growth=4 profitability=3 resilience=2 steadiness=n/a(no_sec_registrant)
AIT,crosshits,SCORE_BELOW_THRESHOLD,BENIGN,True,False,11330900754.944,Industrials,growth=3 profitability=3 resilience=3 steadiness=4.0
AIXA.DE,crosshits,SCORE_BELOW_THRESHOLD,BENIGN,True,False,4394137088.0,Technology,growth=1 profitability=2 resilience=2 steadiness=n/a(no_sec_registrant)
AJG,crosshits,SCORE_BELOW_THRESHOLD,BENIGN,True,False,51621044451.327995,Financial Services,growth=5 profitability=2 resilience=2 steadiness=4.67
AKAM,crosshits,SCORE_BELOW_THRESHOLD,BENIGN,True,False,13778385885.696,Technology,growth=2 profitability=2 resilience=2 steadiness=4.67
AKE.PA,crosshits,SCORE_BELOW_THRESHOLD,BENIGN,True,False,4092202496.0,Basic Materials,growth=2 profitability=1 resilience=2 steadiness=n/a(no_sec_registrant)
AKRBP.OL,crosshits,SCORE_BELOW_THRESHOLD,BENIGN,True,False,20071820752.486397,Energy,growth=3 profitability=3 resilience=3 steadiness=n/a(no_sec_registrant)
ALB,crosshits,SCORE_BELOW_THRESHOLD,BENIGN,True,False,11052470213.632,Basic Materials,growth=3 profitability=3 resilience=3 steadiness=1.33
ALC.SW,crosshits,SCORE_BELOW_THRESHOLD,BENIGN,True,False,27635775349.5552,Healthcare,growth=3 profitability=2 resilience=3 steadiness=n/a(no_sec_registrant)
ALE.WA,crosshits,SCORE_BELOW_THRESHOLD,BENIGN,True,False,11513708522.61888,Consumer Cyclical,growth=4 profitability=3 resilience=3 steadiness=n/a(no_sec_registrant)
ALFA.ST,crosshits,SCORE_BELOW_THRESHOLD,BENIGN,True,False,20612742044.0576,Industrials,growth=3 profitability=3 resilience=3 steadiness=n/a(no_sec_registrant)
ALGM,crosshits,SCORE_BELOW_THRESHOLD,BENIGN,True,False,6424419331.328,Technology,growth=4 profitability=1 resilience=3 steadiness=2.67
ALGN,crosshits,SCORE_BELOW_THRESHOLD,BENIGN,True,False,8948974337.536,Healthcare,growth=2 profitability=2 resilience=4 steadiness=4.33
ALK,crosshits,SCORE_BELOW_THRESHOLD,BENIGN,True,False,3940682643.968,Industrials,growth=3 profitability=0 resilience=1 steadiness=2.0
ALK-B.CO,crosshits,SCORE_BELOW_THRESHOLD,BENIGN,True,False,6018622802.20672,Healthcare,growth=4 profitability=3 resilience=4 steadiness=n/a(no_sec_registrant)
ALLE,crosshits,SCORE_BELOW_THRESHOLD,BENIGN,True,False,11680092603.904,Industrials,growth=3 profitability=4 resilience=3 steadiness=4.33
ALLFG.AS,crosshits,SCORE_BELOW_THRESHOLD,BENIGN,True,False,5601703936.0,Financial Services,growth=3 profitability=2 resilience=4 steadiness=n/a(no_sec_registrant)
ALLN.SW,crosshits,SCORE_BELOW_THRESHOLD,BENIGN,True,False,3309311692.0832,Real Estate,growth=1 profitability=3 resilience=3 steadiness=n/a(no_sec_registrant)
ALSN,crosshits,SCORE_BELOW_THRESHOLD,BENIGN,True,False,8622921663.487999,Consumer Cyclical,growth=4 profitability=3 resilience=2 steadiness=3.67
ALV,crosshits,SCORE_BELOW_THRESHOLD,BENIGN,True,False,7313569080.575999,Consumer Cyclical,growth=2 profitability=3 resilience=2 steadiness=3.33
AM,crosshits,SCORE_BELOW_THRESHOLD,BENIGN,True,False,8759657965.056,Energy,growth=3 profitability=4 resilience=3 steadiness=2.0
AM.PA,crosshits,SCORE_BELOW_THRESHOLD,BENIGN,True,False,22097195008.0,Industrials,growth=4 profitability=2 resilience=4 steadiness=n/a(no_sec_registrant)
AMAT,crosshits,SCORE_BELOW_THRESHOLD,BENIGN,True,False,380174414512.128,Technology,growth=4 profitability=4 resilience=3 steadiness=4.67
AMCR,crosshits,SCORE_BELOW_THRESHOLD,BENIGN,True,False,17053656809.472,Consumer Cyclical,growth=4 profitability=2 resilience=2 steadiness=4.33
AMD,crosshits,SCORE_BELOW_THRESHOLD,BENIGN,True,False,918187933958.1439,Technology,growth=4 profitability=2 resilience=3 steadiness=3.0
AME,crosshits,SCORE_BELOW_THRESHOLD,BENIGN,True,False,51713991870.464,Industrials,growth=4 profitability=3 resilience=4 steadiness=4.67
AMGN,crosshits,SCORE_BELOW_THRESHOLD,BENIGN,True,False,192688157507.58398,Healthcare,growth=3 profitability=5 resilience=0 steadiness=3.67
AMS.MC,crosshits,SCORE_BELOW_THRESHOLD,BENIGN,True,False,22360092672.0,Technology,growth=2 profitability=3 resilience=2 steadiness=n/a(no_sec_registrant)
AMUN.PA,crosshits,SCORE_BELOW_THRESHOLD,BENIGN,True,False,17836607488.0,Financial Services,growth=4 profitability=2 resilience=2 steadiness=n/a(no_sec_registrant)
AMZN,crosshits,SCORE_BELOW_THRESHOLD,BENIGN,True,False,2418519685595.1357,Consumer Cyclical,growth=4 profitability=3 resilience=3 steadiness=4.33
ANA.MC,crosshits,SCORE_BELOW_THRESHOLD,BENIGN,True,False,11183581184.0,Industrials,growth=2 profitability=1 resilience=3 steadiness=n/a(no_sec_registrant)
ANDR.VI,crosshits,SCORE_BELOW_THRESHOLD,BENIGN,True,False,8075100672.0,Industrials,growth=3 profitability=2 resilience=4 steadiness=n/a(no_sec_registrant)
ANET,crosshits,SCORE_BELOW_THRESHOLD,BENIGN,True,False,233584700588.03198,Technology,growth=5 profitability=4 resilience=3 steadiness=4.0
ANF,crosshits,SCORE_BELOW_THRESHOLD,BENIGN,True,False,5245920348.16,Consumer Cyclical,growth=2 profitability=4 resilience=3 steadiness=3.33
ANTO.L,crosshits,SCORE_BELOW_THRESHOLD,BENIGN,True,False,44354321362.944,Basic Materials,growth=4 profitability=4 resilience=3 steadiness=n/a(no_sec_registrant)
AON,crosshits,SCORE_BELOW_THRESHOLD,BENIGN,True,False,51081398761.472,Financial Services,growth=2 profitability=3 resilience=2 steadiness=4.67
AOS,crosshits,SCORE_BELOW_THRESHOLD,BENIGN,True,False,6855979504.127999,Industrials,growth=1 profitability=4 resilience=3 steadiness=3.67
APA,crosshits,SCORE_BELOW_THRESHOLD,BENIGN,True,False,13611707508.223999,Energy,growth=3 profitability=4 resilience=3 steadiness=n/a(no_concept)
APD,crosshits,SCORE_BELOW_THRESHOLD,BENIGN,True,False,55459706402.815994,Basic Materials,growth=2 profitability=3 resilience=2 steadiness=2.0
APG,crosshits,SCORE_BELOW_THRESHOLD,BENIGN,True,False,15781698728.96,Industrials,growth=3 profitability=2 resilience=2 steadiness=2.67
APH,crosshits,SCORE_BELOW_THRESHOLD,BENIGN,True,False,191096753381.37598,Technology,growth=4 profitability=4 resilience=2 steadiness=4.67
APO,crosshits,SCORE_BELOW_THRESHOLD,BENIGN,True,False,60367595968.512,Financial Services,growth=4 profitability=2 resilience=2 steadiness=n/a(series_too_short)
APP,crosshits,SCORE_BELOW_THRESHOLD,BENIGN,True,False,85256927621.12,Communication Services,growth=4 profitability=5 resilience=3 steadiness=3.0
APPF,crosshits,SCORE_BELOW_THRESHOLD,BENIGN,True,False,6581494499.328,Technology,growth=4 profitability=3 resilience=4 steadiness=3.0
APTV,crosshits,SCORE_BELOW_THRESHOLD,BENIGN,True,False,8368000932.863999,Consumer Cyclical,growth=2 profitability=2 resilience=2 steadiness=3.33
AR,crosshits,SCORE_BELOW_THRESHOLD,BENIGN,True,False,9409258326.528,Energy,growth=3 profitability=3 resilience=3 steadiness=1.67
ARCAD.AS,crosshits,SCORE_BELOW_THRESHOLD,BENIGN,True,False,3391206656.0,Industrials,growth=1 profitability=2 resilience=1 steadiness=n/a(no_sec_registrant)
ARES,crosshits,SCORE_BELOW_THRESHOLD,BENIGN,True,False,34558700523.52,Financial Services,growth=3 profitability=2 resilience=3 steadiness=3.67
ARWR,crosshits,SCORE_BELOW_THRESHOLD,BENIGN,True,False,7849004950.528,Healthcare,growth=3 profitability=0 resilience=3 steadiness=1.0
ASH,crosshits,SCORE_BELOW_THRESHOLD,BENIGN,False,False,2803030051.2,Basic Materials,growth=3 profitability=2 resilience=2 steadiness=1.0
ASM.AS,crosshits,SCORE_BELOW_THRESHOLD,BENIGN,True,False,46210199552.0,Technology,growth=4 profitability=4 resilience=3 steadiness=n/a(no_sec_registrant)
ASML.AS,crosshits,SCORE_BELOW_THRESHOLD,BENIGN,True,False,636223225856.0,Technology,growth=4 profitability=4 resilience=3 steadiness=n/a(no_sec_registrant)
ASSA-B.ST,crosshits,SCORE_BELOW_THRESHOLD,BENIGN,True,False,34665944598.446075,Industrials,growth=2 profitability=3 resilience=3 steadiness=n/a(no_sec_registrant)
ATCO-A.ST,crosshits,SCORE_BELOW_THRESHOLD,BENIGN,True,False,90008443979.03871,Industrials,growth=3 profitability=4 resilience=4 steadiness=n/a(no_sec_registrant)
ATI,crosshits,SCORE_BELOW_THRESHOLD,BENIGN,True,False,23609073521.663998,Industrials,growth=3 profitability=3 resilience=2 steadiness=1.67
ATO,crosshits,SCORE_BELOW_THRESHOLD,BENIGN,True,False,23804727218.176,Utilities,growth=2 profitability=4 resilience=4 steadiness=3.67
ATR,crosshits,SCORE_BELOW_THRESHOLD,BENIGN,True,False,6799641496.832,Healthcare,growth=2 profitability=2 resilience=2 steadiness=5
AUTO.L,crosshits,SCORE_BELOW_THRESHOLD,BENIGN,True,False,4195364163.84,Communication Services,growth=2 profitability=5 resilience=4 steadiness=n/a(no_sec_registrant)
AVGO,crosshits,SCORE_BELOW_THRESHOLD,BENIGN,True,False,1542815740526.592,Technology,growth=5 profitability=5 resilience=3 steadiness=3.33
AVNT,crosshits,SCORE_BELOW_THRESHOLD,BENIGN,True,False,3391735684.9919996,Basic Materials,growth=2 profitability=2 resilience=2 steadiness=3.0
AVOL.SW,crosshits,SCORE_BELOW_THRESHOLD,BENIGN,True,False,6456815581.7984,Consumer Cyclical,growth=1 profitability=2 resilience=0 steadiness=n/a(no_sec_registrant)
AVTR,crosshits,SCORE_BELOW_THRESHOLD,BENIGN,True,False,9288812654.08,Healthcare,growth=1 profitability=0 resilience=2 steadiness=2.33
AVY,crosshits,SCORE_BELOW_THRESHOLD,BENIGN,True,False,11478621021.184,Consumer Cyclical,growth=3 profitability=3 resilience=2 steadiness=3.33
AWK,crosshits,SCORE_BELOW_THRESHOLD,BENIGN,True,False,22765059176.447998,Utilities,growth=2 profitability=4 resilience=4 steadiness=4
AXFO.ST,crosshits,SCORE_BELOW_THRESHOLD,BENIGN,True,False,4772691256.770559,Consumer Defensive,growth=1 profitability=3 resilience=1 steadiness=n/a(no_sec_registrant)
AXTA,crosshits,SCORE_BELOW_THRESHOLD,BENIGN,True,False,6279189445.375999,Basic Materials,growth=2 profitability=3 resilience=2 steadiness=3.67
AYI,crosshits,SCORE_BELOW_THRESHOLD,BENIGN,True,False,8063373927.936,Industrials,growth=2 profitability=3 resilience=4 steadiness=3.67
AYV.PA,crosshits,SCORE_BELOW_THRESHOLD,BENIGN,True,False,6981332480.0,Industrials,growth=2 profitability=2 resilience=0 steadiness=n/a(no_sec_registrant)
AZM.MI,crosshits,SCORE_BELOW_THRESHOLD,BENIGN,True,False,5261450240.0,Financial Services,growth=4 profitability=3 resilience=3 steadiness=n/a(no_sec_registrant)
AZN.L,crosshits,SCORE_BELOW_THRESHOLD,BENIGN,True,False,214777707282.432,Healthcare,growth=2 profitability=3 resilience=3 steadiness=n/a(no_sec_registrant)
AZO,crosshits,SCORE_BELOW_THRESHOLD,BENIGN,True,False,39915424536.576,Consumer Cyclical,growth=2 profitability=4 resilience=3 steadiness=5
BA.L,crosshits,SCORE_BELOW_THRESHOLD,BENIGN,True,False,66829667254.272,Industrials,growth=3 profitability=2 resilience=2 steadiness=n/a(no_sec_registrant)
BAB.L,crosshits,SCORE_BELOW_THRESHOLD,BENIGN,True,False,5342580587.52,Industrials,growth=3 profitability=3 resilience=3 steadiness=n/a(no_sec_registrant)
BALD-B.ST,crosshits,SCORE_BELOW_THRESHOLD,BENIGN,True,False,4735707114.20928,Real Estate,growth=2 profitability=3 resilience=3 steadiness=n/a(no_sec_registrant)
BALL,crosshits,SCORE_BELOW_THRESHOLD,BENIGN,True,False,13425012060.16,Consumer Cyclical,growth=3 profitability=2 resilience=2 steadiness=3.0
BAMNB.AS,crosshits,SCORE_BELOW_THRESHOLD,BENIGN,True,False,3168630528.0,Industrials,growth=2 profitability=2 resilience=3 steadiness=n/a(no_sec_registrant)
BATS.L,crosshits,SCORE_BELOW_THRESHOLD,BENIGN,True,False,100968984723.45601,Consumer Defensive,growth=2 profitability=3 resilience=4 steadiness=n/a(no_sec_registrant)
BAX,crosshits,SCORE_BELOW_THRESHOLD,BENIGN,True,False,10978683568.64,Healthcare,growth=2 profitability=0 resilience=1 steadiness=2.33
BAYN.DE,crosshits,SCORE_BELOW_THRESHOLD,BENIGN,True,False,43039997952.0,Healthcare,growth=2 profitability=0 resilience=2 steadiness=n/a(no_sec_registrant)
BBY,crosshits,SCORE_BELOW_THRESHOLD,BENIGN,True,False,16253496162.303999,Consumer Cyclical,growth=2 profitability=3 resilience=2 steadiness=3.67
BC.MI,crosshits,SCORE_BELOW_THRESHOLD,BENIGN,True,False,5493040128.0,Consumer Cyclical,growth=3 profitability=3 resilience=3 steadiness=n/a(no_sec_registrant)
BC8.DE,crosshits,SCORE_BELOW_THRESHOLD,BENIGN,True,False,4323060224.0,Technology,growth=4 profitability=2 resilience=2 steadiness=n/a(no_sec_registrant)
BDC,crosshits,SCORE_BELOW_THRESHOLD,BENIGN,True,False,3935323944.448,Technology,growth=3 profitability=2 resilience=2 steadiness=2.0
BDX,crosshits,SCORE_BELOW_THRESHOLD,BENIGN,True,False,43272811368.448,Healthcare,growth=2 profitability=2 resilience=2 steadiness=3.33
BE,crosshits,SCORE_BELOW_THRESHOLD,BENIGN,True,False,76287424991.232,Industrials,growth=5 profitability=3 resilience=2 steadiness=3.33
BEI.DE,crosshits,SCORE_BELOW_THRESHOLD,BENIGN,True,False,16550988800.0,Consumer Defensive,growth=1 profitability=2 resilience=5 steadiness=n/a(no_sec_registrant)
BEIJ-B.ST,crosshits,SCORE_BELOW_THRESHOLD,BENIGN,True,False,6639179825.151999,Industrials,growth=2 profitability=2 resilience=3 steadiness=n/a(no_sec_registrant)
BELA.AT,crosshits,SCORE_BELOW_THRESHOLD,BENIGN,True,False,3340328192.0,Consumer Cyclical,growth=2 profitability=3 resilience=4 steadiness=n/a(no_sec_registrant)
BEN,crosshits,SCORE_BELOW_THRESHOLD,BENIGN,True,False,14743539704.32,Financial Services,growth=3 profitability=1 resilience=2 steadiness=2.67
BESI.AS,crosshits,SCORE_BELOW_THRESHOLD,BENIGN,True,False,15920723968.0,Technology,growth=3 profitability=4 resilience=3 steadiness=n/a(no_sec_registrant)
BFT.WA,crosshits,SCORE_BELOW_THRESHOLD,BENIGN,True,False,3870791817.03168,Consumer Cyclical,growth=5 profitability=3 resilience=2 steadiness=n/a(no_sec_registrant)
BIIB,crosshits,SCORE_BELOW_THRESHOLD,BENIGN,True,False,28986894561.28,Healthcare,growth=2 profitability=2 resilience=4 steadiness=2.67
BILL,crosshits,SCORE_BELOW_THRESHOLD,BENIGN,True,False,3932530482.6879997,Technology,growth=3 profitability=0 resilience=3 steadiness=2.67
BIM.PA,crosshits,SCORE_BELOW_THRESHOLD,BENIGN,True,False,9300681728.0,Healthcare,growth=1 profitability=2 resilience=3 steadiness=n/a(no_sec_registrant)
BJ,crosshits,SCORE_BELOW_THRESHOLD,BENIGN,True,False,10639350083.584,Consumer Defensive,growth=4 profitability=3 resilience=2 steadiness=4.67
BKH,crosshits,SCORE_BELOW_THRESHOLD,BENIGN,True,False,4818399283.712,Utilities,growth=2 profitability=2 resilience=3 steadiness=3.0
BKNG,crosshits,SCORE_BELOW_THRESHOLD,BENIGN,True,False,108407889846.27199,Consumer Cyclical,growth=3 profitability=5 resilience=5 steadiness=3.33
BKR,crosshits,SCORE_BELOW_THRESHOLD,BENIGN,True,False,50717569538.048,Energy,growth=1 profitability=3 resilience=2 steadiness=1.33
BKW.SW,crosshits,SCORE_BELOW_THRESHOLD,BENIGN,True,False,6662006810.624,Utilities,growth=1 profitability=1 resilience=4 steadiness=n/a(no_sec_registrant)
BLK,crosshits,SCORE_BELOW_THRESHOLD,BENIGN,True,False,152719262826.496,Financial Services,growth=4 profitability=3 resilience=3 steadiness=n/a(series_too_short)
BME.L,crosshits,SCORE_BELOW_THRESHOLD,BENIGN,False,False,2870035361.28,Consumer Defensive,growth=2 profitability=3 resilience=0 steadiness=n/a(no_sec_registrant)
BMRN,crosshits,SCORE_BELOW_THRESHOLD,BENIGN,True,False,9910753179.647999,Healthcare,growth=4 profitability=2 resilience=2 steadiness=3.0
BMY,crosshits,SCORE_BELOW_THRESHOLD,BENIGN,True,False,106460339429.37599,Healthcare,growth=2 profitability=5 resilience=3 steadiness=1.67
BN.PA,crosshits,SCORE_BELOW_THRESHOLD,BENIGN,True,False,37280247808.0,Consumer Defensive,growth=2 profitability=2 resilience=3 steadiness=n/a(no_sec_registrant)
BNR.DE,crosshits,SCORE_BELOW_THRESHOLD,BENIGN,True,False,8472534016.0,Basic Materials,growth=3 profitability=2 resilience=2 steadiness=n/a(no_sec_registrant)
BP.L,crosshits,SCORE_BELOW_THRESHOLD,BENIGN,True,False,101884752543.744,Energy,growth=3 profitability=2 resilience=2 steadiness=n/a(no_sec_registrant)
BPT.L,crosshits,SCORE_BELOW_THRESHOLD,BENIGN,True,False,3888171922.176,Financial Services,growth=5 profitability=3 resilience=3 steadiness=n/a(no_sec_registrant)
BR,crosshits,SCORE_BELOW_THRESHOLD,BENIGN,True,False,15843375808.512,Technology,growth=3 profitability=4 resilience=1 steadiness=5
BRBY.L,crosshits,SCORE_BELOW_THRESHOLD,BENIGN,True,False,4238151035.9040003,Consumer Cyclical,growth=1 profitability=2 resilience=3 steadiness=n/a(no_sec_registrant)
BRKR,crosshits,SCORE_BELOW_THRESHOLD,BENIGN,True,False,8572805498.879999,Healthcare,growth=2 profitability=0 resilience=2 steadiness=3.33
BRO,crosshits,SCORE_BELOW_THRESHOLD,BENIGN,True,False,17914714923.008,Financial Services,growth=5 profitability=3 resilience=3 steadiness=5
BROS,crosshits,SCORE_BELOW_THRESHOLD,BENIGN,True,False,5954414369.28,Consumer Cyclical,growth=5 profitability=2 resilience=2 steadiness=3.33
BSX,crosshits,SCORE_BELOW_THRESHOLD,BENIGN,True,False,55594249015.296,Healthcare,growth=3 profitability=3 resilience=3 steadiness=3.0
BSY,crosshits,SCORE_BELOW_THRESHOLD,BENIGN,True,False,9364111054.848,Technology,growth=3 profitability=3 resilience=3 steadiness=4
BTRW.L,crosshits,SCORE_BELOW_THRESHOLD,BENIGN,True,False,5030436621.312,Consumer Cyclical,growth=2 profitability=2 resilience=3 steadiness=n/a(no_sec_registrant)
BURL,crosshits,SCORE_BELOW_THRESHOLD,BENIGN,True,False,15381729778.688,Consumer Cyclical,growth=3 profitability=3 resilience=2 steadiness=3.0
BWA,crosshits,SCORE_BELOW_THRESHOLD,BENIGN,True,False,11055690910.72,Consumer Cyclical,growth=1 profitability=2 resilience=2 steadiness=3.33
BWXT,crosshits,SCORE_BELOW_THRESHOLD,BENIGN,True,False,11264218266.623999,Industrials,growth=4 profitability=3 resilience=2 steadiness=5
BWY.L,crosshits,SCORE_BELOW_THRESHOLD,BENIGN,False,False,2719140867.072,Consumer Cyclical,growth=2 profitability=2 resilience=3 steadiness=n/a(no_sec_registrant)
BYD,crosshits,SCORE_BELOW_THRESHOLD,BENIGN,True,False,4438845883.136,Consumer Cyclical,growth=1 profitability=4 resilience=3 steadiness=3.0
BZU.MI,crosshits,SCORE_BELOW_THRESHOLD,BENIGN,True,False,6640368128.0,Basic Materials,growth=1 profitability=2 resilience=4 steadiness=n/a(no_sec_registrant)
CA.PA,crosshits,SCORE_BELOW_THRESHOLD,BENIGN,True,False,10914934784.0,Consumer Defensive,growth=2 profitability=1 resilience=1 steadiness=n/a(no_sec_registrant)
CACI,crosshits,SCORE_BELOW_THRESHOLD,BENIGN,True,False,12307117047.296,Technology,growth=4 profitability=2 resilience=1 steadiness=4.67
CAP.PA,crosshits,SCORE_BELOW_THRESHOLD,BENIGN,True,False,18011240448.0,Technology,growth=3 profitability=2 resilience=1 steadiness=n/a(no_sec_registrant)
CARL-B.CO,crosshits,SCORE_BELOW_THRESHOLD,BENIGN,True,False,15126863101.29664,Consumer Defensive,growth=2 profitability=3 resilience=3 steadiness=n/a(no_sec_registrant)
CARR,crosshits,SCORE_BELOW_THRESHOLD,BENIGN,True,False,40825395617.792,Industrials,growth=2 profitability=2 resilience=2 steadiness=3.0
CART,crosshits,SCORE_BELOW_THRESHOLD,BENIGN,True,False,9662983163.392,Consumer Cyclical,growth=3 profitability=3 resilience=5 steadiness=n/a(series_too_short)
CAST.ST,crosshits,SCORE_BELOW_THRESHOLD,BENIGN,True,False,4594956878.315519,Real Estate,growth=1 profitability=3 resilience=3 steadiness=n/a(no_sec_registrant)
CASY,crosshits,SCORE_BELOW_THRESHOLD,BENIGN,True,False,20132444214.272,Consumer Cyclical,growth=4 profitability=2 resilience=3 steadiness=4.0
CAT,crosshits,SCORE_BELOW_THRESHOLD,BENIGN,True,False,347154016780.28796,Industrials,growth=4 profitability=5 resilience=2 steadiness=3.33
CAVA,crosshits,SCORE_BELOW_THRESHOLD,BENIGN,True,False,5565373697.024,Consumer Cyclical,growth=5 profitability=2 resilience=3 steadiness=n/a(series_too_short)
CBOE,crosshits,SCORE_BELOW_THRESHOLD,BENIGN,True,False,25479675934.719997,Financial Services,growth=4 profitability=3 resilience=3 steadiness=3.33
CBT,crosshits,SCORE_BELOW_THRESHOLD,BENIGN,True,False,3529081344.64,Basic Materials,growth=2 profitability=3 resilience=2 steadiness=2.67
CCH.L,crosshits,SCORE_BELOW_THRESHOLD,BENIGN,True,False,18288189831.168,Consumer Defensive,growth=3 profitability=3 resilience=2 steadiness=n/a(no_sec_registrant)
CCK,crosshits,SCORE_BELOW_THRESHOLD,BENIGN,True,False,10265154926.08,Consumer Cyclical,growth=3 profitability=3 resilience=2 steadiness=3.33
CCL,crosshits,SCORE_BELOW_THRESHOLD,BENIGN,True,False,30622621614.079998,Consumer Cyclical,growth=2 profitability=4 resilience=3 steadiness=1.67
CDE,crosshits,SCORE_BELOW_THRESHOLD,BENIGN,True,False,15771311798.272,Basic Materials,growth=5 profitability=3 resilience=4 steadiness=1.67
CDNS,crosshits,SCORE_BELOW_THRESHOLD,BENIGN,True,False,87978204868.608,Technology,growth=4 profitability=3 resilience=4 steadiness=5
CDW,crosshits,SCORE_BELOW_THRESHOLD,BENIGN,True,False,15240088486.911999,Technology,growth=3 profitability=3 resilience=1 steadiness=4.0
CELH,crosshits,SCORE_BELOW_THRESHOLD,BENIGN,True,False,6186551497.983999,Consumer Defensive,growth=3 profitability=3 resilience=4 steadiness=2.67
CF,crosshits,SCORE_BELOW_THRESHOLD,BENIGN,True,False,15746272886.783998,Basic Materials,growth=3 profitability=5 resilience=3 steadiness=2.67
CFR.SW,crosshits,SCORE_BELOW_THRESHOLD,BENIGN,True,False,110264746287.104,Consumer Cyclical,growth=2 profitability=3 resilience=4 steadiness=n/a(no_sec_registrant)
CGNX,crosshits,SCORE_BELOW_THRESHOLD,BENIGN,True,False,9672416117.76,Technology,growth=4 profitability=3 resilience=4 steadiness=3.33
CHD,crosshits,SCORE_BELOW_THRESHOLD,BENIGN,True,False,20237947604.992,Consumer Defensive,growth=2 profitability=3 resilience=3 steadiness=4.67
CHDN,crosshits,SCORE_BELOW_THRESHOLD,BENIGN,True,False,4831521707.264,Consumer Cyclical,growth=2 profitability=4 resilience=0 steadiness=3.0
CHE,crosshits,SCORE_BELOW_THRESHOLD,BENIGN,True,False,5865842460.672,Healthcare,growth=3 profitability=3 resilience=2 steadiness=4.33
CHH,crosshits,SCORE_BELOW_THRESHOLD,BENIGN,True,False,4016129846.784,Consumer Cyclical,growth=3 profitability=5 resilience=0 steadiness=4.0
CHRD,crosshits,SCORE_BELOW_THRESHOLD,BENIGN,True,False,6761254676.48,Energy,growth=4 profitability=2 resilience=3 steadiness=n/a(series_too_short)
CHTR,crosshits,SCORE_BELOW_THRESHOLD,BENIGN,True,False,12392665444.352,Communication Services,growth=1 profitability=3 resilience=0 steadiness=4.33
CIEN,crosshits,SCORE_BELOW_THRESHOLD,BENIGN,True,False,49364117231.616,Technology,growth=4 profitability=3 resilience=2 steadiness=3.0
CL,crosshits,SCORE_BELOW_THRESHOLD,BENIGN,True,False,60905236938.752,Consumer Defensive,growth=2 profitability=5 resilience=0 steadiness=4.67
CLH,crosshits,SCORE_BELOW_THRESHOLD,BENIGN,True,False,15181030505.984,Industrials,growth=3 profitability=3 resilience=2 steadiness=4.0
CMC,crosshits,SCORE_BELOW_THRESHOLD,BENIGN,True,False,6416814451.2,Industrials,growth=3 profitability=2 resilience=2 steadiness=2.67
CMCSA,crosshits,SCORE_BELOW_THRESHOLD,BENIGN,True,False,68175781687.296,Communication Services,growth=1 profitability=2 resilience=3 steadiness=3.67
CME,crosshits,SCORE_BELOW_THRESHOLD,BENIGN,True,False,85344003293.18399,Financial Services,growth=1 profitability=3 resilience=5 steadiness=4.33
CMG,crosshits,SCORE_BELOW_THRESHOLD,BENIGN,True,False,34988645326.848,Consumer Cyclical,growth=3 profitability=4 resilience=2 steadiness=4.67
CMI,crosshits,SCORE_BELOW_THRESHOLD,BENIGN,True,False,64928508370.944,Industrials,growth=3 profitability=3 resilience=2 steadiness=3.33
CMS,crosshits,SCORE_BELOW_THRESHOLD,BENIGN,True,False,17762042195.968,Utilities,growth=1 profitability=2 resilience=2 steadiness=3.67
CNA.L,crosshits,SCORE_BELOW_THRESHOLD,BENIGN,True,False,7916253152.2560005,Utilities,growth=1 profitability=4 resilience=3 steadiness=n/a(no_sec_registrant)
CNH,crosshits,SCORE_BELOW_THRESHOLD,BENIGN,True,False,19103699886.079998,Industrials,growth=2 profitability=1 resilience=0 steadiness=n/a(series_too_short)
CNM,crosshits,SCORE_BELOW_THRESHOLD,BENIGN,True,False,6807459538.176,Industrials,growth=2 profitability=3 resilience=2 steadiness=4
CNP,crosshits,SCORE_BELOW_THRESHOLD,BENIGN,True,False,22353637032.96,Utilities,growth=3 profitability=3 resilience=2 steadiness=2.67
COHR,crosshits,SCORE_BELOW_THRESHOLD,BENIGN,True,False,57678335809.535995,Technology,growth=4 profitability=2 resilience=2 steadiness=3.33
COIN,crosshits,SCORE_BELOW_THRESHOLD,BENIGN,True,False,44101991153.664,Financial Services,growth=1 profitability=0 resilience=3 steadiness=1.67
COKE,crosshits,SCORE_BELOW_THRESHOLD,BENIGN,True,False,11436996615.168,Consumer Defensive,growth=3 profitability=4 resilience=3 steadiness=4.33
COLM,crosshits,SCORE_BELOW_THRESHOLD,BENIGN,False,False,2591367125.7599998,Consumer Cyclical,growth=2 profitability=2 resilience=4 steadiness=3.67
COLO-B.CO,crosshits,SCORE_BELOW_THRESHOLD,BENIGN,True,False,12381358192.55808,Healthcare,growth=2 profitability=3 resilience=2 steadiness=n/a(no_sec_registrant)
COO,crosshits,SCORE_BELOW_THRESHOLD,BENIGN,True,False,9513655287.296,Healthcare,growth=1 profitability=2 resilience=3 steadiness=4.33
COP,crosshits,SCORE_BELOW_THRESHOLD,BENIGN,True,False,136240934985.728,Energy,growth=3 profitability=3 resilience=3 steadiness=1.67
CORT,crosshits,SCORE_BELOW_THRESHOLD,BENIGN,True,False,11341753262.592,Healthcare,growth=5 profitability=2 resilience=5 steadiness=4.0
COTN.SW,crosshits,SCORE_BELOW_THRESHOLD,BENIGN,True,False,3165301979.136,Technology,growth=2 profitability=1 resilience=3 steadiness=n/a(no_sec_registrant)
CPG.L,crosshits,SCORE_BELOW_THRESHOLD,BENIGN,True,False,44792947529.728,Consumer Cyclical,growth=3 profitability=2 resilience=3 steadiness=n/a(no_sec_registrant)
CPR.MI,crosshits,SCORE_BELOW_THRESHOLD,BENIGN,True,False,7292122624.0,Consumer Defensive,growth=1 profitability=2 resilience=4 steadiness=n/a(no_sec_registrant)
CPRT,crosshits,SCORE_BELOW_THRESHOLD,BENIGN,True,False,22627566084.096,Industrials,growth=2 profitability=3 resilience=4 steadiness=4.67
CR,crosshits,SCORE_BELOW_THRESHOLD,BENIGN,True,False,10813364493.312,Industrials,growth=4 profitability=3 resilience=4 steadiness=n/a(series_too_short)
CRDA.L,crosshits,SCORE_BELOW_THRESHOLD,BENIGN,True,False,5398850239.488,Basic Materials,growth=2 profitability=2 resilience=3 steadiness=n/a(no_sec_registrant)
CRH,crosshits,SCORE_BELOW_THRESHOLD,BENIGN,True,False,48076773201.92,Basic Materials,growth=2 profitability=3 resilience=2 steadiness=n/a(series_too_short)
CRL,crosshits,SCORE_BELOW_THRESHOLD,BENIGN,True,False,12839686880.255999,Healthcare,growth=1 profitability=0 resilience=2 steadiness=3.0
CRM,crosshits,SCORE_BELOW_THRESHOLD,BENIGN,True,False,168748358197.248,Technology,growth=3 profitability=3 resilience=3 steadiness=4.67
CROX,crosshits,SCORE_BELOW_THRESHOLD,BENIGN,True,False,5069323812.096,Consumer Cyclical,growth=2 profitability=4 resilience=3 steadiness=2.67
CRS,crosshits,SCORE_BELOW_THRESHOLD,BENIGN,True,False,17406392520.704,Industrials,growth=3 profitability=4 resilience=3 steadiness=2.0
CRUS,crosshits,SCORE_BELOW_THRESHOLD,BENIGN,True,False,5437532197.632,Technology,growth=3 profitability=3 resilience=3 steadiness=3.33
CRWD,crosshits,SCORE_BELOW_THRESHOLD,BENIGN,True,False,247160004542.464,Technology,growth=4 profitability=0 resilience=4 steadiness=3.33
CSCO,crosshits,SCORE_BELOW_THRESHOLD,BENIGN,True,False,394538110058.496,Technology,growth=4 profitability=3 resilience=3 steadiness=3.67
CSG.AS,crosshits,SCORE_BELOW_THRESHOLD,BENIGN,True,False,14641999872.0,Industrials,growth=4 profitability=5 resilience=3 steadiness=n/a(no_sec_registrant)
CSGP,crosshits,SCORE_BELOW_THRESHOLD,BENIGN,True,False,9908639825.407999,Real Estate,growth=4 profitability=1 resilience=5 steadiness=3.67
CSL,crosshits,SCORE_BELOW_THRESHOLD,BENIGN,True,False,11665996576.768,Industrials,growth=3 profitability=4 resilience=2 steadiness=4.0
CSX,crosshits,SCORE_BELOW_THRESHOLD,BENIGN,True,False,77999462846.46399,Industrials,growth=3 profitability=4 resilience=3 steadiness=3.0
CTAS,crosshits,SCORE_BELOW_THRESHOLD,BENIGN,True,False,69191250681.856,Industrials,growth=3 profitability=4 resilience=4 steadiness=5
CTEC.L,crosshits,SCORE_BELOW_THRESHOLD,BENIGN,True,False,4940485221.8880005,Healthcare,growth=2 profitability=2 resilience=2 steadiness=n/a(no_sec_registrant)
CTSH,crosshits,SCORE_BELOW_THRESHOLD,BENIGN,True,False,24571264079.871998,Technology,growth=2 profitability=2 resilience=3 steadiness=4.33
CVC.AS,crosshits,SCORE_BELOW_THRESHOLD,BENIGN,True,False,13200974848.0,Financial Services,growth=4 profitability=4 resilience=3 steadiness=n/a(no_sec_registrant)
CVLT,crosshits,SCORE_BELOW_THRESHOLD,BENIGN,True,False,5633066304.768,Technology,growth=3 profitability=3 resilience=0 steadiness=3.33
CVX,crosshits,SCORE_BELOW_THRESHOLD,BENIGN,True,False,358515204685.824,Energy,growth=3 profitability=2 resilience=3 steadiness=2.0
CW,crosshits,SCORE_BELOW_THRESHOLD,BENIGN,True,False,18001551416.32,Industrials,growth=2 profitability=3 resilience=3 steadiness=4.67
CWK.L,crosshits,SCORE_BELOW_THRESHOLD,BENIGN,True,False,3151238745.6,Consumer Defensive,growth=3 profitability=2 resilience=3 steadiness=n/a(no_sec_registrant)
CXT,crosshits,SCORE_BELOW_THRESHOLD,BENIGN,False,False,2513452821.5039997,Industrials,growth=4 profitability=2 resilience=3 steadiness=3.0
D,crosshits,SCORE_BELOW_THRESHOLD,BENIGN,True,False,48025965062.144,Utilities,growth=4 profitability=3 resilience=3 steadiness=2.67
DAL,crosshits,SCORE_BELOW_THRESHOLD,BENIGN,True,False,49073809000.448,Industrials,growth=4 profitability=2 resilience=2 steadiness=2.0
DAR,crosshits,SCORE_BELOW_THRESHOLD,BENIGN,True,False,8834785654.272,Consumer Defensive,growth=4 profitability=2 resilience=2 steadiness=3.0
DASH,crosshits,SCORE_BELOW_THRESHOLD,BENIGN,True,False,74570413678.592,Consumer Cyclical,growth=5 profitability=2 resilience=4 steadiness=3.33
DB1.DE,crosshits,SCORE_BELOW_THRESHOLD,BENIGN,True,False,52121165824.0,Financial Services,growth=3 profitability=3 resilience=3 steadiness=n/a(no_sec_registrant)
DBX,crosshits,SCORE_BELOW_THRESHOLD,BENIGN,True,False,6618042290.688,Technology,growth=1 profitability=3 resilience=4 steadiness=2.33
DCI,crosshits,SCORE_BELOW_THRESHOLD,BENIGN,True,False,9230298759.168,Industrials,growth=3 profitability=3 resilience=3 steadiness=4.67
DD,crosshits,SCORE_BELOW_THRESHOLD,BENIGN,True,False,15770851698.688,Basic Materials,growth=2 profitability=2 resilience=3 steadiness=2.0
DDOG,crosshits,SCORE_BELOW_THRESHOLD,BENIGN,True,False,89148924608.512,Technology,growth=5 profitability=1 resilience=4 steadiness=4
DE,crosshits,SCORE_BELOW_THRESHOLD,BENIGN,True,False,164506342277.12,Industrials,growth=2 profitability=3 resilience=1 steadiness=3.67
DECK,crosshits,SCORE_BELOW_THRESHOLD,BENIGN,True,False,9660285555.712,Consumer Cyclical,growth=2 profitability=3 resilience=4 steadiness=4.67
DEMANT.CO,crosshits,SCORE_BELOW_THRESHOLD,BENIGN,True,False,8970318113.09568,Healthcare,growth=3 profitability=3 resilience=3 steadiness=n/a(no_sec_registrant)
DG,crosshits,SCORE_BELOW_THRESHOLD,BENIGN,True,False,23453090633.728,Consumer Defensive,growth=2 profitability=2 resilience=2 steadiness=4.33
DG.PA,crosshits,SCORE_BELOW_THRESHOLD,BENIGN,True,False,58715680768.0,Industrials,growth=2 profitability=2 resilience=2 steadiness=n/a(no_sec_registrant)
DGX,crosshits,SCORE_BELOW_THRESHOLD,BENIGN,True,False,22849456411.648,Healthcare,growth=3 profitability=3 resilience=2 steadiness=4.0
DHI,crosshits,SCORE_BELOW_THRESHOLD,BENIGN,True,False,33413395808.255997,Consumer Cyclical,growth=1 profitability=2 resilience=3 steadiness=4.33
DHL.DE,crosshits,SCORE_BELOW_THRESHOLD,BENIGN,True,False,62476156928.0,Industrials,growth=3 profitability=2 resilience=2 steadiness=n/a(no_sec_registrant)
DHR,crosshits,SCORE_BELOW_THRESHOLD,BENIGN,True,False,136134396370.944,Healthcare,growth=2 profitability=2 resilience=3 steadiness=3.67
DIM.PA,crosshits,SCORE_BELOW_THRESHOLD,BENIGN,True,False,20334131200.0,Healthcare,growth=2 profitability=2 resilience=2 steadiness=n/a(no_sec_registrant)
DIS,crosshits,SCORE_BELOW_THRESHOLD,BENIGN,True,False,157813266325.504,Communication Services,growth=3 profitability=2 resilience=3 steadiness=3.33
DKS,crosshits,SCORE_BELOW_THRESHOLD,BENIGN,True,False,11739337728.512,Consumer Cyclical,growth=5 profitability=2 resilience=2 steadiness=4.0
DLB,crosshits,SCORE_BELOW_THRESHOLD,BENIGN,True,False,4891765540.096,Industrials,growth=1 profitability=2 resilience=5 steadiness=3.0
DLG.MI,crosshits,SCORE_BELOW_THRESHOLD,BENIGN,True,False,5814751744.0,Consumer Cyclical,growth=3 profitability=3 resilience=4 steadiness=n/a(no_sec_registrant)
DLTR,crosshits,SCORE_BELOW_THRESHOLD,BENIGN,True,False,18739529239.552,Consumer Defensive,growth=3 profitability=3 resilience=2 steadiness=2.67
DNP.WA,crosshits,SCORE_BELOW_THRESHOLD,BENIGN,True,False,7404899608.1664,Consumer Defensive,growth=3 profitability=2 resilience=3 steadiness=n/a(no_sec_registrant)
DOCN,crosshits,SCORE_BELOW_THRESHOLD,BENIGN,True,False,14491244462.592,Technology,growth=4 profitability=3 resilience=2 steadiness=3.67
DOCS,crosshits,SCORE_BELOW_THRESHOLD,BENIGN,True,False,4543131014.144,Healthcare,growth=3 profitability=3 resilience=5 steadiness=4
DOCU,crosshits,SCORE_BELOW_THRESHOLD,BENIGN,True,False,11698638086.144,Technology,growth=3 profitability=2 resilience=4 steadiness=2.33
DOV,crosshits,SCORE_BELOW_THRESHOLD,BENIGN,True,False,22830818726.912,Industrials,growth=3 profitability=3 resilience=3 steadiness=4.0
DPLM.L,crosshits,SCORE_BELOW_THRESHOLD,BENIGN,True,False,12458107948.032,Industrials,growth=4 profitability=3 resilience=4 steadiness=n/a(no_sec_registrant)
DPZ,crosshits,SCORE_BELOW_THRESHOLD,BENIGN,True,False,8720155129.344,Consumer Cyclical,growth=2 profitability=4 resilience=2 steadiness=4.67
DRI,crosshits,SCORE_BELOW_THRESHOLD,BENIGN,True,False,20029701421.056,Consumer Cyclical,growth=2 profitability=3 resilience=0 steadiness=3.33
DSFIR.AS,crosshits,SCORE_BELOW_THRESHOLD,BENIGN,True,False,23800029184.0,Basic Materials,growth=1 profitability=2 resilience=3 steadiness=n/a(no_sec_registrant)
DSV.CO,crosshits,SCORE_BELOW_THRESHOLD,BENIGN,True,False,37151128726.40512,Industrials,growth=4 profitability=1 resilience=2 steadiness=n/a(no_sec_registrant)
DSY.PA,crosshits,SCORE_BELOW_THRESHOLD,BENIGN,True,False,28252162048.0,Technology,growth=2 profitability=3 resilience=4 steadiness=n/a(no_sec_registrant)
DT,crosshits,SCORE_BELOW_THRESHOLD,BENIGN,True,False,15534727496.703999,Technology,growth=4 profitability=2 resilience=4 steadiness=2.67
DTE.DE,crosshits,SCORE_BELOW_THRESHOLD,BENIGN,True,False,127791349760.0,Communication Services,growth=2 profitability=3 resilience=2 steadiness=n/a(no_sec_registrant)
DTG.DE,crosshits,SCORE_BELOW_THRESHOLD,BENIGN,True,False,31123124224.0,Industrials,growth=2 profitability=1 resilience=2 steadiness=n/a(no_sec_registrant)
DTM,crosshits,SCORE_BELOW_THRESHOLD,BENIGN,True,False,11139598833.664,Energy,growth=3 profitability=3 resilience=3 steadiness=4
DUK,crosshits,SCORE_BELOW_THRESHOLD,BENIGN,True,False,79436543729.664,Utilities,growth=1 profitability=3 resilience=3 steadiness=4
DUOL,crosshits,SCORE_BELOW_THRESHOLD,BENIGN,True,False,6046066845.44,Technology,growth=4 profitability=3 resilience=4 steadiness=n/a(series_too_short)
DVA,crosshits,SCORE_BELOW_THRESHOLD,BENIGN,True,False,10212505475.071999,Healthcare,growth=2 profitability=3 resilience=0 steadiness=3.67
DVN,crosshits,SCORE_BELOW_THRESHOLD,BENIGN,True,False,46948619976.703995,Energy,growth=4 profitability=3 resilience=3 steadiness=1.0
DXCM,crosshits,SCORE_BELOW_THRESHOLD,BENIGN,True,False,29026068754.432,Healthcare,growth=3 profitability=4 resilience=3 steadiness=3.33
DY,crosshits,SCORE_BELOW_THRESHOLD,BENIGN,True,False,7443944779.264,Industrials,growth=5 profitability=2 resilience=2 steadiness=4
EBAY,crosshits,SCORE_BELOW_THRESHOLD,BENIGN,True,False,42301986639.872,Consumer Cyclical,growth=3 profitability=4 resilience=3 steadiness=2.67
ECL,crosshits,SCORE_BELOW_THRESHOLD,BENIGN,True,False,68965977161.728,Basic Materials,growth=3 profitability=3 resilience=2 steadiness=3.33
ED,crosshits,SCORE_BELOW_THRESHOLD,BENIGN,True,False,34130775046.143997,Utilities,growth=3 profitability=2 resilience=4 steadiness=3.67
EDEN.PA,crosshits,SCORE_BELOW_THRESHOLD,BENIGN,True,False,6256516608.0,Financial Services,growth=2 profitability=3 resilience=1 steadiness=n/a(no_sec_registrant)
EDP.LS,crosshits,SCORE_BELOW_THRESHOLD,BENIGN,True,False,19851091968.0,Utilities,growth=2 profitability=2 resilience=2 steadiness=n/a(no_sec_registrant)
EDPR.LS,crosshits,SCORE_BELOW_THRESHOLD,BENIGN,True,False,13172058112.0,Utilities,growth=3 profitability=1 resilience=5 steadiness=n/a(no_sec_registrant)
EFX,crosshits,SCORE_BELOW_THRESHOLD,BENIGN,True,False,14788974538.24,Industrials,growth=3 profitability=3 resilience=3 steadiness=3.0
EHC,crosshits,SCORE_BELOW_THRESHOLD,BENIGN,True,False,10632213975.552,Healthcare,growth=3 profitability=3 resilience=2 steadiness=4.67
EIX,crosshits,SCORE_BELOW_THRESHOLD,BENIGN,True,False,18446425720.832,Utilities,growth=1 profitability=4 resilience=3 steadiness=3.0
EL,crosshits,SCORE_BELOW_THRESHOLD,BENIGN,True,False,30396928161.792,Consumer Defensive,growth=2 profitability=1 resilience=3 steadiness=2.0
EL.PA,crosshits,SCORE_BELOW_THRESHOLD,BENIGN,True,False,66309222400.0,Healthcare,growth=2 profitability=2 resilience=3 steadiness=n/a(no_sec_registrant)
ELAN,crosshits,SCORE_BELOW_THRESHOLD,BENIGN,True,False,9968339572.223999,Healthcare,growth=3 profitability=0 resilience=3 steadiness=2.0
ELE.MC,crosshits,SCORE_BELOW_THRESHOLD,BENIGN,True,False,42822541312.0,Utilities,growth=2 profitability=3 resilience=3 steadiness=n/a(no_sec_registrant)
ELF,crosshits,SCORE_BELOW_THRESHOLD,BENIGN,True,False,5585665549.311999,Consumer Defensive,growth=5 profitability=2 resilience=4 steadiness=4
ELI.BR,crosshits,SCORE_BELOW_THRESHOLD,BENIGN,True,False,12671590400.0,Utilities,growth=4 profitability=3 resilience=3 steadiness=n/a(no_sec_registrant)
ELIS.PA,crosshits,SCORE_BELOW_THRESHOLD,BENIGN,True,False,4598952960.0,Industrials,growth=2 profitability=2 resilience=2 steadiness=n/a(no_sec_registrant)
ELISA.HE,crosshits,SCORE_BELOW_THRESHOLD,BENIGN,True,False,5828854272.0,Communication Services,growth=1 profitability=3 resilience=2 steadiness=n/a(no_sec_registrant)
EME,crosshits,SCORE_BELOW_THRESHOLD,BENIGN,True,False,30931059959.808,Industrials,growth=4 profitability=3 resilience=3 steadiness=4.33
EMG.L,crosshits,SCORE_BELOW_THRESHOLD,BENIGN,True,False,4179707043.84,Financial Services,growth=3 profitability=3 resilience=3 steadiness=n/a(no_sec_registrant)
EMR,crosshits,SCORE_BELOW_THRESHOLD,BENIGN,True,False,81240849809.40799,Industrials,growth=3 profitability=3 resilience=3 steadiness=4.0
EN.PA,crosshits,SCORE_BELOW_THRESHOLD,BENIGN,True,False,15538752512.0,Industrials,growth=1 profitability=1 resilience=3 steadiness=n/a(no_sec_registrant)
ENEL.MI,crosshits,SCORE_BELOW_THRESHOLD,BENIGN,True,False,86934773760.0,Utilities,growth=3 profitability=3 resilience=2 steadiness=n/a(no_sec_registrant)
ENG.MC,crosshits,SCORE_BELOW_THRESHOLD,BENIGN,True,False,4255873024.0,Utilities,growth=1 profitability=4 resilience=4 steadiness=n/a(no_sec_registrant)
ENI.MI,crosshits,SCORE_BELOW_THRESHOLD,BENIGN,True,False,69563686912.0,Energy,growth=3 profitability=2 resilience=2 steadiness=n/a(no_sec_registrant)
ENR.DE,crosshits,SCORE_BELOW_THRESHOLD,BENIGN,True,False,123185856512.0,Industrials,growth=4 profitability=3 resilience=3 steadiness=n/a(no_sec_registrant)
ENS,crosshits,SCORE_BELOW_THRESHOLD,BENIGN,True,False,6209704822.783999,Industrials,growth=2 profitability=3 resilience=3 steadiness=3.0
ENSG,crosshits,SCORE_BELOW_THRESHOLD,BENIGN,True,False,8990948382.72,Healthcare,growth=4 profitability=2 resilience=1 steadiness=4.33
ENT.L,crosshits,SCORE_BELOW_THRESHOLD,BENIGN,True,False,3209097199.104,Consumer Cyclical,growth=3 profitability=0 resilience=0 steadiness=n/a(no_sec_registrant)
ENTG,crosshits,SCORE_BELOW_THRESHOLD,BENIGN,True,False,22654135009.28,Technology,growth=3 profitability=2 resilience=2 steadiness=4.0
ENX.PA,crosshits,SCORE_BELOW_THRESHOLD,BENIGN,True,False,16177846272.0,Financial Services,growth=4 profitability=3 resilience=4 steadiness=n/a(no_sec_registrant)
EOG,crosshits,SCORE_BELOW_THRESHOLD,BENIGN,True,False,67774866976.768,Energy,growth=3 profitability=4 resilience=3 steadiness=1.67
EPI-A.ST,crosshits,SCORE_BELOW_THRESHOLD,BENIGN,True,False,28309831645.92128,Industrials,growth=3 profitability=3 resilience=3 steadiness=n/a(no_sec_registrant)
EQNR.OL,crosshits,SCORE_BELOW_THRESHOLD,BENIGN,True,False,89087694245.06879,Energy,growth=3 profitability=3 resilience=2 steadiness=n/a(no_sec_registrant)
EQT,crosshits,SCORE_BELOW_THRESHOLD,BENIGN,True,False,28250424842.239998,Energy,growth=1 profitability=2 resilience=4 steadiness=1.0
EQT.ST,crosshits,SCORE_BELOW_THRESHOLD,BENIGN,True,False,31078322076.385277,Financial Services,growth=4 profitability=3 resilience=3 steadiness=n/a(no_sec_registrant)
ES,crosshits,SCORE_BELOW_THRESHOLD,BENIGN,True,False,21787062736.896,Utilities,growth=2 profitability=3 resilience=3 steadiness=3.33
ESAB,crosshits,SCORE_BELOW_THRESHOLD,BENIGN,True,False,3958836493.824,Industrials,growth=3 profitability=2 resilience=3 steadiness=n/a(series_too_short)
ESSITY-B.ST,crosshits,SCORE_BELOW_THRESHOLD,BENIGN,True,False,15322344814.018559,Consumer Defensive,growth=2 profitability=2 resilience=3 steadiness=n/a(no_sec_registrant)
ETN,crosshits,SCORE_BELOW_THRESHOLD,BENIGN,True,False,151435322073.08798,Industrials,growth=4 profitability=3 resilience=3 steadiness=4
ETR,crosshits,SCORE_BELOW_THRESHOLD,BENIGN,True,False,43211472060.416,Utilities,growth=2 profitability=3 resilience=2 steadiness=2.33
EVD.DE,crosshits,SCORE_BELOW_THRESHOLD,BENIGN,True,False,5529098752.0,Communication Services,growth=3 profitability=3 resilience=3 steadiness=n/a(no_sec_registrant)
EVK.DE,crosshits,SCORE_BELOW_THRESHOLD,BENIGN,True,False,9636880384.0,Basic Materials,growth=3 profitability=1 resilience=2 steadiness=n/a(no_sec_registrant)
EVO.ST,crosshits,SCORE_BELOW_THRESHOLD,BENIGN,True,False,13063308160.532478,Consumer Cyclical,growth=1 profitability=4 resilience=5 steadiness=n/a(no_sec_registrant)
EVRG,crosshits,SCORE_BELOW_THRESHOLD,BENIGN,True,False,16314554298.368,Utilities,growth=2 profitability=3 resilience=3 steadiness=4.0
EW,crosshits,SCORE_BELOW_THRESHOLD,BENIGN,True,False,44633669087.231995,Healthcare,growth=3 profitability=3 resilience=4 steadiness=4.0
EXC,crosshits,SCORE_BELOW_THRESHOLD,BENIGN,True,False,37547113050.112,Utilities,growth=3 profitability=2 resilience=2 steadiness=4.0
EXE,crosshits,SCORE_BELOW_THRESHOLD,BENIGN,True,False,18328640227.328,Energy,growth=1 profitability=3 resilience=3 steadiness=n/a(series_too_short)
EXEL,crosshits,SCORE_BELOW_THRESHOLD,BENIGN,True,False,12834137385.472,Healthcare,growth=3 profitability=5 resilience=5 steadiness=2.67
EXLS,crosshits,SCORE_BELOW_THRESHOLD,BENIGN,True,False,4880260311.808,Technology,growth=4 profitability=3 resilience=2 steadiness=4.67
EXP,crosshits,SCORE_BELOW_THRESHOLD,BENIGN,True,False,4663766112.512,Basic Materials,growth=2 profitability=4 resilience=1 steadiness=4.33
EXPD,crosshits,SCORE_BELOW_THRESHOLD,BENIGN,True,False,22060181136.384,Industrials,growth=4 profitability=3 resilience=3 steadiness=4.33
EXPE,crosshits,SCORE_BELOW_THRESHOLD,BENIGN,True,False,28059492643.84,Consumer Cyclical,growth=3 profitability=4 resilience=3 steadiness=2.0
EXPN.L,crosshits,SCORE_BELOW_THRESHOLD,BENIGN,True,False,25640523472.896,Industrials,growth=3 profitability=4 resilience=3 steadiness=n/a(no_sec_registrant)
EXPO,crosshits,SCORE_BELOW_THRESHOLD,BENIGN,False,False,2893571304.704,Industrials,growth=3 profitability=4 resilience=3 steadiness=4.33
EZJ.L,crosshits,SCORE_BELOW_THRESHOLD,BENIGN,True,False,5961339707.904,Industrials,growth=3 profitability=0 resilience=3 steadiness=n/a(no_sec_registrant)
FANG,crosshits,SCORE_BELOW_THRESHOLD,BENIGN,True,False,46145508849.664,Energy,growth=4 profitability=3 resilience=3 steadiness=1.67
FAST,crosshits,SCORE_BELOW_THRESHOLD,BENIGN,True,False,51564017664.0,Industrials,growth=3 profitability=4 resilience=4 steadiness=5
FCFS,crosshits,SCORE_BELOW_THRESHOLD,BENIGN,True,False,8134931280.896,Financial Services,growth=4 profitability=2 resilience=2 steadiness=4.67
FCN,crosshits,SCORE_BELOW_THRESHOLD,BENIGN,True,False,3385030692.0959997,Industrials,growth=2 profitability=2 resilience=2 steadiness=4.33
FCX,crosshits,SCORE_BELOW_THRESHOLD,BENIGN,True,False,92495148548.096,Basic Materials,growth=1 profitability=4 resilience=3 steadiness=2.0
FDJU.PA,crosshits,SCORE_BELOW_THRESHOLD,BENIGN,True,False,3825341952.0,Consumer Cyclical,growth=1 profitability=2 resilience=0 steadiness=n/a(no_sec_registrant)
FDS,crosshits,SCORE_BELOW_THRESHOLD,BENIGN,True,False,8427002314.24,Financial Services,growth=2 profitability=3 resilience=2 steadiness=4.67
FDX,crosshits,SCORE_BELOW_THRESHOLD,BENIGN,True,False,60727631196.159996,Industrials,growth=3 profitability=2 resilience=2 steadiness=3.67
FDXF,crosshits,SCORE_BELOW_THRESHOLD,BENIGN,True,False,14915756621.824,Industrials,growth=2 profitability=0 resilience=2 steadiness=n/a(series_too_short)
FE,crosshits,SCORE_BELOW_THRESHOLD,BENIGN,True,False,22570937319.424,Utilities,growth=3 profitability=3 resilience=3 steadiness=2.67
FER.MC,crosshits,SCORE_BELOW_THRESHOLD,BENIGN,True,False,33094975488.0,Industrials,growth=2 profitability=2 resilience=3 steadiness=n/a(no_sec_registrant)
FERG,crosshits,SCORE_BELOW_THRESHOLD,BENIGN,True,False,38448922841.088,Industrials,growth=2 profitability=2 resilience=2 steadiness=n/a(series_too_short)
FFIV,crosshits,SCORE_BELOW_THRESHOLD,BENIGN,True,False,23012231245.823997,Technology,growth=3 profitability=3 resilience=4 steadiness=4.33
FGR.PA,crosshits,SCORE_BELOW_THRESHOLD,BENIGN,True,False,9839200256.0,Industrials,growth=1 profitability=2 resilience=3 steadiness=n/a(no_sec_registrant)
FHI,crosshits,SCORE_BELOW_THRESHOLD,BENIGN,True,False,3724011799.296,Financial Services,growth=4 profitability=3 resilience=3 steadiness=4.0
FHZN.SW,crosshits,SCORE_BELOW_THRESHOLD,BENIGN,True,False,6443742012.2112,Industrials,growth=2 profitability=3 resilience=4 steadiness=n/a(no_sec_registrant)
FIS,crosshits,SCORE_BELOW_THRESHOLD,BENIGN,True,False,15118774650.368,Technology,growth=4 profitability=3 resilience=1 steadiness=2.0
FIVE,crosshits,SCORE_BELOW_THRESHOLD,BENIGN,True,False,10779342685.184,Consumer Cyclical,growth=4 profitability=3 resilience=3 steadiness=5
FIX,crosshits,SCORE_BELOW_THRESHOLD,BENIGN,True,False,54308588365.824,Industrials,growth=5 profitability=4 resilience=3 steadiness=4.67
FLS,crosshits,SCORE_BELOW_THRESHOLD,BENIGN,True,False,8489667147.264,Industrials,growth=1 profitability=3 resilience=3 steadiness=n/a(series_too_short)
FLS.CO,crosshits,SCORE_BELOW_THRESHOLD,BENIGN,True,False,3927517484.8716803,Industrials,growth=3 profitability=3 resilience=3 steadiness=n/a(no_sec_registrant)
FME.DE,crosshits,SCORE_BELOW_THRESHOLD,BENIGN,True,False,10777499648.0,Healthcare,growth=2 profitability=2 resilience=2 steadiness=n/a(no_sec_registrant)
FND,crosshits,SCORE_BELOW_THRESHOLD,BENIGN,True,False,4306763068.9279995,Consumer Cyclical,growth=2 profitability=2 resilience=3 steadiness=4.67
FNTN.DE,crosshits,SCORE_BELOW_THRESHOLD,BENIGN,False,False,2713553920.0,Communication Services,growth=3 profitability=2 resilience=2 steadiness=n/a(no_sec_registrant)
FORTUM.HE,crosshits,SCORE_BELOW_THRESHOLD,BENIGN,True,False,21292085248.0,Utilities,growth=3 profitability=2 resilience=3 steadiness=n/a(no_sec_registrant)
FOUR,crosshits,SCORE_BELOW_THRESHOLD,BENIGN,False,False,2643959292.5439997,Technology,growth=5 profitability=1 resilience=1 steadiness=3.67
FOX,crosshits,SCORE_BELOW_THRESHOLD,BENIGN,True,False,20841118075.904,Communication Services,growth=4 profitability=3 resilience=2 steadiness=4.33
FOXA,crosshits,SCORE_BELOW_THRESHOLD,BENIGN,True,False,23228224265.216,Communication Services,growth=4 profitability=3 resilience=2 steadiness=4.33
FPE3.DE,crosshits,SCORE_BELOW_THRESHOLD,BENIGN,True,False,5596320256.0,Basic Materials,growth=4 profitability=3 resilience=3 steadiness=n/a(no_sec_registrant)
FR.PA,crosshits,SCORE_BELOW_THRESHOLD,BENIGN,True,False,3446717440.0,Consumer Cyclical,growth=1 profitability=1 resilience=2 steadiness=n/a(no_sec_registrant)
FRE.DE,crosshits,SCORE_BELOW_THRESHOLD,BENIGN,True,False,24779622400.0,Healthcare,growth=2 profitability=2 resilience=2 steadiness=n/a(no_sec_registrant)
FRO.OL,crosshits,SCORE_BELOW_THRESHOLD,BENIGN,True,False,10423818955.1616,Energy,growth=4 profitability=5 resilience=3 steadiness=n/a(no_sec_registrant)
FSLR,crosshits,SCORE_BELOW_THRESHOLD,BENIGN,True,False,16792020815.872,Technology,growth=1 profitability=3 resilience=3 steadiness=2.33
FTI,crosshits,SCORE_BELOW_THRESHOLD,BENIGN,True,False,24733482047.488,Energy,growth=3 profitability=3 resilience=2 steadiness=1.0
FTNT,crosshits,SCORE_BELOW_THRESHOLD,BENIGN,True,False,119027623620.608,Technology,growth=4 profitability=5 resilience=3 steadiness=4.67
FTV,crosshits,SCORE_BELOW_THRESHOLD,BENIGN,True,False,15649299596.288,Technology,growth=3 profitability=2 resilience=3 steadiness=4.0
G,crosshits,SCORE_BELOW_THRESHOLD,BENIGN,True,False,4975695828.992,Technology,growth=3 profitability=3 resilience=2 steadiness=5
G1A.DE,crosshits,SCORE_BELOW_THRESHOLD,BENIGN,True,False,11029813248.0,Industrials,growth=3 profitability=3 resilience=4 steadiness=n/a(no_sec_registrant)
GALD.SW,crosshits,SCORE_BELOW_THRESHOLD,BENIGN,True,False,40556706096.7424,Healthcare,growth=4 profitability=3 resilience=4 steadiness=n/a(no_sec_registrant)
GALP.LS,crosshits,SCORE_BELOW_THRESHOLD,BENIGN,True,False,17113436160.0,Energy,growth=3 profitability=3 resilience=2 steadiness=n/a(no_sec_registrant)
GAP,crosshits,SCORE_BELOW_THRESHOLD,BENIGN,True,False,7213579125.248,Consumer Cyclical,growth=1 profitability=3 resilience=2 steadiness=2.33
GATX,crosshits,SCORE_BELOW_THRESHOLD,BENIGN,True,False,5389370999.808,Industrials,growth=5 profitability=3 resilience=0 steadiness=4.0
GAW.L,crosshits,SCORE_BELOW_THRESHOLD,BENIGN,True,False,6685620724.224,Consumer Cyclical,growth=2 profitability=5 resilience=5 steadiness=n/a(no_sec_registrant)
GBLB.BR,crosshits,SCORE_BELOW_THRESHOLD,BENIGN,True,False,8141699072.0,Financial Services,growth=3 profitability=0 resilience=3 steadiness=n/a(no_sec_registrant)
GD,crosshits,SCORE_BELOW_THRESHOLD,BENIGN,True,False,79907722219.51999,Industrials,growth=3 profitability=2 resilience=3 steadiness=4.67
GDDY,crosshits,SCORE_BELOW_THRESHOLD,BENIGN,True,False,11007812254.208,Technology,growth=3 profitability=4 resilience=0 steadiness=4.0
GE,crosshits,SCORE_BELOW_THRESHOLD,BENIGN,True,False,285252101898.24,Industrials,growth=4 profitability=4 resilience=2 steadiness=1.33
GEBN.SW,crosshits,SCORE_BELOW_THRESHOLD,BENIGN,True,False,18506102898.688,Industrials,growth=3 profitability=5 resilience=3 steadiness=n/a(no_sec_registrant)
GEF,crosshits,SCORE_BELOW_THRESHOLD,BENIGN,True,False,4165400210.4319997,Consumer Cyclical,growth=2 profitability=2 resilience=3 steadiness=3.67
GEHC,crosshits,SCORE_BELOW_THRESHOLD,BENIGN,True,False,26327398463.488,Healthcare,growth=2 profitability=3 resilience=2 steadiness=n/a(series_too_short)
GEKTERNA.AT,crosshits,SCORE_BELOW_THRESHOLD,BENIGN,True,False,4336708608.0,Industrials,growth=3 profitability=2 resilience=0 steadiness=n/a(no_sec_registrant)
GEN,crosshits,SCORE_BELOW_THRESHOLD,BENIGN,True,False,11806791613.952,Technology,growth=2 profitability=4 resilience=0 steadiness=3.33
GET.PA,crosshits,SCORE_BELOW_THRESHOLD,BENIGN,True,False,10041148416.0,Industrials,growth=3 profitability=3 resilience=3 steadiness=n/a(no_sec_registrant)
GETI-B.ST,crosshits,SCORE_BELOW_THRESHOLD,BENIGN,True,False,6009423713.075199,Healthcare,growth=2 profitability=2 resilience=3 steadiness=n/a(no_sec_registrant)
GEV,crosshits,SCORE_BELOW_THRESHOLD,BENIGN,True,False,233164914491.392,Industrials,growth=4 profitability=3 resilience=3 steadiness=n/a(series_too_short)
GF.SW,crosshits,SCORE_BELOW_THRESHOLD,BENIGN,True,False,5080842976.6656,Industrials,growth=2 profitability=0 resilience=0 steadiness=n/a(no_sec_registrant)
GGG,crosshits,SCORE_BELOW_THRESHOLD,BENIGN,True,False,11302932360.192,Industrials,growth=2 profitability=4 resilience=5 steadiness=4.0
GHC,crosshits,SCORE_BELOW_THRESHOLD,BENIGN,True,False,4375336621.312,Industrials,growth=3 profitability=3 resilience=3 steadiness=4.0
GILD,crosshits,SCORE_BELOW_THRESHOLD,BENIGN,True,False,158611195854.848,Healthcare,growth=3 profitability=0 resilience=3 steadiness=2.0
GIVN.SW,crosshits,SCORE_BELOW_THRESHOLD,BENIGN,True,False,33457205344.6656,Basic Materials,growth=1 profitability=3 resilience=2 steadiness=n/a(no_sec_registrant)
GL9.IR,crosshits,SCORE_BELOW_THRESHOLD,BENIGN,True,False,4575215616.0,Consumer Defensive,growth=3 profitability=2 resilience=3 steadiness=n/a(no_sec_registrant)
GLW,crosshits,SCORE_BELOW_THRESHOLD,BENIGN,True,False,123032571404.288,Technology,growth=4 profitability=2 resilience=2 steadiness=3.33
GM,crosshits,SCORE_BELOW_THRESHOLD,BENIGN,True,False,62454677061.631996,Consumer Cyclical,growth=2 profitability=1 resilience=1 steadiness=2.67
GMAB.CO,crosshits,SCORE_BELOW_THRESHOLD,BENIGN,True,False,19811753009.64352,Healthcare,growth=4 profitability=3 resilience=3 steadiness=n/a(no_sec_registrant)
GMED,crosshits,SCORE_BELOW_THRESHOLD,BENIGN,True,False,9084813262.336,Healthcare,growth=2 profitability=3 resilience=4 steadiness=4.0
GNRC,crosshits,SCORE_BELOW_THRESHOLD,BENIGN,True,False,11304873177.088,Industrials,growth=3 profitability=3 resilience=3 steadiness=3.33
GNTX,crosshits,SCORE_BELOW_THRESHOLD,BENIGN,True,False,4175675311.3599997,Consumer Cyclical,growth=1 profitability=3 resilience=3 steadiness=4.33
GPC,crosshits,SCORE_BELOW_THRESHOLD,BENIGN,True,False,15483806157.824,Consumer Cyclical,growth=2 profitability=1 resilience=2 steadiness=3.67
GPN,crosshits,SCORE_BELOW_THRESHOLD,BENIGN,True,False,18779400885.247997,Industrials,growth=3 profitability=2 resilience=3 steadiness=3.0
GRF.MC,crosshits,SCORE_BELOW_THRESHOLD,BENIGN,True,False,6539006464.0,Healthcare,growth=1 profitability=2 resilience=2 steadiness=n/a(no_sec_registrant)
GRMN,crosshits,SCORE_BELOW_THRESHOLD,BENIGN,True,False,48529332264.96,Technology,growth=3 profitability=3 resilience=4 steadiness=4.67
GSK.L,crosshits,SCORE_BELOW_THRESHOLD,BENIGN,True,False,83005753098.24,Healthcare,growth=2 profitability=4 resilience=3 steadiness=n/a(no_sec_registrant)
GTT.PA,crosshits,SCORE_BELOW_THRESHOLD,BENIGN,True,False,7875517952.0,Energy,growth=1 profitability=5 resilience=5 steadiness=n/a(no_sec_registrant)
GWRE,crosshits,SCORE_BELOW_THRESHOLD,BENIGN,True,False,11736368990.72,Technology,growth=4 profitability=2 resilience=3 steadiness=2.67
GWW,crosshits,SCORE_BELOW_THRESHOLD,BENIGN,True,False,53580360271.871994,Industrials,growth=3 profitability=4 resilience=3 steadiness=5
GXO,crosshits,SCORE_BELOW_THRESHOLD,BENIGN,True,False,4677539430.912,Industrials,growth=2 profitability=1 resilience=1 steadiness=4
H,crosshits,SCORE_BELOW_THRESHOLD,BENIGN,True,False,13293226393.599998,Consumer Cyclical,growth=1 profitability=2 resilience=3 steadiness=1.33
HAE,crosshits,SCORE_BELOW_THRESHOLD,BENIGN,True,False,4246088805.632,Healthcare,growth=2 profitability=2 resilience=2 steadiness=3.67
HAG.DE,crosshits,SCORE_BELOW_THRESHOLD,BENIGN,True,False,9484860416.0,Industrials,growth=4 profitability=2 resilience=1 steadiness=n/a(no_sec_registrant)
HAL,crosshits,SCORE_BELOW_THRESHOLD,BENIGN,True,False,24349833851.904,Energy,growth=2 profitability=2 resilience=2 steadiness=1.33
HALO,crosshits,SCORE_BELOW_THRESHOLD,BENIGN,True,False,10952098211.328,Healthcare,growth=5 profitability=5 resilience=0 steadiness=2.0
HAS,crosshits,SCORE_BELOW_THRESHOLD,BENIGN,True,False,11418552464.383999,Consumer Cyclical,growth=3 profitability=5 resilience=0 steadiness=1.67
HCA,crosshits,SCORE_BELOW_THRESHOLD,BENIGN,True,False,85848082554.87999,Healthcare,growth=3 profitability=2 resilience=2 steadiness=5
HD,crosshits,SCORE_BELOW_THRESHOLD,BENIGN,True,False,250688749256.70398,Consumer Cyclical,growth=2 profitability=4 resilience=0 steadiness=4.67
HEI.DE,crosshits,SCORE_BELOW_THRESHOLD,BENIGN,True,False,25684660224.0,Basic Materials,growth=2 profitability=2 resilience=4 steadiness=n/a(no_sec_registrant)
HEIA.AS,crosshits,SCORE_BELOW_THRESHOLD,BENIGN,True,False,38868869120.0,Consumer Defensive,growth=2 profitability=2 resilience=3 steadiness=n/a(no_sec_registrant)
HEIO.AS,crosshits,SCORE_BELOW_THRESHOLD,BENIGN,True,False,17967036416.0,Consumer Defensive,growth=2 profitability=3 resilience=3 steadiness=n/a(no_sec_registrant)
HEXA-B.ST,crosshits,SCORE_BELOW_THRESHOLD,BENIGN,True,False,24205406871.22432,Technology,growth=2 profitability=3 resilience=3 steadiness=n/a(no_sec_registrant)
HGV,crosshits,SCORE_BELOW_THRESHOLD,BENIGN,False,False,2413408320.64,Consumer Cyclical,growth=2 profitability=2 resilience=0 steadiness=1.67
HIAB.HE,crosshits,SCORE_BELOW_THRESHOLD,BENIGN,True,False,3716994304.0,Industrials,growth=1 profitability=2 resilience=2 steadiness=n/a(no_sec_registrant)
HII,crosshits,SCORE_BELOW_THRESHOLD,BENIGN,True,False,9400398670.848,Industrials,growth=3 profitability=2 resilience=2 steadiness=4.33
HIK.L,crosshits,SCORE_BELOW_THRESHOLD,BENIGN,True,False,3855443033.0880003,Healthcare,growth=2 profitability=3 resilience=2 steadiness=n/a(no_sec_registrant)
HIMS,crosshits,SCORE_BELOW_THRESHOLD,BENIGN,True,False,6125567762.943999,Healthcare,growth=5 profitability=0 resilience=0 steadiness=2.67
HL,crosshits,SCORE_BELOW_THRESHOLD,BENIGN,True,False,10176880621.567999,Basic Materials,growth=5 profitability=4 resilience=5 steadiness=2.33
HLI,crosshits,SCORE_BELOW_THRESHOLD,BENIGN,True,False,7797322256.384,Financial Services,growth=1 profitability=2 resilience=4 steadiness=4.33
HLMA.L,crosshits,SCORE_BELOW_THRESHOLD,BENIGN,True,False,15727384627.2,Industrials,growth=3 profitability=3 resilience=4 steadiness=n/a(no_sec_registrant)
HLN.L,crosshits,SCORE_BELOW_THRESHOLD,BENIGN,True,False,34458289901.568,Healthcare,growth=2 profitability=3 resilience=3 steadiness=n/a(no_sec_registrant)
HLNE,crosshits,SCORE_BELOW_THRESHOLD,BENIGN,True,False,5138813455.616,Financial Services,growth=5 profitability=4 resilience=3 steadiness=3.67
HLT,crosshits,SCORE_BELOW_THRESHOLD,BENIGN,True,False,63974773055.488,Consumer Cyclical,growth=2 profitability=5 resilience=5 steadiness=2.33
HM-B.ST,crosshits,SCORE_BELOW_THRESHOLD,BENIGN,True,False,22470144546.57024,Consumer Cyclical,growth=1 profitability=3 resilience=3 steadiness=n/a(no_sec_registrant)
HO.PA,crosshits,SCORE_BELOW_THRESHOLD,BENIGN,True,False,46848819200.0,Industrials,growth=3 profitability=3 resilience=2 steadiness=n/a(no_sec_registrant)
HOLM-B.ST,crosshits,SCORE_BELOW_THRESHOLD,BENIGN,True,False,4360083975.7004795,Basic Materials,growth=1 profitability=2 resilience=4 steadiness=n/a(no_sec_registrant)
HOLN.SW,crosshits,SCORE_BELOW_THRESHOLD,BENIGN,True,False,38622656931.4304,Basic Materials,growth=1 profitability=2 resilience=3 steadiness=n/a(no_sec_registrant)
HON,crosshits,SCORE_BELOW_THRESHOLD,BENIGN,True,False,60516985921.535995,Industrials,growth=2 profitability=4 resilience=2 steadiness=3.67
HONA,crosshits,SCORE_BELOW_THRESHOLD,BENIGN,True,False,43749284655.104,Industrials,growth=2 profitability=3 resilience=3 steadiness=n/a(no_concept)
HOOD,crosshits,SCORE_BELOW_THRESHOLD,BENIGN,True,False,91238375579.648,Financial Services,growth=5 profitability=3 resilience=3 steadiness=2.0
HOT.DE,crosshits,SCORE_BELOW_THRESHOLD,BENIGN,True,False,29993033728.0,Industrials,growth=3 profitability=3 resilience=0 steadiness=n/a(no_sec_registrant)
HPE,crosshits,SCORE_BELOW_THRESHOLD,BENIGN,True,False,80793099882.496,Technology,growth=5 profitability=2 resilience=2 steadiness=2.67
HQY,crosshits,SCORE_BELOW_THRESHOLD,BENIGN,True,False,6654359575.808,Healthcare,growth=3 profitability=3 resilience=3 steadiness=3.0
HRB,crosshits,SCORE_BELOW_THRESHOLD,BENIGN,True,False,4628004781.056,Consumer Cyclical,growth=2 profitability=5 resilience=0 steadiness=n/a(series_too_short)
HSIC,crosshits,SCORE_BELOW_THRESHOLD,BENIGN,True,False,8516552847.36,Healthcare,growth=3 profitability=2 resilience=2 steadiness=4.0
HSY,crosshits,SCORE_BELOW_THRESHOLD,BENIGN,True,False,28969942082.559998,Consumer Defensive,growth=3 profitability=4 resilience=3 steadiness=4.33
HTO.AT,crosshits,SCORE_BELOW_THRESHOLD,BENIGN,True,False,7564725248.0,Communication Services,growth=3 profitability=4 resilience=4 steadiness=n/a(no_sec_registrant)
HUBB,crosshits,SCORE_BELOW_THRESHOLD,BENIGN,True,False,22687897554.944,Industrials,growth=4 profitability=4 resilience=2 steadiness=4.33
HUBN.SW,crosshits,SCORE_BELOW_THRESHOLD,BENIGN,True,False,3694218372.3519998,Technology,growth=2 profitability=2 resilience=1 steadiness=n/a(no_sec_registrant)
HUBS,crosshits,SCORE_BELOW_THRESHOLD,BENIGN,True,False,9744692832.768,Technology,growth=4 profitability=1 resilience=4 steadiness=3.67
HUH1V.HE,crosshits,SCORE_BELOW_THRESHOLD,BENIGN,False,False,2794731776.0,Consumer Cyclical,growth=1 profitability=2 resilience=2 steadiness=n/a(no_sec_registrant)
HWDN.L,crosshits,SCORE_BELOW_THRESHOLD,BENIGN,True,False,4823516348.928,Consumer Cyclical,growth=2 profitability=3 resilience=4 steadiness=n/a(no_sec_registrant)
HWM,crosshits,SCORE_BELOW_THRESHOLD,BENIGN,True,False,82243311861.76,Industrials,growth=4 profitability=5 resilience=3 steadiness=3.0
HXL,crosshits,SCORE_BELOW_THRESHOLD,BENIGN,True,False,5841796780.032,Industrials,growth=3 profitability=2 resilience=2 steadiness=2.67
IAG.L,crosshits,SCORE_BELOW_THRESHOLD,BENIGN,True,False,22269574361.088,Industrials,growth=1 profitability=4 resilience=2 steadiness=n/a(no_sec_registrant)
IBE.MC,crosshits,SCORE_BELOW_THRESHOLD,BENIGN,True,False,139935776768.0,Utilities,growth=3 profitability=3 resilience=4 steadiness=n/a(no_sec_registrant)
IBKR,crosshits,SCORE_BELOW_THRESHOLD,BENIGN,True,False,134556327829.504,Financial Services,growth=4 profitability=4 resilience=3 steadiness=4.0
IBM,crosshits,SCORE_BELOW_THRESHOLD,BENIGN,True,False,186817608155.136,Technology,growth=1 profitability=3 resilience=2 steadiness=3.0
ICE,crosshits,SCORE_BELOW_THRESHOLD,BENIGN,True,False,75177584459.776,Financial Services,growth=2 profitability=3 resilience=3 steadiness=4.67
IDA,crosshits,SCORE_BELOW_THRESHOLD,BENIGN,True,False,6856626290.943999,Utilities,growth=2 profitability=3 resilience=3 steadiness=3.67
IDCC,crosshits,SCORE_BELOW_THRESHOLD,BENIGN,True,False,7936859322.879999,Technology,growth=1 profitability=4 resilience=4 steadiness=2.67
IDR.MC,crosshits,SCORE_BELOW_THRESHOLD,BENIGN,True,False,10459036672.0,Technology,growth=5 profitability=2 resilience=2 steadiness=n/a(no_sec_registrant)
IDXX,crosshits,SCORE_BELOW_THRESHOLD,BENIGN,True,False,36777443129.344,Healthcare,growth=3 profitability=5 resilience=3 steadiness=5
IESC,crosshits,SCORE_BELOW_THRESHOLD,BENIGN,True,False,12145685996.032,Industrials,growth=5 profitability=4 resilience=3 steadiness=4.33
IEX,crosshits,SCORE_BELOW_THRESHOLD,BENIGN,True,False,15388638575.616,Industrials,growth=2 profitability=3 resilience=4 steadiness=4.33
IFCN.SW,crosshits,SCORE_BELOW_THRESHOLD,BENIGN,True,False,5165782736.9984,Technology,growth=4 profitability=3 resilience=3 steadiness=n/a(no_sec_registrant)
IFF,crosshits,SCORE_BELOW_THRESHOLD,BENIGN,True,False,18935434895.36,Basic Materials,growth=2 profitability=0 resilience=3 steadiness=1.67
IFX.DE,crosshits,SCORE_BELOW_THRESHOLD,BENIGN,True,False,83219955712.0,Technology,growth=3 profitability=2 resilience=2 steadiness=n/a(no_sec_registrant)
IG.MI,crosshits,SCORE_BELOW_THRESHOLD,BENIGN,True,False,8311092224.0,Utilities,growth=4 profitability=4 resilience=3 steadiness=n/a(no_sec_registrant)
IGG.L,crosshits,SCORE_BELOW_THRESHOLD,BENIGN,True,False,3782891485.44,Financial Services,growth=3 profitability=3 resilience=3 steadiness=n/a(no_sec_registrant)
IHG.L,crosshits,SCORE_BELOW_THRESHOLD,BENIGN,True,False,20784085811.2,Consumer Cyclical,growth=2 profitability=4 resilience=4 steadiness=n/a(no_sec_registrant)
ILMN,crosshits,SCORE_BELOW_THRESHOLD,BENIGN,True,False,37456367536.128,Healthcare,growth=3 profitability=3 resilience=3 steadiness=1.0
IMB.L,crosshits,SCORE_BELOW_THRESHOLD,BENIGN,True,False,21631298697.216,Consumer Defensive,growth=2 profitability=4 resilience=2 steadiness=n/a(no_sec_registrant)
IMCD.AS,crosshits,SCORE_BELOW_THRESHOLD,BENIGN,True,False,5586867200.0,Basic Materials,growth=3 profitability=2 resilience=2 steadiness=n/a(no_sec_registrant)
IMI.L,crosshits,SCORE_BELOW_THRESHOLD,BENIGN,True,False,8704417029.12,Industrials,growth=2 profitability=4 resilience=3 steadiness=n/a(no_sec_registrant)
INCY,crosshits,SCORE_BELOW_THRESHOLD,BENIGN,True,False,20522670738.432,Healthcare,growth=5 profitability=5 resilience=3 steadiness=2.67
INDT.ST,crosshits,SCORE_BELOW_THRESHOLD,BENIGN,True,False,8421317635.932159,Industrials,growth=3 profitability=3 resilience=3 steadiness=n/a(no_sec_registrant)
INF.L,crosshits,SCORE_BELOW_THRESHOLD,BENIGN,True,False,12699580428.288,Communication Services,growth=2 profitability=2 resilience=3 steadiness=n/a(no_sec_registrant)
INGR,crosshits,SCORE_BELOW_THRESHOLD,BENIGN,True,False,5397267550.208,Consumer Defensive,growth=1 profitability=2 resilience=3 steadiness=3.0
INTC,crosshits,SCORE_BELOW_THRESHOLD,BENIGN,True,False,552076733448.192,Technology,growth=3 profitability=0 resilience=2 steadiness=1.0
INTU,crosshits,SCORE_BELOW_THRESHOLD,BENIGN,True,False,67743799300.096,Technology,growth=3 profitability=3 resilience=3 steadiness=4.67
IP,crosshits,SCORE_BELOW_THRESHOLD,BENIGN,True,False,14928167442.944,Consumer Cyclical,growth=1 profitability=0 resilience=3 steadiness=2.0
IP.MI,crosshits,SCORE_BELOW_THRESHOLD,BENIGN,True,False,3745557504.0,Industrials,growth=1 profitability=2 resilience=3 steadiness=n/a(no_sec_registrant)
IPGP,crosshits,SCORE_BELOW_THRESHOLD,BENIGN,True,False,3189784375.424,Technology,growth=3 profitability=1 resilience=3 steadiness=1.0
IPN.PA,crosshits,SCORE_BELOW_THRESHOLD,BENIGN,True,False,11558985728.0,Healthcare,growth=4 profitability=3 resilience=4 steadiness=n/a(no_sec_registrant)
IQV,crosshits,SCORE_BELOW_THRESHOLD,BENIGN,True,False,38333127460.864,Healthcare,growth=3 profitability=3 resilience=1 steadiness=4.67
IR,crosshits,SCORE_BELOW_THRESHOLD,BENIGN,True,False,26831578143.744,Industrials,growth=3 profitability=2 resilience=3 steadiness=3.33
ISRG,crosshits,SCORE_BELOW_THRESHOLD,BENIGN,True,False,126336422363.136,Healthcare,growth=4 profitability=4 resilience=3 steadiness=4.33
ISS.CO,crosshits,SCORE_BELOW_THRESHOLD,BENIGN,True,False,5964351190.999041,Industrials,growth=3 profitability=3 resilience=3 steadiness=n/a(no_sec_registrant)
IT,crosshits,SCORE_BELOW_THRESHOLD,BENIGN,True,False,10450891833.344,Technology,growth=1 profitability=4 resilience=3 steadiness=3.67
ITRK.L,crosshits,SCORE_BELOW_THRESHOLD,BENIGN,True,False,10633012024.32,Industrials,growth=2 profitability=3 resilience=3 steadiness=n/a(no_sec_registrant)
ITT,crosshits,SCORE_BELOW_THRESHOLD,BENIGN,True,False,16594303974.4,Industrials,growth=5 profitability=2 resilience=3 steadiness=4.0
ITW,crosshits,SCORE_BELOW_THRESHOLD,BENIGN,True,False,66545714589.696,Industrials,growth=2 profitability=5 resilience=0 steadiness=4.0
ITX.MC,crosshits,SCORE_BELOW_THRESHOLD,BENIGN,True,False,164721688576.0,Consumer Cyclical,growth=3 profitability=4 resilience=4 steadiness=n/a(no_sec_registrant)
IVG.MI,crosshits,SCORE_BELOW_THRESHOLD,BENIGN,True,False,3784787968.0,Industrials,growth=3 profitability=1 resilience=1 steadiness=n/a(no_sec_registrant)
IVZ,crosshits,SCORE_BELOW_THRESHOLD,BENIGN,True,False,11866950547.456,Financial Services,growth=4 profitability=0 resilience=3 steadiness=2.33
J,crosshits,SCORE_BELOW_THRESHOLD,BENIGN,True,False,14600824846.848,Industrials,growth=5 profitability=1 resilience=2 steadiness=3.67
JAZZ,crosshits,SCORE_BELOW_THRESHOLD,BENIGN,True,False,13605263375.359999,Healthcare,growth=4 profitability=4 resilience=3 steadiness=2.67
JBHT,crosshits,SCORE_BELOW_THRESHOLD,BENIGN,True,False,18993381881.856,Industrials,growth=3 profitability=2 resilience=3 steadiness=3.67
JCI,crosshits,SCORE_BELOW_THRESHOLD,BENIGN,True,False,84242882744.31999,Industrials,growth=3 profitability=3 resilience=3 steadiness=3.33
JEF,crosshits,SCORE_BELOW_THRESHOLD,BENIGN,True,False,8340902528.0,Financial Services,growth=3 profitability=1 resilience=0 steadiness=3.67
JKHY,crosshits,SCORE_BELOW_THRESHOLD,BENIGN,True,False,8947257180.16,Technology,growth=2 profitability=3 resilience=3 steadiness=5
JNJ,crosshits,SCORE_BELOW_THRESHOLD,BENIGN,True,False,545019185594.368,Healthcare,growth=3 profitability=4 resilience=3 steadiness=4.0
KBR,crosshits,SCORE_BELOW_THRESHOLD,BENIGN,True,False,3850460675.8399997,Industrials,growth=2 profitability=3 resilience=1 steadiness=3.33
KBX.DE,crosshits,SCORE_BELOW_THRESHOLD,BENIGN,True,False,15942680576.0,Consumer Cyclical,growth=3 profitability=3 resilience=3 steadiness=n/a(no_sec_registrant)
KCR.HE,crosshits,SCORE_BELOW_THRESHOLD,BENIGN,True,False,7423961088.0,Industrials,growth=1 profitability=3 resilience=5 steadiness=n/a(no_sec_registrant)
KDP,crosshits,SCORE_BELOW_THRESHOLD,BENIGN,True,False,37286977857.535995,Consumer Defensive,growth=5 profitability=2 resilience=3 steadiness=4.67
KESKOB.HE,crosshits,SCORE_BELOW_THRESHOLD,BENIGN,True,False,9034402816.0,Consumer Defensive,growth=2 profitability=2 resilience=1 steadiness=n/a(no_sec_registrant)
KEX,crosshits,SCORE_BELOW_THRESHOLD,BENIGN,True,False,6483116261.888,Industrials,growth=3 profitability=2 resilience=3 steadiness=2.33
KEYS,crosshits,SCORE_BELOW_THRESHOLD,BENIGN,True,False,58522227826.687996,Technology,growth=4 profitability=3 resilience=3 steadiness=3.0
KGF.L,crosshits,SCORE_BELOW_THRESHOLD,BENIGN,True,False,6292465989.12,Consumer Cyclical,growth=1 profitability=2 resilience=3 steadiness=n/a(no_sec_registrant)
KGX.DE,crosshits,SCORE_BELOW_THRESHOLD,BENIGN,True,False,4732293120.0,Industrials,growth=3 profitability=1 resilience=2 steadiness=n/a(no_sec_registrant)
KKR,crosshits,SCORE_BELOW_THRESHOLD,BENIGN,True,False,73766700040.192,Financial Services,growth=3 profitability=2 resilience=2 steadiness=1.67
KLAC,crosshits,SCORE_BELOW_THRESHOLD,BENIGN,True,False,237208328060.92798,Technology,growth=4 profitability=5 resilience=2 steadiness=4.0
KMB,crosshits,SCORE_BELOW_THRESHOLD,BENIGN,True,False,27979692752.896,Consumer Defensive,growth=1 profitability=4 resilience=0 steadiness=3.33
KMI,crosshits,SCORE_BELOW_THRESHOLD,BENIGN,True,False,61922750820.352,Energy,growth=3 profitability=2 resilience=2 steadiness=2.67
KNEBV.HE,crosshits,SCORE_BELOW_THRESHOLD,BENIGN,True,False,26287347712.0,Industrials,growth=2 profitability=3 resilience=4 steadiness=n/a(no_sec_registrant)
KNF,crosshits,SCORE_BELOW_THRESHOLD,BENIGN,False,False,2570533013.2479997,Basic Materials,growth=3 profitability=2 resilience=1 steadiness=n/a(series_too_short)
KNIN.SW,crosshits,SCORE_BELOW_THRESHOLD,BENIGN,True,False,28227863180.4928,Industrials,growth=3 profitability=3 resilience=2 steadiness=n/a(no_sec_registrant)
KO,crosshits,SCORE_BELOW_THRESHOLD,BENIGN,True,False,330832575594.496,Consumer Defensive,growth=3 profitability=5 resilience=3 steadiness=3.33
KOG.OL,crosshits,SCORE_BELOW_THRESHOLD,BENIGN,True,False,25299105889.4848,Industrials,growth=4 profitability=3 resilience=4 steadiness=n/a(no_sec_registrant)
KPN.AS,crosshits,SCORE_BELOW_THRESHOLD,BENIGN,True,False,14933829632.0,Communication Services,growth=1 profitability=3 resilience=2 steadiness=n/a(no_sec_registrant)
KR,crosshits,SCORE_BELOW_THRESHOLD,BENIGN,True,False,30806088148.991997,Consumer Defensive,growth=2 profitability=2 resilience=0 steadiness=4.0
KRX.IR,crosshits,SCORE_BELOW_THRESHOLD,BENIGN,True,False,18434576384.0,Industrials,growth=3 profitability=2 resilience=3 steadiness=n/a(no_sec_registrant)
KTOS,crosshits,SCORE_BELOW_THRESHOLD,BENIGN,True,False,7205201935.104,Industrials,growth=5 profitability=0 resilience=3 steadiness=3.33
KTY.WA,crosshits,SCORE_BELOW_THRESHOLD,BENIGN,False,False,2815792882.57536,Basic Materials,growth=3 profitability=4 resilience=3 steadiness=n/a(no_sec_registrant)
KVUE,crosshits,SCORE_BELOW_THRESHOLD,BENIGN,True,False,29538375034.879997,Consumer Defensive,growth=2 profitability=3 resilience=3 steadiness=n/a(series_too_short)
LAGR-B.ST,crosshits,SCORE_BELOW_THRESHOLD,BENIGN,True,False,4266241437.04064,Industrials,growth=4 profitability=3 resilience=3 steadiness=n/a(no_sec_registrant)
LATO-B.ST,crosshits,SCORE_BELOW_THRESHOLD,BENIGN,True,False,11444907011.2768,Industrials,growth=2 profitability=3 resilience=3 steadiness=n/a(no_sec_registrant)
LDO.MI,crosshits,SCORE_BELOW_THRESHOLD,BENIGN,True,False,27729534976.0,Industrials,growth=4 profitability=2 resilience=3 steadiness=n/a(no_sec_registrant)
LDOS,crosshits,SCORE_BELOW_THRESHOLD,BENIGN,True,False,13191323464.703999,Technology,growth=3 profitability=3 resilience=1 steadiness=4.67
LECO,crosshits,SCORE_BELOW_THRESHOLD,BENIGN,True,False,13316362829.824,Industrials,growth=3 profitability=4 resilience=3 steadiness=4.0
LEG.DE,crosshits,SCORE_BELOW_THRESHOLD,BENIGN,True,False,3511975168.0,Real Estate,growth=2 profitability=3 resilience=2 steadiness=n/a(no_sec_registrant)
LEN,crosshits,SCORE_BELOW_THRESHOLD,BENIGN,True,False,16361338392.575998,Consumer Cyclical,growth=1 profitability=2 resilience=3 steadiness=4.0
LFUS,crosshits,SCORE_BELOW_THRESHOLD,BENIGN,True,False,10319539792.383999,Technology,growth=3 profitability=0 resilience=3 steadiness=2.33
LHA.DE,crosshits,SCORE_BELOW_THRESHOLD,BENIGN,True,False,9065837568.0,Industrials,growth=3 profitability=0 resilience=2 steadiness=n/a(no_sec_registrant)
LHX,crosshits,SCORE_BELOW_THRESHOLD,BENIGN,True,False,39508802400.256,Industrials,growth=3 profitability=2 resilience=3 steadiness=n/a(series_too_short)
LIFCO-B.ST,crosshits,SCORE_BELOW_THRESHOLD,BENIGN,True,False,13035702155.345919,Industrials,growth=3 profitability=3 resilience=3 steadiness=n/a(no_sec_registrant)
LII,crosshits,SCORE_BELOW_THRESHOLD,BENIGN,True,False,11028894674.432,Industrials,growth=2 profitability=5 resilience=2 steadiness=4.0
LIN,crosshits,SCORE_BELOW_THRESHOLD,BENIGN,True,False,198322916777.98398,Basic Materials,growth=3 profitability=4 resilience=3 steadiness=3.33
LISP.SW,crosshits,SCORE_BELOW_THRESHOLD,BENIGN,True,False,18264163329.8432,Consumer Defensive,growth=1 profitability=3 resilience=4 steadiness=n/a(no_sec_registrant)
LITE,crosshits,SCORE_BELOW_THRESHOLD,BENIGN,True,False,86738404462.592,Technology,growth=4 profitability=0 resilience=2 steadiness=1.67
LIVN,crosshits,SCORE_BELOW_THRESHOLD,BENIGN,True,False,3717579762.304,Healthcare,growth=3 profitability=2 resilience=3 steadiness=1.67
LLY,crosshits,SCORE_BELOW_THRESHOLD,BENIGN,True,False,908402214666.24,Healthcare,growth=5 profitability=5 resilience=3 steadiness=3.67
LNT,crosshits,SCORE_BELOW_THRESHOLD,BENIGN,True,False,14950931417.599998,Utilities,growth=1 profitability=3 resilience=2 steadiness=4.0
LNTH,crosshits,SCORE_BELOW_THRESHOLD,BENIGN,True,False,5831380180.224,Healthcare,growth=2 profitability=3 resilience=3 steadiness=2.33
LOGN.SW,crosshits,SCORE_BELOW_THRESHOLD,BENIGN,True,False,13076125429.9648,Technology,growth=3 profitability=3 resilience=3 steadiness=n/a(no_sec_registrant)
LONN.SW,crosshits,SCORE_BELOW_THRESHOLD,BENIGN,True,False,43180962412.9536,Healthcare,growth=3 profitability=3 resilience=2 steadiness=n/a(no_sec_registrant)
LOPE,crosshits,SCORE_BELOW_THRESHOLD,BENIGN,True,False,3623341964.672,Consumer Defensive,growth=3 profitability=4 resilience=4 steadiness=4.0
LOTB.BR,crosshits,SCORE_BELOW_THRESHOLD,BENIGN,True,False,9836683264.0,Consumer Defensive,growth=3 profitability=3 resilience=3 steadiness=n/a(no_sec_registrant)
LOW,crosshits,SCORE_BELOW_THRESHOLD,BENIGN,True,False,89907292876.8,Consumer Cyclical,growth=3 profitability=3 resilience=2 steadiness=4.0
LPP.WA,crosshits,SCORE_BELOW_THRESHOLD,BENIGN,True,False,10548091966.464,Consumer Cyclical,growth=4 profitability=3 resilience=3 steadiness=n/a(no_sec_registrant)
LR.PA,crosshits,SCORE_BELOW_THRESHOLD,BENIGN,True,False,37456031744.0,Industrials,growth=3 profitability=3 resilience=3 steadiness=n/a(no_sec_registrant)
LRCX,crosshits,SCORE_BELOW_THRESHOLD,BENIGN,True,False,384802636562.432,Technology,growth=4 profitability=4 resilience=3 steadiness=4.33
LSCC,crosshits,SCORE_BELOW_THRESHOLD,BENIGN,True,False,16944876122.112,Technology,growth=4 profitability=2 resilience=4 steadiness=2.0
LSEG.L,crosshits,SCORE_BELOW_THRESHOLD,BENIGN,True,False,46700652847.104004,Financial Services,growth=3 profitability=2 resilience=3 steadiness=n/a(no_sec_registrant)
LSTR,crosshits,SCORE_BELOW_THRESHOLD,BENIGN,True,False,5128939116.032,Industrials,growth=3 profitability=2 resilience=3 steadiness=3.33
LTMC.MI,crosshits,SCORE_BELOW_THRESHOLD,BENIGN,True,False,5764694528.0,Consumer Cyclical,growth=2 profitability=4 resilience=0 steadiness=n/a(no_sec_registrant)
LULU,crosshits,SCORE_BELOW_THRESHOLD,BENIGN,True,False,9118707265.024,Consumer Cyclical,growth=1 profitability=3 resilience=4 steadiness=4.67
LUND-B.ST,crosshits,SCORE_BELOW_THRESHOLD,BENIGN,True,False,12402916751.44192,Industrials,growth=3 profitability=3 resilience=5 steadiness=n/a(no_sec_registrant)
LUV,crosshits,SCORE_BELOW_THRESHOLD,BENIGN,True,False,18424273386.496,Industrials,growth=4 profitability=1 resilience=2 steadiness=2.0
LVS,crosshits,SCORE_BELOW_THRESHOLD,BENIGN,True,False,21087583563.775997,Consumer Cyclical,growth=1 profitability=4 resilience=0 steadiness=1.33
LYV,crosshits,SCORE_BELOW_THRESHOLD,BENIGN,True,False,35435978973.184,Communication Services,growth=3 profitability=2 resilience=0 steadiness=2.0
M,crosshits,SCORE_BELOW_THRESHOLD,BENIGN,True,False,5230727476.48,Consumer Cyclical,growth=2 profitability=2 resilience=3 steadiness=1.33
MA,crosshits,SCORE_BELOW_THRESHOLD,BENIGN,True,False,437940545355.776,Financial Services,growth=3 profitability=5 resilience=0 steadiness=4.67
MANH,crosshits,SCORE_BELOW_THRESHOLD,BENIGN,True,False,10804330474.496,Technology,growth=3 profitability=4 resilience=3 steadiness=3.33
MAR,crosshits,SCORE_BELOW_THRESHOLD,BENIGN,True,False,82767416410.112,Consumer Cyclical,growth=3 profitability=5 resilience=5 steadiness=3.67
MAT,crosshits,SCORE_BELOW_THRESHOLD,BENIGN,True,False,3888019043.072,Consumer Cyclical,growth=3 profitability=2 resilience=3 steadiness=1.67
MC.PA,crosshits,SCORE_BELOW_THRESHOLD,BENIGN,True,False,187376074752.0,Consumer Cyclical,growth=1 profitability=3 resilience=4 steadiness=n/a(no_sec_registrant)
MCD,crosshits,SCORE_BELOW_THRESHOLD,BENIGN,True,False,145811240034.304,Consumer Cyclical,growth=2 profitability=5 resilience=4 steadiness=3.67
MCHP,crosshits,SCORE_BELOW_THRESHOLD,BENIGN,True,False,39269565222.911995,Technology,growth=3 profitability=3 resilience=2 steadiness=2.67
MCO,crosshits,SCORE_BELOW_THRESHOLD,BENIGN,True,False,68808915230.72,Financial Services,growth=4 profitability=4 resilience=2 steadiness=4.33
MDLZ,crosshits,SCORE_BELOW_THRESHOLD,BENIGN,True,False,66522446696.448,Consumer Defensive,growth=2 profitability=3 resilience=3 steadiness=4.0
MDT,crosshits,SCORE_BELOW_THRESHOLD,BENIGN,True,False,100208382128.12799,Healthcare,growth=3 profitability=3 resilience=3 steadiness=4.0
META,crosshits,SCORE_BELOW_THRESHOLD,BENIGN,True,False,1688132892033.024,Communication Services,growth=4 profitability=4 resilience=4 steadiness=3.67
METSO.HE,crosshits,SCORE_BELOW_THRESHOLD,BENIGN,True,False,13995117568.0,Industrials,growth=2 profitability=3 resilience=3 steadiness=n/a(no_sec_registrant)
MGM,crosshits,SCORE_BELOW_THRESHOLD,BENIGN,True,False,6839874192.896,Consumer Cyclical,growth=1 profitability=2 resilience=0 steadiness=2.33
MICC.AS,crosshits,SCORE_BELOW_THRESHOLD,BENIGN,True,False,9275528192.0,Consumer Defensive,growth=2 profitability=2 resilience=0 steadiness=n/a(no_sec_registrant)
MIDD,crosshits,SCORE_BELOW_THRESHOLD,BENIGN,True,False,4252502812.928,Industrials,growth=3 profitability=3 resilience=3 steadiness=2.67
MKC,crosshits,SCORE_BELOW_THRESHOLD,BENIGN,True,False,10693449213.439999,Consumer Defensive,growth=4 profitability=3 resilience=3 steadiness=5
MKS.L,crosshits,SCORE_BELOW_THRESHOLD,BENIGN,True,False,9198795082.752,Consumer Cyclical,growth=4 profitability=1 resilience=2 steadiness=n/a(no_sec_registrant)
MKSI,crosshits,SCORE_BELOW_THRESHOLD,BENIGN,True,False,17116202966.015999,Technology,growth=4 profitability=3 resilience=2 steadiness=1.67
MLI,crosshits,SCORE_BELOW_THRESHOLD,BENIGN,True,False,12293387091.456,Industrials,growth=4 profitability=4 resilience=3 steadiness=3.67
MLM,crosshits,SCORE_BELOW_THRESHOLD,BENIGN,True,False,30413723622.399998,Basic Materials,growth=3 profitability=3 resilience=2 steadiness=3.33
MMM,crosshits,SCORE_BELOW_THRESHOLD,BENIGN,True,False,74429301866.496,Industrials,growth=2 profitability=4 resilience=0 steadiness=1.0
MNDI.L,crosshits,SCORE_BELOW_THRESHOLD,BENIGN,True,False,4068216578.3040004,Basic Materials,growth=2 profitability=0 resilience=3 steadiness=n/a(no_sec_registrant)
MO,crosshits,SCORE_BELOW_THRESHOLD,BENIGN,True,False,100731982757.888,Consumer Defensive,growth=2 profitability=5 resilience=5 steadiness=2.67
MOBN.SW,crosshits,SCORE_BELOW_THRESHOLD,BENIGN,False,False,2607051606.272,Real Estate,growth=1 profitability=3 resilience=3 steadiness=n/a(no_sec_registrant)
MOG-A,crosshits,SCORE_BELOW_THRESHOLD,BENIGN,True,False,11240574260.223999,Industrials,growth=4 profitability=3 resilience=3 steadiness=4.0
MONC.MI,crosshits,SCORE_BELOW_THRESHOLD,BENIGN,True,False,11869631488.0,Consumer Cyclical,growth=2 profitability=3 resilience=4 steadiness=n/a(no_sec_registrant)
MORN,crosshits,SCORE_BELOW_THRESHOLD,BENIGN,True,False,6189360935.424,Financial Services,growth=3 profitability=3 resilience=2 steadiness=4.0
MOWI.OL,crosshits,SCORE_BELOW_THRESHOLD,BENIGN,True,False,9881567599.820799,Consumer Defensive,growth=3 profitability=2 resilience=3 steadiness=n/a(no_sec_registrant)
MP,crosshits,SCORE_BELOW_THRESHOLD,BENIGN,True,False,7491157021.696,Basic Materials,growth=3 profitability=0 resilience=3 steadiness=1.67
MRK,crosshits,SCORE_BELOW_THRESHOLD,BENIGN,True,False,306574986231.808,Healthcare,growth=2 profitability=0 resilience=3 steadiness=3.33
MRK.DE,crosshits,SCORE_BELOW_THRESHOLD,BENIGN,True,False,59216748544.0,Healthcare,growth=2 profitability=2 resilience=3 steadiness=n/a(no_sec_registrant)
MRO.L,crosshits,SCORE_BELOW_THRESHOLD,BENIGN,True,False,6953481676.8,Industrials,growth=3 profitability=1 resilience=2 steadiness=n/a(no_sec_registrant)
MRSH,crosshits,SCORE_BELOW_THRESHOLD,BENIGN,True,False,72253556662.272,Financial Services,growth=2 profitability=3 resilience=2 steadiness=5
MRVL,crosshits,SCORE_BELOW_THRESHOLD,BENIGN,True,False,217494682189.824,Technology,growth=4 profitability=3 resilience=3 steadiness=2.67
MSA,crosshits,SCORE_BELOW_THRESHOLD,BENIGN,True,False,6286268953.856,Industrials,growth=2 profitability=4 resilience=4 steadiness=3.67
MSCI,crosshits,SCORE_BELOW_THRESHOLD,BENIGN,True,False,35373766936.576,Financial Services,growth=3 profitability=4 resilience=3 steadiness=5
MSFT,crosshits,SCORE_BELOW_THRESHOLD,BENIGN,True,False,3484039276920.832,Technology,growth=4 profitability=4 resilience=3 steadiness=5
MSI,crosshits,SCORE_BELOW_THRESHOLD,BENIGN,True,False,66998350336.0,Technology,growth=3 profitability=4 resilience=0 steadiness=4.0
MSM,crosshits,SCORE_BELOW_THRESHOLD,BENIGN,True,False,6429987084.032,Industrials,growth=3 profitability=2 resilience=4 steadiness=3.67
MTD,crosshits,SCORE_BELOW_THRESHOLD,BENIGN,True,False,26827829792.767998,Healthcare,growth=2 profitability=4 resilience=0 steadiness=4.67
MTDR,crosshits,SCORE_BELOW_THRESHOLD,BENIGN,True,False,5882629248.768,Energy,growth=4 profitability=3 resilience=3 steadiness=1.67
MTN,crosshits,SCORE_BELOW_THRESHOLD,BENIGN,True,False,4431756789.248,Consumer Cyclical,growth=2 profitability=0 resilience=0 steadiness=3.67
MTSI,crosshits,SCORE_BELOW_THRESHOLD,BENIGN,True,False,21884459611.135998,Technology,growth=4 profitability=3 resilience=3 steadiness=1.33
MTX.DE,crosshits,SCORE_BELOW_THRESHOLD,BENIGN,True,False,20029093888.0,Industrials,growth=4 profitability=3 resilience=2 steadiness=n/a(no_sec_registrant)
MTZ,crosshits,SCORE_BELOW_THRESHOLD,BENIGN,True,False,15869767631.872,Industrials,growth=4 profitability=2 resilience=2 steadiness=3.67
MU,crosshits,SCORE_BELOW_THRESHOLD,BENIGN,True,False,1073412037345.2799,Technology,growth=4 profitability=5 resilience=4 steadiness=1.33
MUR,crosshits,SCORE_BELOW_THRESHOLD,BENIGN,True,False,4889278354.944,Energy,growth=3 profitability=2 resilience=3 steadiness=1.0
MZTI,crosshits,SCORE_BELOW_THRESHOLD,BENIGN,False,False,2385062671.6159997,Consumer Defensive,growth=1 profitability=3 resilience=3 steadiness=4.67
NBIX,crosshits,SCORE_BELOW_THRESHOLD,BENIGN,True,False,13088281241.599998,Healthcare,growth=5 profitability=3 resilience=3 steadiness=3.33
NCLH,crosshits,SCORE_BELOW_THRESHOLD,BENIGN,True,False,6126161601.792,Consumer Cyclical,growth=2 profitability=3 resilience=0 steadiness=1.67
NDAQ,crosshits,SCORE_BELOW_THRESHOLD,BENIGN,True,False,45273127174.144,Financial Services,growth=4 profitability=3 resilience=3 steadiness=4.0
NDSN,crosshits,SCORE_BELOW_THRESHOLD,BENIGN,True,False,16544436117.504,Industrials,growth=3 profitability=3 resilience=4 steadiness=4.0
NDX1.DE,crosshits,SCORE_BELOW_THRESHOLD,BENIGN,True,False,8854279168.0,Industrials,growth=4 profitability=3 resilience=3 steadiness=n/a(no_sec_registrant)
NEE,crosshits,SCORE_BELOW_THRESHOLD,BENIGN,True,False,142962902269.952,Utilities,growth=3 profitability=4 resilience=3 steadiness=3.67
NEM,crosshits,SCORE_BELOW_THRESHOLD,BENIGN,True,False,108055438958.592,Basic Materials,growth=4 profitability=5 resilience=5 steadiness=1.33
NEM.DE,crosshits,SCORE_BELOW_THRESHOLD,BENIGN,True,False,7350989312.0,Technology,growth=3 profitability=3 resilience=3 steadiness=n/a(no_sec_registrant)
NEU,crosshits,SCORE_BELOW_THRESHOLD,BENIGN,True,False,7613215781.375999,Basic Materials,growth=3 profitability=4 resilience=2 steadiness=3.33
NEXI.MI,crosshits,SCORE_BELOW_THRESHOLD,BENIGN,True,False,4747046400.0,Technology,growth=2 profitability=0 resilience=2 steadiness=n/a(no_sec_registrant)
NFG,crosshits,SCORE_BELOW_THRESHOLD,BENIGN,True,False,6483322576.384,Energy,growth=1 profitability=4 resilience=3 steadiness=1.67
NFLX,crosshits,SCORE_BELOW_THRESHOLD,BENIGN,True,False,249475196436.47998,Communication Services,growth=3 profitability=4 resilience=3 steadiness=4.67
NG.L,crosshits,SCORE_BELOW_THRESHOLD,BENIGN,True,False,68038812831.744,Utilities,growth=2 profitability=3 resilience=4 steadiness=n/a(no_sec_registrant)
NHY.OL,crosshits,SCORE_BELOW_THRESHOLD,BENIGN,True,False,14830688298.598398,Basic Materials,growth=2 profitability=3 resilience=3 steadiness=n/a(no_sec_registrant)
NI,crosshits,SCORE_BELOW_THRESHOLD,BENIGN,True,False,17000643112.96,Utilities,growth=2 profitability=2 resilience=3 steadiness=2.67
NIBE-B.ST,crosshits,SCORE_BELOW_THRESHOLD,BENIGN,True,False,8043004327.03488,Industrials,growth=3 profitability=2 resilience=3 steadiness=n/a(no_sec_registrant)
NJR,crosshits,SCORE_BELOW_THRESHOLD,BENIGN,True,False,4599347149.823999,Utilities,growth=3 profitability=3 resilience=2 steadiness=4
NKE,crosshits,SCORE_BELOW_THRESHOLD,BENIGN,True,False,43540896059.392,Consumer Cyclical,growth=1 profitability=2 resilience=3 steadiness=4.0
NKT.CO,crosshits,SCORE_BELOW_THRESHOLD,BENIGN,True,False,6394526145.699841,Industrials,growth=1 profitability=2 resilience=3 steadiness=n/a(no_sec_registrant)
NOC,crosshits,SCORE_BELOW_THRESHOLD,BENIGN,True,False,60752359723.007996,Industrials,growth=2 profitability=3 resilience=2 steadiness=4.33
NOD.OL,crosshits,SCORE_BELOW_THRESHOLD,BENIGN,True,False,3469312383.7952,Technology,growth=3 profitability=2 resilience=3 steadiness=n/a(no_sec_registrant)
NOKIA.HE,crosshits,SCORE_BELOW_THRESHOLD,BENIGN,True,False,51485138944.0,Technology,growth=3 profitability=1 resilience=3 steadiness=n/a(no_sec_registrant)
NOV,crosshits,SCORE_BELOW_THRESHOLD,BENIGN,True,False,6173269317.632,Energy,growth=1 profitability=1 resilience=2 steadiness=1.33
NOVN.SW,crosshits,SCORE_BELOW_THRESHOLD,BENIGN,True,False,236734629652.0704,Healthcare,growth=1 profitability=4 resilience=3 steadiness=n/a(no_sec_registrant)
NOVO-B.CO,crosshits,SCORE_BELOW_THRESHOLD,BENIGN,True,False,145373798008.7501,Healthcare,growth=2 profitability=5 resilience=3 steadiness=n/a(no_sec_registrant)
NOVT,crosshits,SCORE_BELOW_THRESHOLD,BENIGN,True,False,5002731700.48,Technology,growth=3 profitability=2 resilience=3 steadiness=4.67
NOW,crosshits,SCORE_BELOW_THRESHOLD,BENIGN,True,False,125381825273.85599,Technology,growth=4 profitability=2 resilience=3 steadiness=3.67
NSC,crosshits,SCORE_BELOW_THRESHOLD,BENIGN,True,False,63313368948.736,Industrials,growth=3 profitability=4 resilience=3 steadiness=3.0
NSIS-B.CO,crosshits,SCORE_BELOW_THRESHOLD,BENIGN,True,False,26512633651.363842,Basic Materials,growth=3 profitability=3 resilience=4 steadiness=n/a(no_sec_registrant)
NTAP,crosshits,SCORE_BELOW_THRESHOLD,BENIGN,True,False,38425600174.08,Technology,growth=4 profitability=4 resilience=3 steadiness=4.0
NTGY.MC,crosshits,SCORE_BELOW_THRESHOLD,BENIGN,True,False,27532417024.0,Utilities,growth=3 profitability=4 resilience=2 steadiness=n/a(no_sec_registrant)
NTNX,crosshits,SCORE_BELOW_THRESHOLD,BENIGN,True,False,17756940933.12,Technology,growth=4 profitability=3 resilience=3 steadiness=2.67
NVST,crosshits,SCORE_BELOW_THRESHOLD,BENIGN,True,False,3320592102.144,Healthcare,growth=3 profitability=1 resilience=3 steadiness=1.0
NVT,crosshits,SCORE_BELOW_THRESHOLD,BENIGN,True,False,24442359513.087997,Industrials,growth=5 profitability=3 resilience=3 steadiness=2.33
NWE,crosshits,SCORE_BELOW_THRESHOLD,BENIGN,True,False,3794872612.608,Utilities,growth=3 profitability=2 resilience=3 steadiness=n/a(series_too_short)
NWS,crosshits,SCORE_BELOW_THRESHOLD,BENIGN,True,False,15259047511.039999,Communication Services,growth=3 profitability=2 resilience=3 steadiness=2.33
NWSA,crosshits,SCORE_BELOW_THRESHOLD,BENIGN,True,False,13783141160.96,Communication Services,growth=3 profitability=2 resilience=3 steadiness=2.33
NXPI,crosshits,SCORE_BELOW_THRESHOLD,BENIGN,True,False,54123898550.271996,Technology,growth=3 profitability=4 resilience=2 steadiness=2.67
NXST,crosshits,SCORE_BELOW_THRESHOLD,BENIGN,True,False,4319240075.007999,Communication Services,growth=3 profitability=2 resilience=0 steadiness=3.33
NXT.L,crosshits,SCORE_BELOW_THRESHOLD,BENIGN,True,False,19097649202.176003,Consumer Cyclical,growth=3 profitability=4 resilience=3 steadiness=n/a(no_sec_registrant)
NYT,crosshits,SCORE_BELOW_THRESHOLD,BENIGN,True,False,9079979478.015999,Communication Services,growth=3 profitability=3 resilience=3 steadiness=4.33
OC,crosshits,SCORE_BELOW_THRESHOLD,BENIGN,True,False,8338235045.888,Industrials,growth=1 profitability=0 resilience=2 steadiness=2.67
ODFL,crosshits,SCORE_BELOW_THRESHOLD,BENIGN,True,False,32732882962.432,Industrials,growth=3 profitability=4 resilience=4 steadiness=3.67
OGE,crosshits,SCORE_BELOW_THRESHOLD,BENIGN,True,False,8299459788.287999,Utilities,growth=1 profitability=3 resilience=3 steadiness=2.33
OKTA,crosshits,SCORE_BELOW_THRESHOLD,BENIGN,True,False,33665775036.415997,Technology,growth=3 profitability=2 resilience=5 steadiness=2.67
OLED,crosshits,SCORE_BELOW_THRESHOLD,BENIGN,True,False,3251103371.52,Technology,growth=1 profitability=3 resilience=4 steadiness=3.67
OLLI,crosshits,SCORE_BELOW_THRESHOLD,BENIGN,True,False,4654941603.328,Consumer Defensive,growth=3 profitability=2 resilience=4 steadiness=4.33
OMV.VI,crosshits,SCORE_BELOW_THRESHOLD,BENIGN,True,False,23129774080.0,Energy,growth=3 profitability=2 resilience=3 steadiness=n/a(no_sec_registrant)
ON,crosshits,SCORE_BELOW_THRESHOLD,BENIGN,True,False,29499858126.848,Technology,growth=3 profitability=2 resilience=2 steadiness=2.33
ONTO,crosshits,SCORE_BELOW_THRESHOLD,BENIGN,True,False,14386210300.415998,Technology,growth=4 profitability=2 resilience=2 steadiness=3.67
OPCH,crosshits,SCORE_BELOW_THRESHOLD,BENIGN,True,False,3083289579.648,Healthcare,growth=2 profitability=2 resilience=1 steadiness=4.33
OR.PA,crosshits,SCORE_BELOW_THRESHOLD,BENIGN,True,False,198345310208.0,Consumer Defensive,growth=2 profitability=3 resilience=4 steadiness=n/a(no_sec_registrant)
ORA.PA,crosshits,SCORE_BELOW_THRESHOLD,BENIGN,True,False,37235417088.0,Communication Services,growth=2 profitability=2 resilience=2 steadiness=n/a(no_sec_registrant)
ORCL,crosshits,SCORE_BELOW_THRESHOLD,BENIGN,True,False,390036817068.032,Technology,growth=4 profitability=4 resilience=2 steadiness=4.33
ORK.OL,crosshits,SCORE_BELOW_THRESHOLD,BENIGN,True,False,8123445442.559999,Consumer Defensive,growth=1 profitability=2 resilience=4 steadiness=n/a(no_sec_registrant)
ORLY,crosshits,SCORE_BELOW_THRESHOLD,BENIGN,True,False,60312993832.96,Consumer Cyclical,growth=3 profitability=4 resilience=3 steadiness=5
ORNBV.HE,crosshits,SCORE_BELOW_THRESHOLD,BENIGN,True,False,11334563840.0,Healthcare,growth=4 profitability=5 resilience=3 steadiness=n/a(no_sec_registrant)
ORSTED.CO,crosshits,SCORE_BELOW_THRESHOLD,BENIGN,True,False,23468327179.0592,Utilities,growth=3 profitability=0 resilience=3 steadiness=n/a(no_sec_registrant)
OSK,crosshits,SCORE_BELOW_THRESHOLD,BENIGN,True,False,7419088903.424,Industrials,growth=3 profitability=2 resilience=3 steadiness=n/a(series_too_short)
OTIS,crosshits,SCORE_BELOW_THRESHOLD,BENIGN,True,False,21992659696.64,Industrials,growth=3 profitability=3 resilience=2 steadiness=4
OVV,crosshits,SCORE_BELOW_THRESHOLD,BENIGN,True,False,15061650183.168,Energy,growth=3 profitability=2 resilience=3 steadiness=1.0
OXY,crosshits,SCORE_BELOW_THRESHOLD,BENIGN,True,False,52325442308.096,Energy,growth=3 profitability=3 resilience=3 steadiness=1.0
P,crosshits,SCORE_BELOW_THRESHOLD,BENIGN,True,False,41964405002.24,Technology,growth=5 profitability=2 resilience=4 steadiness=3.67
PANW,crosshits,SCORE_BELOW_THRESHOLD,BENIGN,True,False,293944858279.936,Technology,growth=5 profitability=1 resilience=4 steadiness=3.67
PATH,crosshits,SCORE_BELOW_THRESHOLD,BENIGN,True,False,6009731302.4,Technology,growth=3 profitability=2 resilience=5 steadiness=2.67
PAYX,crosshits,SCORE_BELOW_THRESHOLD,BENIGN,True,False,31500816611.328,Technology,growth=2 profitability=4 resilience=3 steadiness=5
PCAR,crosshits,SCORE_BELOW_THRESHOLD,BENIGN,True,False,51254308567.04,Industrials,growth=1 profitability=2 resilience=2 steadiness=3.33
PCG,crosshits,SCORE_BELOW_THRESHOLD,BENIGN,True,False,32989220507.648,Utilities,growth=1 profitability=3 resilience=2 steadiness=1.33
PCTY,crosshits,SCORE_BELOW_THRESHOLD,BENIGN,True,False,6947758872.832,Technology,growth=3 profitability=3 resilience=4 steadiness=4.67
PEG,crosshits,SCORE_BELOW_THRESHOLD,BENIGN,True,False,30493561854.975998,Utilities,growth=1 profitability=3 resilience=2 steadiness=2.33
PEGA,crosshits,SCORE_BELOW_THRESHOLD,BENIGN,True,False,5028010247.168,Technology,growth=3 profitability=3 resilience=4 steadiness=2.67
PEN,crosshits,SCORE_BELOW_THRESHOLD,BENIGN,True,False,11171348443.647999,Healthcare,growth=4 profitability=2 resilience=4 steadiness=3.67
PEP,crosshits,SCORE_BELOW_THRESHOLD,BENIGN,True,False,151760984940.544,Consumer Defensive,growth=2 profitability=4 resilience=3 steadiness=5
PFE,crosshits,SCORE_BELOW_THRESHOLD,BENIGN,True,False,138642158198.784,Healthcare,growth=2 profitability=3 resilience=3 steadiness=2.33
PG,crosshits,SCORE_BELOW_THRESHOLD,BENIGN,True,False,302297228607.488,Consumer Defensive,growth=2 profitability=4 resilience=4 steadiness=4.33
PGHN.SW,crosshits,SCORE_BELOW_THRESHOLD,BENIGN,True,False,16653836308.48,Financial Services,growth=1 profitability=5 resilience=2 steadiness=n/a(no_sec_registrant)
PH,crosshits,SCORE_BELOW_THRESHOLD,BENIGN,True,False,109425666641.92,Industrials,growth=3 profitability=4 resilience=3 steadiness=4.33
PHIA.AS,crosshits,SCORE_BELOW_THRESHOLD,BENIGN,True,False,20819204096.0,Healthcare,growth=1 profitability=2 resilience=2 steadiness=n/a(no_sec_registrant)
PHM,crosshits,SCORE_BELOW_THRESHOLD,BENIGN,True,False,19387338499.072,Consumer Cyclical,growth=1 profitability=3 resilience=3 steadiness=n/a(no_concept)
PINS,crosshits,SCORE_BELOW_THRESHOLD,BENIGN,True,False,9927679184.383999,Communication Services,growth=4 profitability=0 resilience=4 steadiness=2.33
PIRC.MI,crosshits,SCORE_BELOW_THRESHOLD,BENIGN,True,False,7209040384.0,Consumer Cyclical,growth=1 profitability=2 resilience=4 steadiness=n/a(no_sec_registrant)
PKG,crosshits,SCORE_BELOW_THRESHOLD,BENIGN,True,False,18111091633.152,Consumer Cyclical,growth=3 profitability=3 resilience=2 steadiness=4.0
PKN.WA,crosshits,SCORE_BELOW_THRESHOLD,BENIGN,True,False,39365745925.3248,Energy,growth=3 profitability=2 resilience=3 steadiness=n/a(no_sec_registrant)
PLNT,crosshits,SCORE_BELOW_THRESHOLD,BENIGN,False,False,2842051106.048,Consumer Cyclical,growth=2 profitability=5 resilience=4 steadiness=3.33
PLTR,crosshits,SCORE_BELOW_THRESHOLD,BENIGN,True,False,403271559692.28796,Technology,growth=5 profitability=4 resilience=5 steadiness=2.67
PM,crosshits,SCORE_BELOW_THRESHOLD,BENIGN,True,False,263060870889.472,Consumer Defensive,growth=3 profitability=5 resilience=5 steadiness=4.33
PNDORA.CO,crosshits,SCORE_BELOW_THRESHOLD,BENIGN,True,False,7776911531.827201,Consumer Cyclical,growth=2 profitability=4 resilience=0 steadiness=n/a(no_sec_registrant)
PNN.L,crosshits,SCORE_BELOW_THRESHOLD,BENIGN,False,False,2488325792.256,Utilities,growth=4 profitability=2 resilience=0 steadiness=n/a(no_sec_registrant)
PNR,crosshits,SCORE_BELOW_THRESHOLD,BENIGN,True,False,7559422928.127999,Industrials,growth=1 profitability=3 resilience=3 steadiness=4.0
PNW,crosshits,SCORE_BELOW_THRESHOLD,BENIGN,True,False,10424947329.024,Utilities,growth=3 profitability=3 resilience=2 steadiness=4.33
PODD,crosshits,SCORE_BELOW_THRESHOLD,BENIGN,True,False,8299342937.599999,Healthcare,growth=4 profitability=3 resilience=3 steadiness=3.67
POR,crosshits,SCORE_BELOW_THRESHOLD,BENIGN,True,False,4678811095.04,Utilities,growth=1 profitability=1 resilience=3 steadiness=4.33
POST,crosshits,SCORE_BELOW_THRESHOLD,BENIGN,False,False,2839525579.264,Consumer Defensive,growth=1 profitability=2 resilience=2 steadiness=3.33
PPC.AT,crosshits,SCORE_BELOW_THRESHOLD,BENIGN,True,False,13427147776.0,Utilities,growth=2 profitability=1 resilience=4 steadiness=n/a(no_sec_registrant)
PPG,crosshits,SCORE_BELOW_THRESHOLD,BENIGN,True,False,20802009611.264,Basic Materials,growth=3 profitability=3 resilience=2 steadiness=3.67
PPL,crosshits,SCORE_BELOW_THRESHOLD,BENIGN,True,False,22176392797.184,Utilities,growth=2 profitability=2 resilience=3 steadiness=2.0
PR,crosshits,SCORE_BELOW_THRESHOLD,BENIGN,True,False,16710745684.991999,Energy,growth=5 profitability=3 resilience=4 steadiness=2.0
PRX.AS,crosshits,SCORE_BELOW_THRESHOLD,BENIGN,True,False,73948667904.0,Consumer Cyclical,growth=3 profitability=2 resilience=3 steadiness=n/a(no_sec_registrant)
PRY.MI,crosshits,SCORE_BELOW_THRESHOLD,BENIGN,True,False,38337011712.0,Industrials,growth=4 profitability=2 resilience=3 steadiness=n/a(no_sec_registrant)
PSKY,crosshits,SCORE_BELOW_THRESHOLD,BENIGN,True,False,9689579475.456,Communication Services,growth=1 profitability=0 resilience=2 steadiness=n/a(series_too_short)
PSN,crosshits,SCORE_BELOW_THRESHOLD,BENIGN,True,False,4025775049.4719996,Technology,growth=1 profitability=1 resilience=2 steadiness=3.67
PSN.L,crosshits,SCORE_BELOW_THRESHOLD,BENIGN,True,False,4572250887.168,Consumer Cyclical,growth=4 profitability=2 resilience=3 steadiness=n/a(no_sec_registrant)
PSON.L,crosshits,SCORE_BELOW_THRESHOLD,BENIGN,True,False,8748412706.304,Communication Services,growth=2 profitability=2 resilience=3 steadiness=n/a(no_sec_registrant)
PSPN.SW,crosshits,SCORE_BELOW_THRESHOLD,BENIGN,True,False,6981181817.0368,Real Estate,growth=3 profitability=3 resilience=4 steadiness=n/a(no_sec_registrant)
PST.MI,crosshits,SCORE_BELOW_THRESHOLD,BENIGN,True,False,37171707904.0,Industrials,growth=2 profitability=3 resilience=0 steadiness=n/a(no_sec_registrant)
PTC,crosshits,SCORE_BELOW_THRESHOLD,BENIGN,True,False,18714997898.239998,Technology,growth=1 profitability=4 resilience=4 steadiness=4.33
PUB.PA,crosshits,SCORE_BELOW_THRESHOLD,BENIGN,True,False,23513737216.0,Communication Services,growth=2 profitability=3 resilience=3 steadiness=n/a(no_sec_registrant)
PUIG.MC,crosshits,SCORE_BELOW_THRESHOLD,BENIGN,True,False,10032231424.0,Consumer Defensive,growth=2 profitability=3 resilience=5 steadiness=n/a(no_sec_registrant)
PVH,crosshits,SCORE_BELOW_THRESHOLD,BENIGN,True,False,3063502330.624,Consumer Cyclical,growth=1 profitability=0 resilience=3 steadiness=1.67
PWR,crosshits,SCORE_BELOW_THRESHOLD,BENIGN,True,False,91777816780.8,Industrials,growth=5 profitability=2 resilience=2 steadiness=4.33
PYPL,crosshits,SCORE_BELOW_THRESHOLD,BENIGN,True,False,41266999928.832,Financial Services,growth=2 profitability=3 resilience=2 steadiness=5
Q,crosshits,SCORE_BELOW_THRESHOLD,BENIGN,True,False,24914556794.879997,Technology,growth=4 profitability=2 resilience=2 steadiness=n/a(series_too_short)
QCOM,crosshits,SCORE_BELOW_THRESHOLD,BENIGN,True,False,174119648378.88,Technology,growth=1 profitability=3 resilience=3 steadiness=1.67
QIA.DE,crosshits,SCORE_BELOW_THRESHOLD,BENIGN,True,False,8287676928.0,Healthcare,growth=1 profitability=3 resilience=3 steadiness=n/a(no_sec_registrant)
QLYS,crosshits,SCORE_BELOW_THRESHOLD,BENIGN,True,False,6166637584.639999,Technology,growth=3 profitability=4 resilience=4 steadiness=4.67
QQ.L,crosshits,SCORE_BELOW_THRESHOLD,BENIGN,False,False,2867474686.464,Industrials,growth=2 profitability=3 resilience=2 steadiness=n/a(no_sec_registrant)
R,crosshits,SCORE_BELOW_THRESHOLD,BENIGN,True,False,8125554926.08,Industrials,growth=2 profitability=2 resilience=1 steadiness=3.33
R3NK.DE,crosshits,SCORE_BELOW_THRESHOLD,BENIGN,True,False,3730500096.0,Industrials,growth=2 profitability=3 resilience=2 steadiness=n/a(no_sec_registrant)
RAA.DE,crosshits,SCORE_BELOW_THRESHOLD,BENIGN,True,False,6424050176.0,Industrials,growth=2 profitability=4 resilience=5 steadiness=n/a(no_sec_registrant)
RACE.MI,crosshits,SCORE_BELOW_THRESHOLD,BENIGN,True,False,60073353216.0,Consumer Cyclical,growth=3 profitability=4 resilience=3 steadiness=n/a(no_sec_registrant)
RBA,crosshits,SCORE_BELOW_THRESHOLD,BENIGN,True,False,13705453711.359999,Industrials,growth=3 profitability=2 resilience=3 steadiness=4.0
RBC,crosshits,SCORE_BELOW_THRESHOLD,BENIGN,True,False,14615346283.519999,Industrials,growth=4 profitability=3 resilience=4 steadiness=4.33
RBREW.CO,crosshits,SCORE_BELOW_THRESHOLD,BENIGN,False,False,2511776005.6729603,Consumer Defensive,growth=1 profitability=3 resilience=3 steadiness=n/a(no_sec_registrant)
RCL,crosshits,SCORE_BELOW_THRESHOLD,BENIGN,True,False,65116199788.544,Consumer Cyclical,growth=3 profitability=4 resilience=3 steadiness=1.67
REC.MI,crosshits,SCORE_BELOW_THRESHOLD,BENIGN,True,False,10732207104.0,Healthcare,growth=3 profitability=4 resilience=3 steadiness=n/a(no_sec_registrant)
RED.MC,crosshits,SCORE_BELOW_THRESHOLD,BENIGN,True,False,7926663680.0,Utilities,growth=3 profitability=4 resilience=5 steadiness=n/a(no_sec_registrant)
REGN,crosshits,SCORE_BELOW_THRESHOLD,BENIGN,True,False,66735494713.343994,Healthcare,growth=4 profitability=3 resilience=3 steadiness=3.33
REL.L,crosshits,SCORE_BELOW_THRESHOLD,BENIGN,True,False,52125709860.864,Industrials,growth=2 profitability=5 resilience=0 steadiness=n/a(no_sec_registrant)
REP.MC,crosshits,SCORE_BELOW_THRESHOLD,BENIGN,True,False,30952089600.0,Energy,growth=3 profitability=2 resilience=2 steadiness=n/a(no_sec_registrant)
REY.MI,crosshits,SCORE_BELOW_THRESHOLD,BENIGN,True,False,4450208768.0,Technology,growth=3 profitability=3 resilience=2 steadiness=n/a(no_sec_registrant)
RHM.DE,crosshits,SCORE_BELOW_THRESHOLD,BENIGN,True,False,45291356160.0,Industrials,growth=5 profitability=3 resilience=4 steadiness=n/a(no_sec_registrant)
RKT.L,crosshits,SCORE_BELOW_THRESHOLD,BENIGN,True,False,36875719047.168,Consumer Defensive,growth=1 profitability=4 resilience=3 steadiness=n/a(no_sec_registrant)
RL,crosshits,SCORE_BELOW_THRESHOLD,BENIGN,True,False,19390037019.648,Consumer Cyclical,growth=3 profitability=4 resilience=3 steadiness=3.0
RMBS,crosshits,SCORE_BELOW_THRESHOLD,BENIGN,True,False,10603487877.119999,Technology,growth=4 profitability=3 resilience=5 steadiness=1.67
RMD,crosshits,SCORE_BELOW_THRESHOLD,BENIGN,True,False,27770393086.975998,Healthcare,growth=3 profitability=4 resilience=3 steadiness=5
RMS.PA,crosshits,SCORE_BELOW_THRESHOLD,BENIGN,True,False,133859680256.0,Consumer Cyclical,growth=2 profitability=4 resilience=5 steadiness=n/a(no_sec_registrant)
RMV.L,crosshits,SCORE_BELOW_THRESHOLD,BENIGN,True,False,3816585004.032,Communication Services,growth=3 profitability=5 resilience=5 steadiness=n/a(no_sec_registrant)
RNO.PA,crosshits,SCORE_BELOW_THRESHOLD,BENIGN,True,False,7332722176.0,Consumer Cyclical,growth=3 profitability=1 resilience=0 steadiness=n/a(no_sec_registrant)
ROCK-B.CO,crosshits,SCORE_BELOW_THRESHOLD,BENIGN,True,False,5183482550.067201,Industrials,growth=3 profitability=2 resilience=5 steadiness=n/a(no_sec_registrant)
ROK,crosshits,SCORE_BELOW_THRESHOLD,BENIGN,True,False,44873680400.383995,Industrials,growth=3 profitability=4 resilience=3 steadiness=4.0
ROKU,crosshits,SCORE_BELOW_THRESHOLD,BENIGN,True,False,20105342157.823997,Communication Services,growth=4 profitability=2 resilience=3 steadiness=2.67
ROL,crosshits,SCORE_BELOW_THRESHOLD,BENIGN,True,False,12707380862.976,Consumer Cyclical,growth=3 profitability=4 resilience=3 steadiness=5
ROP,crosshits,SCORE_BELOW_THRESHOLD,BENIGN,True,False,31667182778.368,Technology,growth=3 profitability=3 resilience=3 steadiness=4.33
ROP.SW,crosshits,SCORE_BELOW_THRESHOLD,BENIGN,True,False,296122741306.1632,Healthcare,growth=1 profitability=5 resilience=3 steadiness=n/a(no_sec_registrant)
ROR.L,crosshits,SCORE_BELOW_THRESHOLD,BENIGN,True,False,4689712035.0720005,Industrials,growth=1 profitability=4 resilience=5 steadiness=n/a(no_sec_registrant)
ROST,crosshits,SCORE_BELOW_THRESHOLD,BENIGN,True,False,64713386254.336,Consumer Cyclical,growth=3 profitability=3 resilience=3 steadiness=3.33
RPM,crosshits,SCORE_BELOW_THRESHOLD,BENIGN,True,False,11226260050.944,Basic Materials,growth=3 profitability=3 resilience=2 steadiness=4.33
RR.L,crosshits,SCORE_BELOW_THRESHOLD,BENIGN,True,False,143780521844.736,Industrials,growth=4 profitability=5 resilience=2 steadiness=n/a(no_sec_registrant)
RRC,crosshits,SCORE_BELOW_THRESHOLD,BENIGN,True,False,8021566029.823999,Energy,growth=3 profitability=3 resilience=3 steadiness=n/a(no_concept)
RRX,crosshits,SCORE_BELOW_THRESHOLD,BENIGN,True,False,9560702295.552,Industrials,growth=2 profitability=2 resilience=3 steadiness=2.67
RS1.L,crosshits,SCORE_BELOW_THRESHOLD,BENIGN,True,False,4116170677.248,Industrials,growth=1 profitability=2 resilience=4 steadiness=n/a(no_sec_registrant)
RSG,crosshits,SCORE_BELOW_THRESHOLD,BENIGN,True,False,57734420488.19199,Industrials,growth=2 profitability=3 resilience=3 steadiness=4.33
RTX,crosshits,SCORE_BELOW_THRESHOLD,BENIGN,True,False,221927924260.86398,Industrials,growth=3 profitability=2 resilience=2 steadiness=3.0
RVTY,crosshits,SCORE_BELOW_THRESHOLD,BENIGN,True,False,15230277593.599998,Healthcare,growth=2 profitability=2 resilience=3 steadiness=3.67
RYA.IR,crosshits,SCORE_BELOW_THRESHOLD,BENIGN,True,False,24487442432.0,Industrials,growth=1 profitability=3 resilience=3 steadiness=n/a(no_sec_registrant)
SAAB-B.ST,crosshits,SCORE_BELOW_THRESHOLD,BENIGN,True,False,29656484688.691196,Industrials,growth=4 profitability=2 resilience=3 steadiness=n/a(no_sec_registrant)
SAF.PA,crosshits,SCORE_BELOW_THRESHOLD,BENIGN,True,False,136661139456.0,Industrials,growth=4 profitability=3 resilience=4 steadiness=n/a(no_sec_registrant)
SAGA-B.ST,crosshits,SCORE_BELOW_THRESHOLD,BENIGN,True,False,6889087352.832,Real Estate,growth=2 profitability=3 resilience=3 steadiness=n/a(no_sec_registrant)
SALM.OL,crosshits,SCORE_BELOW_THRESHOLD,BENIGN,True,False,7150905065.471999,Consumer Defensive,growth=4 profitability=2 resilience=3 steadiness=n/a(no_sec_registrant)
SAN.PA,crosshits,SCORE_BELOW_THRESHOLD,BENIGN,True,False,84164329472.0,Healthcare,growth=3 profitability=2 resilience=4 steadiness=n/a(no_sec_registrant)
SAND.ST,crosshits,SCORE_BELOW_THRESHOLD,BENIGN,True,False,40256194669.445114,Industrials,growth=3 profitability=3 resilience=3 steadiness=n/a(no_sec_registrant)
SAP.DE,crosshits,SCORE_BELOW_THRESHOLD,BENIGN,True,False,214820503552.0,Technology,growth=3 profitability=3 resilience=4 steadiness=n/a(no_sec_registrant)
SARO,crosshits,SCORE_BELOW_THRESHOLD,BENIGN,True,False,6280862327.296,Industrials,growth=2 profitability=2 resilience=2 steadiness=n/a(series_too_short)
SBMO.AS,crosshits,SCORE_BELOW_THRESHOLD,BENIGN,True,False,5844278272.0,Energy,growth=1 profitability=3 resilience=2 steadiness=n/a(no_sec_registrant)
SBUX,crosshits,SCORE_BELOW_THRESHOLD,BENIGN,True,False,96081946144.76799,Consumer Cyclical,growth=1 profitability=3 resilience=2 steadiness=3.67
SCA-B.ST,crosshits,SCORE_BELOW_THRESHOLD,BENIGN,True,False,7360194710.7328,Basic Materials,growth=1 profitability=1 resilience=5 steadiness=n/a(no_sec_registrant)
SCI,crosshits,SCORE_BELOW_THRESHOLD,BENIGN,True,False,9316922547.712,Consumer Cyclical,growth=2 profitability=4 resilience=0 steadiness=4.0
SCMN.SW,crosshits,SCORE_BELOW_THRESHOLD,BENIGN,True,False,35726857423.6672,Communication Services,growth=1 profitability=2 resilience=3 steadiness=n/a(no_sec_registrant)
SCT.L,crosshits,SCORE_BELOW_THRESHOLD,BENIGN,True,False,4706575545.6,Technology,growth=3 profitability=3 resilience=3 steadiness=n/a(no_sec_registrant)
SCYR.MC,crosshits,SCORE_BELOW_THRESHOLD,BENIGN,True,False,3150309120.0,Industrials,growth=3 profitability=3 resilience=0 steadiness=n/a(no_sec_registrant)
SDF.DE,crosshits,SCORE_BELOW_THRESHOLD,BENIGN,False,False,2682917888.0,Basic Materials,growth=3 profitability=5 resilience=3 steadiness=n/a(no_sec_registrant)
SDZ.SW,crosshits,SCORE_BELOW_THRESHOLD,BENIGN,True,False,32496707112.5504,Healthcare,growth=3 profitability=1 resilience=2 steadiness=n/a(no_sec_registrant)
SECT-B.ST,crosshits,SCORE_BELOW_THRESHOLD,BENIGN,True,False,5073181443.35872,Healthcare,growth=4 profitability=3 resilience=3 steadiness=n/a(no_sec_registrant)
SEIC,crosshits,SCORE_BELOW_THRESHOLD,BENIGN,True,False,10924403685.376,Financial Services,growth=3 profitability=3 resilience=4 steadiness=4.33
SFM,crosshits,SCORE_BELOW_THRESHOLD,BENIGN,True,False,5339456585.216,Consumer Defensive,growth=2 profitability=3 resilience=2 steadiness=4.33
SFSN.SW,crosshits,SCORE_BELOW_THRESHOLD,BENIGN,True,False,5862711194.2144,Industrials,growth=1 profitability=3 resilience=4 steadiness=n/a(no_sec_registrant)
SGE.L,crosshits,SCORE_BELOW_THRESHOLD,BENIGN,True,False,10638698388.48,Technology,growth=3 profitability=4 resilience=0 steadiness=n/a(no_sec_registrant)
SGI,crosshits,SCORE_BELOW_THRESHOLD,BENIGN,True,False,12801955975.68,Consumer Cyclical,growth=1 profitability=2 resilience=2 steadiness=3.33
SGSN.SW,crosshits,SCORE_BELOW_THRESHOLD,BENIGN,True,False,19911871336.448,Industrials,growth=3 profitability=4 resilience=0 steadiness=n/a(no_sec_registrant)
SHC,crosshits,SCORE_BELOW_THRESHOLD,BENIGN,True,False,4677357764.608,Healthcare,growth=3 profitability=4 resilience=0 steadiness=3.0
SHELL.AS,crosshits,SCORE_BELOW_THRESHOLD,BENIGN,True,False,243039010816.0,Energy,growth=3 profitability=3 resilience=2 steadiness=n/a(no_sec_registrant)
SHL.DE,crosshits,SCORE_BELOW_THRESHOLD,BENIGN,True,False,41768505344.0,Healthcare,growth=2 profitability=3 resilience=2 steadiness=n/a(no_sec_registrant)
SHW,crosshits,SCORE_BELOW_THRESHOLD,BENIGN,True,False,68645908520.96,Basic Materials,growth=3 profitability=4 resilience=0 steadiness=5
SIE.DE,crosshits,SCORE_BELOW_THRESHOLD,BENIGN,True,False,210731991040.0,Industrials,growth=3 profitability=3 resilience=3 steadiness=n/a(no_sec_registrant)
SIGN.SW,crosshits,SCORE_BELOW_THRESHOLD,BENIGN,True,False,5348378316.8,Consumer Cyclical,growth=1 profitability=0 resilience=3 steadiness=n/a(no_sec_registrant)
SIKA.SW,crosshits,SCORE_BELOW_THRESHOLD,BENIGN,True,False,30158270242.4064,Basic Materials,growth=1 profitability=3 resilience=3 steadiness=n/a(no_sec_registrant)
SIRI,crosshits,SCORE_BELOW_THRESHOLD,BENIGN,True,False,7823390914.559999,Communication Services,growth=1 profitability=2 resilience=3 steadiness=1.67
SJM,crosshits,SCORE_BELOW_THRESHOLD,BENIGN,True,False,11120341292.543999,Consumer Defensive,growth=2 profitability=2 resilience=3 steadiness=1.67
SKF-B.ST,crosshits,SCORE_BELOW_THRESHOLD,BENIGN,True,False,11108834408.20224,Industrials,growth=1 profitability=2 resilience=3 steadiness=n/a(no_sec_registrant)
SLAB,crosshits,SCORE_BELOW_THRESHOLD,BENIGN,True,False,6628405029.632,Technology,growth=3 profitability=0 resilience=3 steadiness=1.67
SLB,crosshits,SCORE_BELOW_THRESHOLD,BENIGN,True,False,66008289062.911995,Energy,growth=2 profitability=2 resilience=2 steadiness=2.33
SLGN,crosshits,SCORE_BELOW_THRESHOLD,BENIGN,True,False,3275873663.3599997,Consumer Cyclical,growth=3 profitability=2 resilience=2 steadiness=4.0
SMG,crosshits,SCORE_BELOW_THRESHOLD,BENIGN,False,False,2518611140.3519998,Basic Materials,growth=1 profitability=3 resilience=2 steadiness=2.0
SMIN.L,crosshits,SCORE_BELOW_THRESHOLD,BENIGN,True,False,9361153456.128,Industrials,growth=3 profitability=2 resilience=3 steadiness=n/a(no_sec_registrant)
SMTC,crosshits,SCORE_BELOW_THRESHOLD,BENIGN,True,False,16102495860.736,Technology,growth=5 profitability=3 resilience=2 steadiness=2.0
SN,crosshits,SCORE_BELOW_THRESHOLD,BENIGN,True,False,23131868092.416,Consumer Cyclical,growth=4 profitability=3 resilience=4 steadiness=n/a(series_too_short)
SN.L,crosshits,SCORE_BELOW_THRESHOLD,BENIGN,True,False,9942627654.144001,Healthcare,growth=2 profitability=2 resilience=3 steadiness=n/a(no_sec_registrant)
SNA,crosshits,SCORE_BELOW_THRESHOLD,BENIGN,True,False,16852629807.104,Industrials,growth=2 profitability=3 resilience=4 steadiness=4.33
SNPS,crosshits,SCORE_BELOW_THRESHOLD,BENIGN,True,False,84379028402.176,Technology,growth=5 profitability=2 resilience=4 steadiness=4.67
SO,crosshits,SCORE_BELOW_THRESHOLD,BENIGN,True,False,86371705094.144,Utilities,growth=1 profitability=4 resilience=3 steadiness=3.0
SOBI.ST,crosshits,SCORE_BELOW_THRESHOLD,BENIGN,True,False,13037865004.56448,Healthcare,growth=4 profitability=2 resilience=4 steadiness=n/a(no_sec_registrant)
SOLS,crosshits,SCORE_BELOW_THRESHOLD,BENIGN,True,False,8192987814.912,Basic Materials,growth=3 profitability=3 resilience=1 steadiness=n/a(series_too_short)
SOLV,crosshits,SCORE_BELOW_THRESHOLD,BENIGN,True,False,13279272778.24,Healthcare,growth=2 profitability=3 resilience=2 steadiness=n/a(series_too_short)
SON,crosshits,SCORE_BELOW_THRESHOLD,BENIGN,True,False,4241365938.1759996,Consumer Cyclical,growth=1 profitability=2 resilience=2 steadiness=3.0
SPGI,crosshits,SCORE_BELOW_THRESHOLD,BENIGN,True,False,102192674783.232,Financial Services,growth=3 profitability=3 resilience=3 steadiness=4.0
SPM.MI,crosshits,SCORE_BELOW_THRESHOLD,BENIGN,True,False,8659481600.0,Energy,growth=2 profitability=1 resilience=2 steadiness=n/a(no_sec_registrant)
SPSN.SW,crosshits,SCORE_BELOW_THRESHOLD,BENIGN,True,False,10283904003.8912,Real Estate,growth=1 profitability=3 resilience=3 steadiness=n/a(no_sec_registrant)
SPX.L,crosshits,SCORE_BELOW_THRESHOLD,BENIGN,True,False,6299187005.952001,Industrials,growth=2 profitability=3 resilience=3 steadiness=n/a(no_sec_registrant)
SPXC,crosshits,SCORE_BELOW_THRESHOLD,BENIGN,True,False,7776066385.92,Industrials,growth=4 profitability=3 resilience=4 steadiness=3.33
SR,crosshits,SCORE_BELOW_THRESHOLD,BENIGN,True,False,4099987560.448,Utilities,growth=3 profitability=1 resilience=2 steadiness=3.33
SRE,crosshits,SCORE_BELOW_THRESHOLD,BENIGN,True,False,45761745629.184,Utilities,growth=1 profitability=3 resilience=3 steadiness=3.33
SRG.MI,crosshits,SCORE_BELOW_THRESHOLD,BENIGN,True,False,18628096000.0,Utilities,growth=3 profitability=5 resilience=3 steadiness=n/a(no_sec_registrant)
SRT3.DE,crosshits,SCORE_BELOW_THRESHOLD,BENIGN,True,False,17311408128.0,Healthcare,growth=2 profitability=2 resilience=2 steadiness=n/a(no_sec_registrant)
SSD,crosshits,SCORE_BELOW_THRESHOLD,BENIGN,True,False,6337123651.328,Basic Materials,growth=2 profitability=4 resilience=4 steadiness=5
ST,crosshits,SCORE_BELOW_THRESHOLD,BENIGN,True,False,5667919761.151999,Technology,growth=2 profitability=2 resilience=2 steadiness=2.33
STE,crosshits,SCORE_BELOW_THRESHOLD,BENIGN,True,False,18240879883.264,Healthcare,growth=3 profitability=3 resilience=3 steadiness=4.33
STMMI.MI,crosshits,SCORE_BELOW_THRESHOLD,BENIGN,True,False,45396783104.0,Technology,growth=3 profitability=1 resilience=2 steadiness=n/a(no_sec_registrant)
STMN.SW,crosshits,SCORE_BELOW_THRESHOLD,BENIGN,True,False,15601076216.4224,Healthcare,growth=2 profitability=3 resilience=4 steadiness=n/a(no_sec_registrant)
STRL,crosshits,SCORE_BELOW_THRESHOLD,BENIGN,True,False,14388019660.288,Industrials,growth=5 profitability=4 resilience=3 steadiness=4.33
STX,crosshits,SCORE_BELOW_THRESHOLD,BENIGN,True,False,180991213756.416,Technology,growth=3 profitability=5 resilience=2 steadiness=2.33
STZ,crosshits,SCORE_BELOW_THRESHOLD,BENIGN,True,False,16939860671.487999,Consumer Defensive,growth=1 profitability=4 resilience=3 steadiness=3.0
SU.PA,crosshits,SCORE_BELOW_THRESHOLD,BENIGN,True,False,153950208000.0,Industrials,growth=3 profitability=3 resilience=3 steadiness=n/a(no_sec_registrant)
SUBC.OL,crosshits,SCORE_BELOW_THRESHOLD,BENIGN,True,False,9092094453.76,Energy,growth=3 profitability=2 resilience=3 steadiness=n/a(no_sec_registrant)
SUN.SW,crosshits,SCORE_BELOW_THRESHOLD,BENIGN,True,False,5759697111.3472,Industrials,growth=1 profitability=3 resilience=3 steadiness=n/a(no_sec_registrant)
SVT.L,crosshits,SCORE_BELOW_THRESHOLD,BENIGN,True,False,11064359568.384,Utilities,growth=4 profitability=4 resilience=0 steadiness=n/a(no_sec_registrant)
SW,crosshits,SCORE_BELOW_THRESHOLD,BENIGN,True,False,19693487301.632,Consumer Cyclical,growth=1 profitability=1 resilience=2 steadiness=n/a(series_too_short)
SWEC-B.ST,crosshits,SCORE_BELOW_THRESHOLD,BENIGN,True,False,4114389226.61888,Industrials,growth=3 profitability=3 resilience=3 steadiness=n/a(no_sec_registrant)
SWK,crosshits,SCORE_BELOW_THRESHOLD,BENIGN,True,False,12053542838.272,Industrials,growth=1 profitability=1 resilience=3 steadiness=2.33
SY1.DE,crosshits,SCORE_BELOW_THRESHOLD,BENIGN,True,False,12488883200.0,Basic Materials,growth=1 profitability=2 resilience=3 steadiness=n/a(no_sec_registrant)
SYENS.BR,crosshits,SCORE_BELOW_THRESHOLD,BENIGN,True,False,7999273984.0,Basic Materials,growth=2 profitability=0 resilience=2 steadiness=n/a(no_sec_registrant)
SYK,crosshits,SCORE_BELOW_THRESHOLD,BENIGN,True,False,97062359932.928,Healthcare,growth=3 profitability=3 resilience=3 steadiness=4.67
SYNA,crosshits,SCORE_BELOW_THRESHOLD,BENIGN,True,False,4247608321.0239997,Technology,growth=3 profitability=0 resilience=2 steadiness=1.33
T,crosshits,SCORE_BELOW_THRESHOLD,BENIGN,True,False,147988153745.408,Communication Services,growth=2 profitability=3 resilience=3 steadiness=2.0
TCAP.L,crosshits,SCORE_BELOW_THRESHOLD,BENIGN,False,False,2734430063.616,Financial Services,growth=2 profitability=1 resilience=3 steadiness=n/a(no_sec_registrant)
TDY,crosshits,SCORE_BELOW_THRESHOLD,BENIGN,True,False,25671935483.904,Technology,growth=3 profitability=2 resilience=3 steadiness=4.67
TECH,crosshits,SCORE_BELOW_THRESHOLD,BENIGN,True,False,10123867837.952,Healthcare,growth=2 profitability=3 resilience=3 steadiness=4.0
TEG.DE,crosshits,SCORE_BELOW_THRESHOLD,BENIGN,False,False,2075843200.0,Real Estate,growth=2 profitability=3 resilience=2 steadiness=n/a(no_sec_registrant)
TEL,crosshits,SCORE_BELOW_THRESHOLD,BENIGN,True,False,56840213295.104,Technology,growth=3 profitability=3 resilience=2 steadiness=2.33
TEL.OL,crosshits,SCORE_BELOW_THRESHOLD,BENIGN,True,False,16139147691.622398,Communication Services,growth=1 profitability=3 resilience=3 steadiness=n/a(no_sec_registrant)
TEL2-B.ST,crosshits,SCORE_BELOW_THRESHOLD,BENIGN,True,False,9869566684.3648,Communication Services,growth=2 profitability=4 resilience=2 steadiness=n/a(no_sec_registrant)
TELIA.ST,crosshits,SCORE_BELOW_THRESHOLD,BENIGN,True,False,15381220928.389118,Communication Services,growth=2 profitability=2 resilience=2 steadiness=n/a(no_sec_registrant)
TEMN.SW,crosshits,SCORE_BELOW_THRESHOLD,BENIGN,True,False,4923911814.5536,Technology,growth=1 profitability=4 resilience=3 steadiness=n/a(no_sec_registrant)
TEN.MI,crosshits,SCORE_BELOW_THRESHOLD,BENIGN,True,False,26139572224.0,Energy,growth=1 profitability=2 resilience=3 steadiness=n/a(no_sec_registrant)
TEP.PA,crosshits,SCORE_BELOW_THRESHOLD,BENIGN,True,False,4004244480.0,Industrials,growth=1 profitability=2 resilience=2 steadiness=n/a(no_sec_registrant)
TER,crosshits,SCORE_BELOW_THRESHOLD,BENIGN,True,False,62048197337.088,Technology,growth=4 profitability=4 resilience=4 steadiness=2.67
TEX,crosshits,SCORE_BELOW_THRESHOLD,BENIGN,True,False,5759300650.752,Industrials,growth=4 profitability=1 resilience=2 steadiness=2.67
TGS.OL,crosshits,SCORE_BELOW_THRESHOLD,BENIGN,False,False,2464764664.7296,Energy,growth=3 profitability=2 resilience=4 steadiness=n/a(no_sec_registrant)
TGT,crosshits,SCORE_BELOW_THRESHOLD,BENIGN,True,False,61238151852.032,Consumer Defensive,growth=2 profitability=3 resilience=2 steadiness=3.67
THC,crosshits,SCORE_BELOW_THRESHOLD,BENIGN,True,False,18840802270.208,Healthcare,growth=3 profitability=3 resilience=2 steadiness=2.33
TJX,crosshits,SCORE_BELOW_THRESHOLD,BENIGN,True,False,131885369409.536,Consumer Cyclical,growth=2 profitability=3 resilience=2 steadiness=3.67
TKO,crosshits,SCORE_BELOW_THRESHOLD,BENIGN,True,False,29591715548.16,Communication Services,growth=4 profitability=3 resilience=3 steadiness=n/a(series_too_short)
TKR,crosshits,SCORE_BELOW_THRESHOLD,BENIGN,True,False,7480368873.216,Industrials,growth=3 profitability=3 resilience=3 steadiness=4.33
TLN,crosshits,SCORE_BELOW_THRESHOLD,BENIGN,True,False,14020631968.255999,Utilities,growth=4 profitability=0 resilience=0 steadiness=n/a(series_too_short)
TMO,crosshits,SCORE_BELOW_THRESHOLD,BENIGN,True,False,217957746860.03198,Healthcare,growth=3 profitability=3 resilience=2 steadiness=4.33
TMUS,crosshits,SCORE_BELOW_THRESHOLD,BENIGN,True,False,157299605307.392,Communication Services,growth=3 profitability=3 resilience=3 steadiness=4.0
TNL,crosshits,SCORE_BELOW_THRESHOLD,BENIGN,True,False,3394893164.032,Consumer Cyclical,growth=2 profitability=4 resilience=3 steadiness=2.67
TOL,crosshits,SCORE_BELOW_THRESHOLD,BENIGN,True,False,11178021713.407999,Consumer Cyclical,growth=1 profitability=3 resilience=3 steadiness=4
TOM.OL,crosshits,SCORE_BELOW_THRESHOLD,BENIGN,False,False,2525869780.8896,Industrials,growth=4 profitability=2 resilience=3 steadiness=n/a(no_sec_registrant)
TPL,crosshits,SCORE_BELOW_THRESHOLD,BENIGN,True,False,21207607478.272,Energy,growth=4 profitability=5 resilience=5 steadiness=3.67
TPR,crosshits,SCORE_BELOW_THRESHOLD,BENIGN,True,False,20730624795.648,Consumer Cyclical,growth=3 profitability=4 resilience=0 steadiness=2.33
TPRO.MI,crosshits,SCORE_BELOW_THRESHOLD,BENIGN,True,False,22974658560.0,Technology,growth=4 profitability=3 resilience=3 steadiness=n/a(no_sec_registrant)
TREL-B.ST,crosshits,SCORE_BELOW_THRESHOLD,BENIGN,True,False,8763621821.6448,Industrials,growth=3 profitability=2 resilience=3 steadiness=n/a(no_sec_registrant)
TREX,crosshits,SCORE_BELOW_THRESHOLD,BENIGN,True,False,4071826544.64,Industrials,growth=3 profitability=3 resilience=3 steadiness=4.0
TRGP,crosshits,SCORE_BELOW_THRESHOLD,BENIGN,True,False,54226895128.576,Energy,growth=2 profitability=4 resilience=0 steadiness=2.0
TRMB,crosshits,SCORE_BELOW_THRESHOLD,BENIGN,True,False,12195269942.272,Technology,growth=3 profitability=0 resilience=3 steadiness=3.67
TRN.MI,crosshits,SCORE_BELOW_THRESHOLD,BENIGN,True,False,18297989120.0,Utilities,growth=3 profitability=5 resilience=3 steadiness=n/a(no_sec_registrant)
TROW,crosshits,SCORE_BELOW_THRESHOLD,BENIGN,True,False,19473519533.056,Financial Services,growth=3 profitability=3 resilience=3 steadiness=3.67
TSCO,crosshits,SCORE_BELOW_THRESHOLD,BENIGN,True,False,14299856729.088,Consumer Cyclical,growth=2 profitability=3 resilience=2 steadiness=5
TSLA,crosshits,SCORE_BELOW_THRESHOLD,BENIGN,True,False,1322354832834.56,Consumer Cyclical,growth=4 profitability=1 resilience=3 steadiness=2.67
TT,crosshits,SCORE_BELOW_THRESHOLD,BENIGN,True,False,91598443671.552,Industrials,growth=3 profitability=4 resilience=3 steadiness=4.33
TTC,crosshits,SCORE_BELOW_THRESHOLD,BENIGN,True,False,8320669101.056,Industrials,growth=3 profitability=3 resilience=3 steadiness=4.33
TTE.PA,crosshits,SCORE_BELOW_THRESHOLD,BENIGN,True,False,166024167424.0,Energy,growth=3 profitability=2 resilience=3 steadiness=n/a(no_sec_registrant)
TTEK,crosshits,SCORE_BELOW_THRESHOLD,BENIGN,True,False,7576069130.24,Industrials,growth=1 profitability=3 resilience=2 steadiness=4.33
TTWO,crosshits,SCORE_BELOW_THRESHOLD,BENIGN,True,False,33772850434.048,Communication Services,growth=2 profitability=0 resilience=3 steadiness=2.0
TW.L,crosshits,SCORE_BELOW_THRESHOLD,BENIGN,True,False,3234237931.008,Consumer Cyclical,growth=2 profitability=2 resilience=3 steadiness=n/a(no_sec_registrant)
TWLO,crosshits,SCORE_BELOW_THRESHOLD,BENIGN,True,False,39975657414.656,Technology,growth=4 profitability=2 resilience=3 steadiness=3.0
TXN,crosshits,SCORE_BELOW_THRESHOLD,BENIGN,True,False,237213732405.248,Technology,growth=3 profitability=4 resilience=3 steadiness=3.33
TXNM,crosshits,SCORE_BELOW_THRESHOLD,BENIGN,True,False,5745815807.488,Utilities,growth=3 profitability=2 resilience=3 steadiness=4.0
TXT,crosshits,SCORE_BELOW_THRESHOLD,BENIGN,True,False,11808197473.792,Industrials,growth=2 profitability=2 resilience=2 steadiness=3.33
TYL,crosshits,SCORE_BELOW_THRESHOLD,BENIGN,True,False,11947919858.175999,Technology,growth=3 profitability=2 resilience=3 steadiness=4.67
UAL,crosshits,SCORE_BELOW_THRESHOLD,BENIGN,True,False,32465466511.359997,Industrials,growth=4 profitability=2 resilience=2 steadiness=2.0
UBER,crosshits,SCORE_BELOW_THRESHOLD,BENIGN,True,False,126610115887.10399,Technology,growth=3 profitability=3 resilience=2 steadiness=2.33
UHR.SW,crosshits,SCORE_BELOW_THRESHOLD,BENIGN,True,False,10158675396.8128,Consumer Cyclical,growth=2 profitability=1 resilience=5 steadiness=n/a(no_sec_registrant)
UHS,crosshits,SCORE_BELOW_THRESHOLD,BENIGN,True,False,9315680096.256,Healthcare,growth=3 profitability=3 resilience=2 steadiness=4.67
ULS,crosshits,SCORE_BELOW_THRESHOLD,BENIGN,True,False,12147281738.24,Industrials,growth=2 profitability=4 resilience=4 steadiness=n/a(series_too_short)
ULTA,crosshits,SCORE_BELOW_THRESHOLD,BENIGN,True,False,20869761100.8,Consumer Cyclical,growth=3 profitability=3 resilience=3 steadiness=4.0
ULVR.L,crosshits,SCORE_BELOW_THRESHOLD,BENIGN,True,False,114509920075.776,Consumer Defensive,growth=1 profitability=4 resilience=3 steadiness=n/a(no_sec_registrant)
UMG.AS,crosshits,SCORE_BELOW_THRESHOLD,BENIGN,True,False,25318805504.0,Communication Services,growth=2 profitability=2 resilience=2 steadiness=n/a(no_sec_registrant)
UNP,crosshits,SCORE_BELOW_THRESHOLD,BENIGN,True,False,146299106263.04,Industrials,growth=3 profitability=5 resilience=3 steadiness=3.67
UPS,crosshits,SCORE_BELOW_THRESHOLD,BENIGN,True,False,70185189937.152,Industrials,growth=3 profitability=3 resilience=1 steadiness=4.0
URI,crosshits,SCORE_BELOW_THRESHOLD,BENIGN,True,False,59941627740.159996,Industrials,growth=3 profitability=4 resilience=2 steadiness=4.67
UTHR,crosshits,SCORE_BELOW_THRESHOLD,BENIGN,True,False,20623918208.0,Healthcare,growth=1 profitability=4 resilience=5 steadiness=2.0
UU.L,crosshits,SCORE_BELOW_THRESHOLD,BENIGN,True,False,12393089021.952,Utilities,growth=4 profitability=5 resilience=0 steadiness=n/a(no_sec_registrant)
V,crosshits,SCORE_BELOW_THRESHOLD,BENIGN,True,False,609664900694.016,Financial Services,growth=3 profitability=5 resilience=3 steadiness=4.33
VACN.SW,crosshits,SCORE_BELOW_THRESHOLD,BENIGN,True,False,22647622586.368,Industrials,growth=1 profitability=4 resilience=4 steadiness=n/a(no_sec_registrant)
VALMT.HE,crosshits,SCORE_BELOW_THRESHOLD,BENIGN,True,False,5051646976.0,Industrials,growth=2 profitability=2 resilience=3 steadiness=n/a(no_sec_registrant)
VAR.OL,crosshits,SCORE_BELOW_THRESHOLD,BENIGN,True,False,11915761013.9648,Energy,growth=4 profitability=5 resilience=0 steadiness=n/a(no_sec_registrant)
VC,crosshits,SCORE_BELOW_THRESHOLD,BENIGN,False,False,2129182030.8479998,Consumer Cyclical,growth=1 profitability=2 resilience=3 steadiness=2.67
VEEV,crosshits,SCORE_BELOW_THRESHOLD,BENIGN,True,False,39831105810.432,Healthcare,growth=4 profitability=3 resilience=4 steadiness=4.67
VEND.OL,crosshits,SCORE_BELOW_THRESHOLD,BENIGN,True,False,3747117794.9184,Communication Services,growth=1 profitability=0 resilience=4 steadiness=n/a(no_sec_registrant)
VIAV,crosshits,SCORE_BELOW_THRESHOLD,BENIGN,True,False,10257549589.504,Technology,growth=4 profitability=0 resilience=3 steadiness=2.67
VICR,crosshits,SCORE_BELOW_THRESHOLD,BENIGN,True,False,12249448494.08,Technology,growth=4 profitability=3 resilience=4 steadiness=3.0
VLTO,crosshits,SCORE_BELOW_THRESHOLD,BENIGN,True,False,20684415825.92,Industrials,growth=3 profitability=4 resilience=3 steadiness=n/a(series_too_short)
VMC,crosshits,SCORE_BELOW_THRESHOLD,BENIGN,True,False,27904877274.112,Basic Materials,growth=2 profitability=3 resilience=2 steadiness=4.0
VMI,crosshits,SCORE_BELOW_THRESHOLD,BENIGN,True,False,8289144063.488,Industrials,growth=3 profitability=3 resilience=3 steadiness=4.0
VNA.DE,crosshits,SCORE_BELOW_THRESHOLD,BENIGN,True,False,14402195456.0,Real Estate,growth=2 profitability=3 resilience=3 steadiness=n/a(no_sec_registrant)
VNOM,crosshits,SCORE_BELOW_THRESHOLD,BENIGN,True,False,13137117526.015999,Energy,growth=4 profitability=3 resilience=5 steadiness=n/a(series_too_short)
VOD.L,crosshits,SCORE_BELOW_THRESHOLD,BENIGN,True,False,34845402120.192,Communication Services,growth=3 profitability=1 resilience=2 steadiness=n/a(no_sec_registrant)
VOLV-B.ST,crosshits,SCORE_BELOW_THRESHOLD,BENIGN,True,False,56418208508.805115,Industrials,growth=2 profitability=3 resilience=2 steadiness=n/a(no_sec_registrant)
VOW3.DE,crosshits,SCORE_BELOW_THRESHOLD,BENIGN,True,False,34388852736.0,Consumer Cyclical,growth=2 profitability=1 resilience=2 steadiness=n/a(no_sec_registrant)
VPK.AS,crosshits,SCORE_BELOW_THRESHOLD,BENIGN,True,False,5747603456.0,Energy,growth=3 profitability=3 resilience=3 steadiness=n/a(no_sec_registrant)
VRSK,crosshits,SCORE_BELOW_THRESHOLD,BENIGN,True,False,19082007651.328,Industrials,growth=2 profitability=5 resilience=5 steadiness=4.0
VRSN,crosshits,SCORE_BELOW_THRESHOLD,BENIGN,True,False,23498897929.216,Technology,growth=2 profitability=5 resilience=5 steadiness=5
VRT,crosshits,SCORE_BELOW_THRESHOLD,BENIGN,True,False,88196460044.288,Industrials,growth=4 profitability=4 resilience=3 steadiness=n/a(series_too_short)
VRTX,crosshits,SCORE_BELOW_THRESHOLD,BENIGN,True,False,112797824131.07199,Healthcare,growth=3 profitability=4 resilience=3 steadiness=2.67
VST,crosshits,SCORE_BELOW_THRESHOLD,BENIGN,True,False,43479480068.096,Utilities,growth=1 profitability=3 resilience=0 steadiness=2.67
VSURE.ST,crosshits,SCORE_BELOW_THRESHOLD,BENIGN,True,False,8486762496.0,Industrials,growth=3 profitability=0 resilience=3 steadiness=n/a(no_sec_registrant)
VTRS,crosshits,SCORE_BELOW_THRESHOLD,BENIGN,True,False,18062808563.711998,Healthcare,growth=2 profitability=0 resilience=2 steadiness=1.33
VVV,crosshits,SCORE_BELOW_THRESHOLD,BENIGN,True,False,3403561568.0,Consumer Cyclical,growth=4 profitability=4 resilience=0 steadiness=4.33
VZ,crosshits,SCORE_BELOW_THRESHOLD,BENIGN,True,False,169698325078.016,Communication Services,growth=1 profitability=3 resilience=2 steadiness=4.0
VZN.SW,crosshits,SCORE_BELOW_THRESHOLD,BENIGN,True,False,6716557633.4336,Financial Services,growth=3 profitability=3 resilience=2 steadiness=n/a(no_sec_registrant)
WAB,crosshits,SCORE_BELOW_THRESHOLD,BENIGN,True,False,43993119176.703995,Industrials,growth=4 profitability=3 resilience=3 steadiness=4.0
WAT,crosshits,SCORE_BELOW_THRESHOLD,BENIGN,True,False,37618048720.895996,Healthcare,growth=4 profitability=1 resilience=3 steadiness=3.33
WBD,crosshits,SCORE_BELOW_THRESHOLD,BENIGN,True,False,69199079677.952,Communication Services,growth=1 profitability=0 resilience=3 steadiness=1.33
WCC,crosshits,SCORE_BELOW_THRESHOLD,BENIGN,True,False,16459268398.08,Industrials,growth=3 profitability=2 resilience=2 steadiness=4.33
WDAY,crosshits,SCORE_BELOW_THRESHOLD,BENIGN,True,False,40095586387.967995,Technology,growth=3 profitability=2 resilience=3 steadiness=3.67
WDC,crosshits,SCORE_BELOW_THRESHOLD,BENIGN,True,False,142618251165.69598,Technology,growth=4 profitability=5 resilience=3 steadiness=2.0
WEC,crosshits,SCORE_BELOW_THRESHOLD,BENIGN,True,False,29581078483.968,Utilities,growth=2 profitability=3 resilience=2 steadiness=3.67
WEIR.L,crosshits,SCORE_BELOW_THRESHOLD,BENIGN,True,False,7860201417.216001,Industrials,growth=2 profitability=3 resilience=3 steadiness=n/a(no_sec_registrant)
WEX,crosshits,SCORE_BELOW_THRESHOLD,BENIGN,True,False,5256389895.936,Technology,growth=3 profitability=3 resilience=0 steadiness=2.33
WFRD,crosshits,SCORE_BELOW_THRESHOLD,BENIGN,True,False,5242412545.28,Energy,growth=1 profitability=3 resilience=2 steadiness=1.67
WH,crosshits,SCORE_BELOW_THRESHOLD,BENIGN,True,False,4728729617.664,Consumer Cyclical,growth=1 profitability=4 resilience=0 steadiness=2.0
WING,crosshits,SCORE_BELOW_THRESHOLD,BENIGN,False,False,2552778098.944,Consumer Cyclical,growth=2 profitability=5 resilience=3 steadiness=5
WKL.AS,crosshits,SCORE_BELOW_THRESHOLD,BENIGN,True,False,15223596032.0,Industrials,growth=1 profitability=5 resilience=0 steadiness=n/a(no_sec_registrant)
WM,crosshits,SCORE_BELOW_THRESHOLD,BENIGN,True,False,73161413476.35199,Industrials,growth=2 profitability=4 resilience=2 steadiness=4.67
WMB,crosshits,SCORE_BELOW_THRESHOLD,BENIGN,True,False,77264106860.54399,Energy,growth=3 profitability=4 resilience=2 steadiness=2.33
WMG,crosshits,SCORE_BELOW_THRESHOLD,BENIGN,True,False,12745409371.647999,Communication Services,growth=3 profitability=3 resilience=0 steadiness=3.0
WMS,crosshits,SCORE_BELOW_THRESHOLD,BENIGN,True,False,8721288033.279999,Industrials,growth=4 profitability=4 resilience=3 steadiness=3.0
WMT,crosshits,SCORE_BELOW_THRESHOLD,BENIGN,True,False,738487233806.3359,Consumer Defensive,growth=2 profitability=2 resilience=3 steadiness=4.67
WRT1V.HE,crosshits,SCORE_BELOW_THRESHOLD,BENIGN,True,False,17450569728.0,Industrials,growth=1 profitability=3 resilience=4 steadiness=n/a(no_sec_registrant)
WSM,crosshits,SCORE_BELOW_THRESHOLD,BENIGN,True,False,24533053904.896,Consumer Cyclical,growth=3 profitability=4 resilience=3 steadiness=4.0
WSO,crosshits,SCORE_BELOW_THRESHOLD,BENIGN,True,False,10611077694.463999,Industrials,growth=2 profitability=2 resilience=3 steadiness=4.33
WST,crosshits,SCORE_BELOW_THRESHOLD,BENIGN,True,False,23173015966.719997,Healthcare,growth=3 profitability=3 resilience=3 steadiness=4.33
WTB.L,crosshits,SCORE_BELOW_THRESHOLD,BENIGN,True,False,4768849080.576,Consumer Cyclical,growth=2 profitability=3 resilience=3 steadiness=n/a(no_sec_registrant)
WTRG,crosshits,SCORE_BELOW_THRESHOLD,BENIGN,True,False,9805838606.848,Utilities,growth=2 profitability=3 resilience=4 steadiness=3.67
WTS,crosshits,SCORE_BELOW_THRESHOLD,BENIGN,True,False,10912609981.952,Industrials,growth=4 profitability=3 resilience=4 steadiness=4.67
WTW,crosshits,SCORE_BELOW_THRESHOLD,BENIGN,True,False,23568933484.544,Financial Services,growth=3 profitability=2 resilience=2 steadiness=2.67
WWD,crosshits,SCORE_BELOW_THRESHOLD,BENIGN,True,False,17677345530.88,Industrials,growth=4 profitability=3 resilience=3 steadiness=4.33
WYNN,crosshits,SCORE_BELOW_THRESHOLD,BENIGN,True,False,7116430558.719999,Consumer Cyclical,growth=3 profitability=3 resilience=4 steadiness=1.33
XOM,crosshits,SCORE_BELOW_THRESHOLD,BENIGN,True,False,599023425388.544,Energy,growth=3 profitability=2 resilience=3 steadiness=n/a(no_concept)
XYL,crosshits,SCORE_BELOW_THRESHOLD,BENIGN,True,False,21269123888.128,Industrials,growth=2 profitability=2 resilience=4 steadiness=4.67
XYZ,crosshits,SCORE_BELOW_THRESHOLD,BENIGN,True,False,40502734352.383995,Technology,growth=3 profitability=1 resilience=3 steadiness=3.67
YAR.OL,crosshits,SCORE_BELOW_THRESHOLD,BENIGN,True,False,9803368296.448,Basic Materials,growth=3 profitability=3 resilience=2 steadiness=n/a(no_sec_registrant)
YETI,crosshits,SCORE_BELOW_THRESHOLD,BENIGN,False,False,2616445063.552,Consumer Cyclical,growth=3 profitability=3 resilience=4 steadiness=4.0
YUM,crosshits,SCORE_BELOW_THRESHOLD,BENIGN,True,False,33199533488.128,Consumer Cyclical,growth=3 profitability=5 resilience=3 steadiness=3.33
ZAB.WA,crosshits,SCORE_BELOW_THRESHOLD,BENIGN,True,False,7207541946.4704,Consumer Defensive,growth=3 profitability=3 resilience=0 steadiness=n/a(no_sec_registrant)
ZAL.DE,crosshits,SCORE_BELOW_THRESHOLD,BENIGN,True,False,5436396032.0,Consumer Cyclical,growth=4 profitability=1 resilience=3 steadiness=n/a(no_sec_registrant)
ZBH,crosshits,SCORE_BELOW_THRESHOLD,BENIGN,True,False,15379507789.824,Healthcare,growth=2 profitability=2 resilience=3 steadiness=3.33
ZBRA,crosshits,SCORE_BELOW_THRESHOLD,BENIGN,True,False,15919343362.047998,Technology,growth=4 profitability=3 resilience=2 steadiness=3.33
ZEAL.CO,crosshits,SCORE_BELOW_THRESHOLD,BENIGN,False,False,2354589051.1872,Healthcare,growth=1 profitability=4 resilience=5 steadiness=n/a(no_sec_registrant)
ZEG.L,crosshits,SCORE_BELOW_THRESHOLD,BENIGN,True,False,4750069591.2960005,Communication Services,growth=3 profitability=2 resilience=5 steadiness=n/a(no_sec_registrant)
ZTS,crosshits,SCORE_BELOW_THRESHOLD,BENIGN,True,False,25945627182.079998,Healthcare,growth=1 profitability=5 resilience=3 steadiness=5
