ticker,stage,reason_code,severity_bucket,is_large_cap,sector_wide,market_cap_eur,gics_sector,detail
AMS.VI,resolution,RESOLUTION_DEGRADED_DICT,REVIEW,False,False,,,
BK,resolution,RESOLUTION_DEGRADED_DICT,REVIEW,False,False,,,
PSTG,resolution,RESOLUTION_DEGRADED_DICT,REVIEW,False,False,,,
RIGN.SW,resolution,RESOLUTION_DEGRADED_DICT,REVIEW,False,False,,,
ROL.L,resolution,RESOLUTION_DEGRADED_DICT,REVIEW,False,False,,,
SANO.HE,resolution,RESOLUTION_DEGRADED_DICT,REVIEW,False,False,,,
SCHA.OL,resolution,RESOLUTION_DEGRADED_DICT,REVIEW,False,False,,,
GLB.IR,resolution,RESOLUTION_NO_SYMBOL_DATA,REVIEW,False,False,,,NO_RAW_MC
ML.PA,resolution,RESOLUTION_NO_SYMBOL_DATA,REVIEW,False,False,,,NO_RAW_MC
RNL.PA,resolution,RESOLUTION_NO_SYMBOL_DATA,REVIEW,False,False,,,NO_RAW_MC
1COV.DE,basis_gates,GATE_VOLUME,REVIEW,True,False,11320645632.0,,
AA,basis_gates,GATE_GROSS_MARGIN,BENIGN,True,False,10361889477.12,Basic Materials,
ABF.L,basis_gates,GATE_GROSS_MARGIN,BENIGN,True,False,17070684123.136,Consumer Defensive,
ABN.AS,basis_gates,FRAMEWORK_METRIK_NA,BENIGN,True,False,31782494208.0,Financial Services,
AC.PA,basis_gates,GATE_GROSS_MARGIN,BENIGN,True,False,10443255808.0,Consumer Cyclical,
ACA.PA,basis_gates,FRAMEWORK_METRIK_NA,BENIGN,True,False,58316222464.0,Financial Services,
ACGL,basis_gates,FRAMEWORK_METRIK_NA,BENIGN,True,False,29738532039.68,Financial Services,
ACM,basis_gates,GATE_GROSS_MARGIN,BENIGN,True,False,8071024125.440001,Industrials,
ADC,basis_gates,FRAMEWORK_METRIK_NA,BENIGN,True,False,8129384084.4800005,Real Estate,
ADEN.SW,basis_gates,GATE_GROSS_MARGIN,BENIGN,True,False,4186375183.9999995,Industrials,
ADM,basis_gates,GATE_GROSS_MARGIN,BENIGN,True,False,33142568949.760002,Consumer Defensive,
ADM.L,basis_gates,FRAMEWORK_METRIK_NA,BENIGN,True,False,13179988770.816,Financial Services,
AFG,basis_gates,FRAMEWORK_METRIK_NA,BENIGN,True,False,10214777466.880001,Financial Services,
AFL,basis_gates,FRAMEWORK_METRIK_NA,BENIGN,True,False,56288080558.08,Financial Services,
AGCO,basis_gates,GATE_REVENUE_GROWTH,BENIGN,True,False,6206478199.04,Industrials,
AGS.BR,basis_gates,FRAMEWORK_METRIK_NA,BENIGN,True,False,15043468288.0,Financial Services,
AHR,basis_gates,FRAMEWORK_METRIK_NA,BENIGN,True,False,9295575022.08,Real Estate,
AIG,basis_gates,FRAMEWORK_METRIK_NA,BENIGN,True,False,36143178885.12,Financial Services,
AIXA.DE,basis_gates,GATE_GROSS_MARGIN,BENIGN,True,False,4090743040.0,Technology,
AIZ,basis_gates,FRAMEWORK_METRIK_NA,BENIGN,True,False,12000305108.480001,Financial Services,
AKZA.AS,basis_gates,GATE_REVENUE_GROWTH,REVIEW,True,False,10407408640.0,Basic Materials,
ALL,basis_gates,FRAMEWORK_METRIK_NA,BENIGN,True,False,58972402380.8,Financial Services,
ALLFG.AS,basis_gates,GATE_REVENUE_GROWTH,BENIGN,True,False,5296156160.0,Financial Services,
ALLY,basis_gates,FRAMEWORK_METRIK_NA,BENIGN,True,False,11434494126.08,Financial Services,
ALO.PA,basis_gates,GATE_GROSS_MARGIN,BENIGN,True,False,7438865920.0,Industrials,
ALV.DE,basis_gates,FRAMEWORK_METRIK_NA,BENIGN,True,False,164041310208.0,Financial Services,
AMG,basis_gates,FRAMEWORK_METRIK_NA,BENIGN,True,False,8402695275.52,Financial Services,
AMH,basis_gates,FRAMEWORK_METRIK_NA,BENIGN,True,False,11885265891.84,Real Estate,
AMKR,basis_gates,GATE_GROSS_MARGIN,BENIGN,True,False,10723516554.24,Technology,
AML.L,basis_gates,GATE_VOLUME,BENIGN,False,False,415017257.76,Consumer Cyclical,
AMP,basis_gates,FRAMEWORK_METRIK_NA,BENIGN,True,False,41858835855.36,Financial Services,
AMT,basis_gates,FRAMEWORK_METRIK_NA,BENIGN,True,False,70075641978.88,Real Estate,
AN,basis_gates,GATE_GROSS_MARGIN,BENIGN,True,False,6165514654.72,Consumer Cyclical,
ANE.MC,basis_gates,GATE_REVENUE_GROWTH,BENIGN,True,False,7037815296.0,Utilities,
APA,basis_gates,GATE_REVENUE_GROWTH,REVIEW,True,False,11443634050.560001,Energy,
ARE,basis_gates,FRAMEWORK_METRIK_NA,BENIGN,True,False,7778147686.400001,Real Estate,
ARMK,basis_gates,GATE_GROSS_MARGIN,BENIGN,True,False,12995553075.2,Industrials,
ARW,basis_gates,GATE_GROSS_MARGIN,BENIGN,True,False,9606763289.6,Technology,
ASB,basis_gates,FRAMEWORK_METRIK_NA,BENIGN,True,False,5055453104.64,Financial Services,
AT1.DE,basis_gates,GATE_REVENUE_GROWTH,BENIGN,False,False,2245031168.0,Real Estate,
ATO.PA,basis_gates,GATE_MARKET_CAP,BENIGN,False,False,620423296.0,Technology,
AV.L,basis_gates,FRAMEWORK_METRIK_NA,BENIGN,True,False,24244963936.256,Financial Services,
AVB,basis_gates,FRAMEWORK_METRIK_NA,BENIGN,True,False,22992853816.32,Real Estate,
AVT,basis_gates,GATE_GROSS_MARGIN,BENIGN,True,False,6321488989.440001,Technology,
AXP,basis_gates,FRAMEWORK_METRIK_NA,BENIGN,True,False,196985770147.84,Financial Services,
BA,basis_gates,GATE_GROSS_MARGIN,BENIGN,True,False,148087236362.24002,Industrials,
BAC,basis_gates,FRAMEWORK_METRIK_NA,BENIGN,True,False,377156992942.08,Financial Services,
BAER.SW,basis_gates,FRAMEWORK_METRIK_NA,BENIGN,True,False,15656519251.456,Financial Services,
BAH,basis_gates,GATE_GROSS_MARGIN,BENIGN,True,False,7275088072.96,Industrials,
BARC.L,basis_gates,FRAMEWORK_METRIK_NA,BENIGN,True,False,80201473544.192,Financial Services,
BARN.SW,basis_gates,GATE_GROSS_MARGIN,BENIGN,True,False,6633160690.943999,Consumer Defensive,
BAS.DE,basis_gates,GATE_GROSS_MARGIN,BENIGN,True,False,44569993216.0,Basic Materials,
BAYN.DE,basis_gates,GATE_REVENUE_GROWTH,REVIEW,True,False,47205474304.0,Healthcare,
BBVA.MC,basis_gates,FRAMEWORK_METRIK_NA,BENIGN,True,False,133711912960.0,Financial Services,
BBWI,basis_gates,GATE_REVENUE_GROWTH,BENIGN,True,False,3518080097.92,Consumer Cyclical,
BBY.L,basis_gates,GATE_GROSS_MARGIN,BENIGN,True,False,4826809903.104,Industrials,
BC,basis_gates,GATE_GROSS_MARGIN,BENIGN,True,False,4452860788.4800005,Consumer Cyclical,
BCO,basis_gates,GATE_GROSS_MARGIN,BENIGN,True,False,4231571837.44,Industrials,
BEZ.L,basis_gates,FRAMEWORK_METRIK_NA,BENIGN,True,False,8916531975.68,Financial Services,
BG,basis_gates,GATE_GROSS_MARGIN,BENIGN,True,False,17704647546.88,Consumer Defensive,
BHF,basis_gates,FRAMEWORK_METRIK_NA,BENIGN,True,False,3085236406.4,Financial Services,
BKH,basis_gates,GATE_REVENUE_GROWTH,BENIGN,True,False,4702789620.4800005,Utilities,
BKT.MC,basis_gates,FRAMEWORK_METRIK_NA,BENIGN,True,False,14316231680.0,Financial Services,
BLDR,basis_gates,GATE_REVENUE_GROWTH,BENIGN,True,False,6201504939.52,Industrials,
BLKB,basis_gates,GATE_MARKET_CAP,BENIGN,False,False,1685288835.52,Technology,
BMW.DE,basis_gates,GATE_REVENUE_GROWTH,REVIEW,True,False,35382906880.0,Consumer Cyclical,
BNP.PA,basis_gates,FRAMEWORK_METRIK_NA,BENIGN,True,False,120187363328.0,Financial Services,
BNR.DE,basis_gates,GATE_REVENUE_GROWTH,BENIGN,True,False,8827721728.0,Basic Materials,
BNZL.L,basis_gates,GATE_GROSS_MARGIN,BENIGN,True,False,10517527939.072,Consumer Defensive,
BOL.PA,basis_gates,GATE_GROSS_MARGIN,BENIGN,True,False,10879172608.0,Communication Services,
BOL.ST,basis_gates,GATE_GROSS_MARGIN,BENIGN,True,False,12272048384.24576,Basic Materials,
BPOST.BR,basis_gates,GATE_VOLUME,BENIGN,False,False,300401408.0,Industrials,
BRBR,basis_gates,GATE_MARKET_CAP,BENIGN,False,False,1249792176.3200002,Consumer Defensive,
BRK-B,basis_gates,FRAMEWORK_METRIK_NA,BENIGN,True,False,957127533199.3601,Financial Services,
BRX,basis_gates,FRAMEWORK_METRIK_NA,BENIGN,True,False,8388332029.440001,Real Estate,
BT-A.L,basis_gates,GATE_REVENUE_GROWTH,REVIEW,True,False,23187511001.088,Communication Services,
BVI.PA,basis_gates,GATE_GROSS_MARGIN,BENIGN,True,False,12283579392.0,Industrials,
BX,basis_gates,FRAMEWORK_METRIK_NA,BENIGN,True,False,137931279892.48,Financial Services,
BXP,basis_gates,FRAMEWORK_METRIK_NA,BENIGN,True,False,10846524001.28,Real Estate,
BYG.L,basis_gates,FRAMEWORK_METRIK_NA,BENIGN,False,False,2033570553.7280002,Real Estate,
C,basis_gates,FRAMEWORK_METRIK_NA,BENIGN,True,False,192733886873.6,Financial Services,
CABK.MC,basis_gates,FRAMEWORK_METRIK_NA,BENIGN,True,False,87358226432.0,Financial Services,
CAH,basis_gates,GATE_GROSS_MARGIN,BENIGN,True,False,46736018237.44,Healthcare,
CAR,basis_gates,GATE_REVENUE_GROWTH,BENIGN,True,False,4211861349.1200004,Industrials,
CB,basis_gates,FRAMEWORK_METRIK_NA,BENIGN,True,False,117366067834.88,Financial Services,
CBK.DE,basis_gates,FRAMEWORK_METRIK_NA,BENIGN,True,False,41306038272.0,Financial Services,
CBRE,basis_gates,GATE_GROSS_MARGIN,BENIGN,True,False,36879635251.200005,Real Estate,
CBSH,basis_gates,FRAMEWORK_METRIK_NA,BENIGN,True,False,7398564997.120001,Financial Services,
CBT,basis_gates,GATE_REVENUE_GROWTH,BENIGN,True,False,3941674379.5200005,Basic Materials,
CCI,basis_gates,FRAMEWORK_METRIK_NA,BENIGN,True,False,28925140055.04,Real Estate,
CDP,basis_gates,FRAMEWORK_METRIK_NA,BENIGN,True,False,3803149314.5600004,Real Estate,
CEG,basis_gates,GATE_GROSS_MARGIN,BENIGN,True,False,81396271247.36,Utilities,
CFG,basis_gates,FRAMEWORK_METRIK_NA,BENIGN,True,False,26272111969.280003,Financial Services,
CFR,basis_gates,FRAMEWORK_METRIK_NA,BENIGN,True,False,8968066539.52,Financial Services,
CG,basis_gates,FRAMEWORK_METRIK_NA,BENIGN,True,False,14371025098.240002,Financial Services,
CHRW,basis_gates,GATE_GROSS_MARGIN,BENIGN,True,False,15106110786.560001,Industrials,
CHWY,basis_gates,GATE_GROSS_MARGIN,BENIGN,True,False,8026966118.400001,Consumer Cyclical,
CI,basis_gates,GATE_GROSS_MARGIN,BENIGN,True,False,63966246051.840004,Healthcare,
CINF,basis_gates,FRAMEWORK_METRIK_NA,BENIGN,True,False,23656706012.16,Financial Services,
CLF,basis_gates,GATE_GROSS_MARGIN,BENIGN,True,False,5701748988.16,Basic Materials,
CLN.SW,basis_gates,GATE_REVENUE_GROWTH,BENIGN,True,False,3230389253.7599998,Basic Materials,
CNC,basis_gates,GATE_GROSS_MARGIN,BENIGN,True,False,26663800683.52,Healthcare,
CNH,basis_gates,GATE_REVENUE_GROWTH,REVIEW,True,False,11025485836.800001,Industrials,
CNO,basis_gates,FRAMEWORK_METRIK_NA,BENIGN,True,False,4461178572.8,Financial Services,
CNX,basis_gates,GATE_REVENUE_GROWTH,BENIGN,True,False,4594611343.360001,Energy,
CNXC,basis_gates,GATE_MARKET_CAP,BENIGN,False,False,1302162193.6000001,Technology,
COF,basis_gates,FRAMEWORK_METRIK_NA,BENIGN,True,False,111237477089.28,Financial Services,
COLB,basis_gates,FRAMEWORK_METRIK_NA,BENIGN,True,False,7671899284.4800005,Financial Services,
CON.DE,basis_gates,GATE_REVENUE_GROWTH,REVIEW,True,False,14372429824.0,Consumer Cyclical,
COP,basis_gates,GATE_REVENUE_GROWTH,REVIEW,True,False,127331703521.28001,Energy,
COR,basis_gates,GATE_GROSS_MARGIN,BENIGN,True,False,52548498534.4,Healthcare,
COST,basis_gates,GATE_GROSS_MARGIN,BENIGN,True,False,366209109852.16003,Consumer Defensive,
CPRI,basis_gates,GATE_MARKET_CAP,BENIGN,False,False,1586398943.3600001,Consumer Cyclical,
CPT,basis_gates,FRAMEWORK_METRIK_NA,BENIGN,True,False,9525347873.28,Real Estate,
CRBG,basis_gates,FRAMEWORK_METRIK_NA,BENIGN,True,False,12188960291.84,Financial Services,
CS.PA,basis_gates,FRAMEWORK_METRIK_NA,BENIGN,True,False,91425325056.0,Financial Services,
CTG.L,basis_gates,GATE_VOLUME,BENIGN,False,False,46737573.904,Industrials,
CTRE,basis_gates,FRAMEWORK_METRIK_NA,BENIGN,True,False,8595116935.68,Real Estate,
CUBE,basis_gates,FRAMEWORK_METRIK_NA,BENIGN,True,False,8186286310.400001,Real Estate,
CUZ,basis_gates,FRAMEWORK_METRIK_NA,BENIGN,True,False,4505096669.440001,Real Estate,
CVNA,basis_gates,GATE_GROSS_MARGIN,BENIGN,True,False,80500695449.6,Consumer Cyclical,
CVS,basis_gates,GATE_GROSS_MARGIN,BENIGN,True,False,115590117171.20001,Healthcare,
CYTK,basis_gates,GATE_GROSS_MARGIN,BENIGN,True,False,9084447119.36,Healthcare,
DE,basis_gates,GATE_REVENUE_GROWTH,REVIEW,True,False,138873297059.84,Industrials,
DELL,basis_gates,GATE_GROSS_MARGIN,BENIGN,True,False,227221454028.80002,Technology,
DGE.L,basis_gates,GATE_REVENUE_GROWTH,REVIEW,True,False,42486711185.408005,Consumer Defensive,
DHER.DE,basis_gates,GATE_GROSS_MARGIN,BENIGN,True,False,11372367872.0,Consumer Cyclical,
DHL.DE,basis_gates,GATE_REVENUE_GROWTH,REVIEW,True,False,64647487488.0,Industrials,
DIA.MC,basis_gates,GATE_REVENUE_GROWTH,BENIGN,False,False,2304765952.0,Consumer Defensive,
DIE.BR,basis_gates,GATE_GROSS_MARGIN,BENIGN,True,False,9434050560.0,Consumer Cyclical,
DINO,basis_gates,GATE_GROSS_MARGIN,BENIGN,True,False,14107188728.320002,Energy,
DLN.L,basis_gates,FRAMEWORK_METRIK_NA,BENIGN,False,False,2729235308.8,Real Estate,
DLR,basis_gates,FRAMEWORK_METRIK_NA,BENIGN,True,False,61535447203.840004,Real Estate,
DOC,basis_gates,FRAMEWORK_METRIK_NA,BENIGN,True,False,13055902871.04,Real Estate,
DOCM.SW,basis_gates,GATE_MARKET_CAP,BENIGN,False,False,516425810.96,Healthcare,
DOW,basis_gates,GATE_GROSS_MARGIN,BENIGN,True,False,18980641054.72,Basic Materials,
DTE,basis_gates,GATE_REVENUE_GROWTH,REVIEW,True,False,25609860526.08,Utilities,
DTG.DE,basis_gates,GATE_REVENUE_GROWTH,REVIEW,True,False,37406650368.0,Industrials,
EBS.VI,basis_gates,FRAMEWORK_METRIK_NA,BENIGN,True,False,43817299968.0,Financial Services,
EDP.LS,basis_gates,GATE_REVENUE_GROWTH,REVIEW,True,False,18478628864.0,Utilities,
EEFT,basis_gates,GATE_GROSS_MARGIN,BENIGN,False,False,2356040279.6800003,Technology,
EFGN.SW,basis_gates,FRAMEWORK_METRIK_NA,BENIGN,True,False,5189798478.08,Financial Services,
EG,basis_gates,FRAMEWORK_METRIK_NA,BENIGN,True,False,12561057108.480001,Financial Services,
EGP,basis_gates,FRAMEWORK_METRIK_NA,BENIGN,True,False,9749972021.76,Real Estate,
ELS,basis_gates,FRAMEWORK_METRIK_NA,BENIGN,True,False,11311312568.32,Real Estate,
ELUX-B.ST,basis_gates,GATE_GROSS_MARGIN,BENIGN,False,False,2042576860.93824,Consumer Cyclical,
ELV,basis_gates,GATE_GROSS_MARGIN,BENIGN,True,False,70708324802.56,Healthcare,
EMSN.SW,basis_gates,GATE_REVENUE_GROWTH,REVIEW,True,False,20525888319.488,Basic Materials,
ENEL.MI,basis_gates,GATE_REVENUE_GROWTH,REVIEW,True,False,97238056960.0,Utilities,
ENGI.PA,basis_gates,GATE_REVENUE_GROWTH,REVIEW,True,False,68884733952.0,Utilities,
EOAN.DE,basis_gates,GATE_REVENUE_GROWTH,REVIEW,True,False,48903753728.0,Utilities,
EPR,basis_gates,FRAMEWORK_METRIK_NA,BENIGN,True,False,4125062713.6000004,Real Estate,
EQH,basis_gates,FRAMEWORK_METRIK_NA,BENIGN,True,False,11283100413.44,Financial Services,
EQIX,basis_gates,FRAMEWORK_METRIK_NA,BENIGN,True,False,87248018841.6,Real Estate,
EQR,basis_gates,FRAMEWORK_METRIK_NA,BENIGN,True,False,22272788730.88,Real Estate,
ERIC-B.ST,basis_gates,GATE_REVENUE_GROWTH,REVIEW,True,False,27923924294.0416,Technology,
ERIE,basis_gates,FRAMEWORK_METRIK_NA,BENIGN,True,False,10979287866.880001,Financial Services,
ESNT,basis_gates,FRAMEWORK_METRIK_NA,BENIGN,True,False,5273014664.96,Financial Services,
ESS,basis_gates,FRAMEWORK_METRIK_NA,BENIGN,True,False,16989718727.68,Real Estate,
EVK.DE,basis_gates,GATE_REVENUE_GROWTH,BENIGN,True,False,8173640192.0,Basic Materials,
EVR,basis_gates,FRAMEWORK_METRIK_NA,BENIGN,True,False,10757049745.92,Financial Services,
EVT.DE,basis_gates,GATE_MARKET_CAP,BENIGN,False,False,605938496.0,Healthcare,
EWBC,basis_gates,FRAMEWORK_METRIK_NA,BENIGN,True,False,15568596828.160002,Financial Services,
EXO.AS,basis_gates,FRAMEWORK_METRIK_NA,BENIGN,True,False,22777325568.0,Industrials,
EXR,basis_gates,FRAMEWORK_METRIK_NA,BENIGN,True,False,28342549596.16,Real Estate,
F,basis_gates,GATE_GROSS_MARGIN,BENIGN,True,False,50781633607.68,Consumer Cyclical,
FAF,basis_gates,FRAMEWORK_METRIK_NA,BENIGN,True,False,6641995289.6,Financial Services,
FBIN,basis_gates,GATE_REVENUE_GROWTH,BENIGN,True,False,5097771336.96,Industrials,
FER.AS,basis_gates,GATE_VOLUME,REVIEW,True,False,40877985792.0,Industrials,
FFIN,basis_gates,FRAMEWORK_METRIK_NA,BENIGN,True,False,4368954078.72,Financial Services,
FHN,basis_gates,FRAMEWORK_METRIK_NA,BENIGN,True,False,10556781555.2,Financial Services,
FISV,basis_gates,GATE_GROSS_MARGIN,BENIGN,True,False,24952526822.4,,
FITB,basis_gates,FRAMEWORK_METRIK_NA,BENIGN,True,False,44434541015.04,Financial Services,
FLEX,basis_gates,GATE_GROSS_MARGIN,BENIGN,True,False,36154634659.840004,Technology,
FLG,basis_gates,FRAMEWORK_METRIK_NA,BENIGN,True,False,5144283772.16,Financial Services,
FLO,basis_gates,GATE_MARKET_CAP,BENIGN,False,False,1291007004.16,Consumer Defensive,
FLOW.AS,basis_gates,GATE_MARKET_CAP,BENIGN,False,False,1167001728.0,Financial Services,
FLR,basis_gates,GATE_GROSS_MARGIN,BENIGN,True,False,6078779089.92,Industrials,
FN,basis_gates,GATE_GROSS_MARGIN,BENIGN,True,False,13533544540.16,Technology,
FNB,basis_gates,FRAMEWORK_METRIK_NA,BENIGN,True,False,5836295712.0,Financial Services,
FNF,basis_gates,FRAMEWORK_METRIK_NA,BENIGN,True,False,12045963868.16,Financial Services,
FR,basis_gates,FRAMEWORK_METRIK_NA,BENIGN,True,False,7825858465.280001,Real Estate,
FRT,basis_gates,FRAMEWORK_METRIK_NA,BENIGN,True,False,9356598164.480001,Real Estate,
FRVIA.PA,basis_gates,GATE_MARKET_CAP,BENIGN,False,False,1635516160.0,Consumer Cyclical,
GALE.SW,basis_gates,GATE_GROSS_MARGIN,BENIGN,True,False,4597162445.952,Healthcare,
GBCI,basis_gates,FRAMEWORK_METRIK_NA,BENIGN,True,False,5567319522.56,Financial Services,
GFC.PA,basis_gates,FRAMEWORK_METRIK_NA,BENIGN,True,False,5550830592.0,Real Estate,
GL,basis_gates,FRAMEWORK_METRIK_NA,BENIGN,True,False,12275782023.68,Financial Services,
GLE.PA,basis_gates,FRAMEWORK_METRIK_NA,BENIGN,True,False,59888181248.0,Financial Services,
GLEN.L,basis_gates,GATE_GROSS_MARGIN,BENIGN,True,False,74382158176.256,Basic Materials,
GLPI,basis_gates,FRAMEWORK_METRIK_NA,BENIGN,True,False,11324259832.32,Real Estate,
GN.CO,basis_gates,GATE_MARKET_CAP,BENIGN,False,False,1901208740.4544,Healthcare,
GS,basis_gates,FRAMEWORK_METRIK_NA,BENIGN,True,False,260622740848.64,Financial Services,
GT,basis_gates,GATE_MARKET_CAP,BENIGN,False,False,1733003389.76,Consumer Cyclical,
HAS.L,basis_gates,GATE_MARKET_CAP,BENIGN,False,False,1035114448.704,Industrials,
HBAN,basis_gates,FRAMEWORK_METRIK_NA,BENIGN,True,False,29866178293.760002,Financial Services,
HEN3.DE,basis_gates,GATE_REVENUE_GROWTH,REVIEW,True,False,30615207936.0,Consumer Defensive,
HIG,basis_gates,FRAMEWORK_METRIK_NA,BENIGN,True,False,33747401164.800003,Financial Services,
HNR1.DE,basis_gates,FRAMEWORK_METRIK_NA,BENIGN,True,False,30221643776.0,Financial Services,
HOG,basis_gates,GATE_GROSS_MARGIN,BENIGN,False,False,2240999064.32,Consumer Cyclical,
HOLN.SW,basis_gates,GATE_REVENUE_GROWTH,REVIEW,True,False,43547809447.936,Basic Materials,
HOMB,basis_gates,FRAMEWORK_METRIK_NA,BENIGN,True,False,5403043393.280001,Financial Services,
HPQ,basis_gates,GATE_GROSS_MARGIN,BENIGN,True,False,21634612536.32,Technology,
HR,basis_gates,FRAMEWORK_METRIK_NA,BENIGN,True,False,6392867278.08,Real Estate,
HRL,basis_gates,GATE_GROSS_MARGIN,BENIGN,True,False,11939062551.04,Consumer Defensive,
HSBA.L,basis_gates,FRAMEWORK_METRIK_NA,BENIGN,True,False,315929011421.184,Financial Services,
HST,basis_gates,FRAMEWORK_METRIK_NA,BENIGN,True,False,15124294696.960001,Real Estate,
HSX.L,basis_gates,FRAMEWORK_METRIK_NA,BENIGN,True,False,6765591727.104,Financial Services,
HUM,basis_gates,GATE_GROSS_MARGIN,BENIGN,True,False,37903171768.32,Healthcare,
HUSQ-B.ST,basis_gates,GATE_REVENUE_GROWTH,BENIGN,False,False,2011713340.5388799,Industrials,
HWC,basis_gates,FRAMEWORK_METRIK_NA,BENIGN,True,False,5375261629.440001,Financial Services,
IBOC,basis_gates,FRAMEWORK_METRIK_NA,BENIGN,True,False,4128738137.6000004,Financial Services,
ICG.L,basis_gates,FRAMEWORK_METRIK_NA,BENIGN,True,False,6395140003.84,Financial Services,
IFF,basis_gates,GATE_REVENUE_GROWTH,REVIEW,True,False,17545309588.48,Basic Materials,
III.L,basis_gates,FRAMEWORK_METRIK_NA,BENIGN,True,False,33549086484.48,Financial Services,
INCH.L,basis_gates,GATE_GROSS_MARGIN,BENIGN,True,False,3414414002.9440002,Consumer Cyclical,
INGA.AS,basis_gates,FRAMEWORK_METRIK_NA,BENIGN,True,False,86954270720.0,Financial Services,
INGR,basis_gates,GATE_REVENUE_GROWTH,BENIGN,True,False,5440833414.400001,Consumer Defensive,
INVH,basis_gates,FRAMEWORK_METRIK_NA,BENIGN,True,False,15315649484.800001,Real Estate,
INVP.L,basis_gates,FRAMEWORK_METRIK_NA,BENIGN,True,False,4770408215.552,Financial Services,
IRM,basis_gates,FRAMEWORK_METRIK_NA,BENIGN,True,False,31571116656.640003,Real Estate,
IRT,basis_gates,FRAMEWORK_METRIK_NA,BENIGN,True,False,3486260697.6000004,Real Estate,
ISP.MI,basis_gates,FRAMEWORK_METRIK_NA,BENIGN,True,False,114631213056.0,Financial Services,
ITV.L,basis_gates,GATE_GROSS_MARGIN,BENIGN,True,False,3246221948.928,Communication Services,
JBL,basis_gates,GATE_GROSS_MARGIN,BENIGN,True,False,28638925127.68,Technology,
JEF,basis_gates,GATE_GROSS_MARGIN,BENIGN,True,False,9633763776.0,Financial Services,
JLL,basis_gates,FRAMEWORK_METRIK_NA,BENIGN,True,False,14169844602.880001,Real Estate,
JMAT.L,basis_gates,GATE_GROSS_MARGIN,BENIGN,True,False,3909458905.856,Basic Materials,
JMT.LS,basis_gates,GATE_GROSS_MARGIN,BENIGN,True,False,10909619200.0,Consumer Defensive,
JPM,basis_gates,FRAMEWORK_METRIK_NA,BENIGN,True,False,811223716331.52,Financial Services,
KBC.BR,basis_gates,FRAMEWORK_METRIK_NA,BENIGN,True,False,49446400000.0,Financial Services,
KBH,basis_gates,GATE_REVENUE_GROWTH,BENIGN,False,False,2923644780.1600003,Consumer Cyclical,
KD,basis_gates,GATE_REVENUE_GROWTH,BENIGN,False,False,2592097106.56,Technology,
KER.PA,basis_gates,GATE_REVENUE_GROWTH,REVIEW,True,False,34848419840.0,Consumer Cyclical,
KEY,basis_gates,FRAMEWORK_METRIK_NA,BENIGN,True,False,21008481960.960003,Financial Services,
KIM,basis_gates,FRAMEWORK_METRIK_NA,BENIGN,True,False,14906643860.480001,Real Estate,
KNSL,basis_gates,FRAMEWORK_METRIK_NA,BENIGN,True,False,7042960285.440001,Financial Services,
KNX,basis_gates,GATE_GROSS_MARGIN,BENIGN,True,False,9816998430.720001,Industrials,
KRC,basis_gates,FRAMEWORK_METRIK_NA,BENIGN,True,False,3955036488.96,Real Estate,
KRG,basis_gates,FRAMEWORK_METRIK_NA,BENIGN,True,False,5162111022.08,Real Estate,
L,basis_gates,FRAMEWORK_METRIK_NA,BENIGN,True,False,20708307973.120003,Financial Services,
LAD,basis_gates,GATE_GROSS_MARGIN,BENIGN,True,False,7350095592.96,Consumer Cyclical,
LAMR,basis_gates,FRAMEWORK_METRIK_NA,BENIGN,True,False,14081224023.04,Real Estate,
LAND.L,basis_gates,FRAMEWORK_METRIK_NA,BENIGN,True,False,6144621919.744,Real Estate,
LANV,basis_gates,GATE_VOLUME,BENIGN,False,False,145506621.68,Consumer Cyclical,
LEA,basis_gates,GATE_GROSS_MARGIN,BENIGN,True,False,5677287764.4800005,Consumer Cyclical,
LGEN.L,basis_gates,FRAMEWORK_METRIK_NA,BENIGN,True,False,19180236759.04,Financial Services,
LH,basis_gates,GATE_GROSS_MARGIN,BENIGN,True,False,21699888066.56,Healthcare,
LIGHT.AS,basis_gates,GATE_MARKET_CAP,BENIGN,False,False,1753748480.0,Industrials,
LLOY.L,basis_gates,FRAMEWORK_METRIK_NA,BENIGN,True,False,77836732510.20801,Financial Services,
LMT,basis_gates,GATE_GROSS_MARGIN,BENIGN,True,False,116670939668.48001,Industrials,
LPX,basis_gates,GATE_REVENUE_GROWTH,BENIGN,True,False,4389821603.84,Industrials,
LXS.DE,basis_gates,GATE_MARKET_CAP,BENIGN,False,False,1428167936.0,Basic Materials,
LYB,basis_gates,GATE_GROSS_MARGIN,BENIGN,True,False,17383381288.96,Basic Materials,
MAA,basis_gates,FRAMEWORK_METRIK_NA,BENIGN,True,False,13699288174.08,Real Estate,
MAERSK-B.CO,basis_gates,GATE_GROSS_MARGIN,BENIGN,True,False,33605056616.202244,Industrials,
MAS,basis_gates,GATE_REVENUE_GROWTH,REVIEW,True,False,12227375690.24,Industrials,
MB.MI,basis_gates,RESOLUTION_STATEMENT_UNAVAILABLE,REVIEW,True,False,22518437888.0,Financial Services,
MBG.DE,basis_gates,GATE_REVENUE_GROWTH,REVIEW,True,False,44736036864.0,Consumer Cyclical,
MCG.L,basis_gates,GATE_MARKET_CAP,BENIGN,False,False,169503167.00800002,Industrials,
MCK,basis_gates,GATE_GROSS_MARGIN,BENIGN,True,False,86958888448.0,Healthcare,
MET,basis_gates,FRAMEWORK_METRIK_NA,BENIGN,True,False,53657978234.880005,Financial Services,
MF.PA,basis_gates,GATE_GROSS_MARGIN,BENIGN,True,False,3166221312.0,Financial Services,
MLM,basis_gates,GATE_REVENUE_GROWTH,REVIEW,True,False,27363532124.16,Basic Materials,
MMS,basis_gates,GATE_GROSS_MARGIN,BENIGN,False,False,2746120690.56,Industrials,
MNG.L,basis_gates,FRAMEWORK_METRIK_NA,BENIGN,True,False,9956330130.432001,Financial Services,
MONY.L,basis_gates,GATE_MARKET_CAP,BENIGN,False,False,1179993762.3040001,Communication Services,
MOS,basis_gates,GATE_GROSS_MARGIN,BENIGN,True,False,6099191351.04,Basic Materials,
MPC,basis_gates,GATE_GROSS_MARGIN,BENIGN,True,False,80147620229.12001,Energy,
MRL.MC,basis_gates,FRAMEWORK_METRIK_NA,BENIGN,True,False,9324894208.0,Real Estate,
MRNA,basis_gates,GATE_GROSS_MARGIN,BENIGN,True,False,18869705876.48,Healthcare,
MS,basis_gates,FRAMEWORK_METRIK_NA,BENIGN,True,False,286951863418.88,Financial Services,
MT.AS,basis_gates,GATE_GROSS_MARGIN,BENIGN,True,False,45800497152.0,Basic Materials,
MTB,basis_gates,FRAMEWORK_METRIK_NA,BENIGN,True,False,30965886474.24,Financial Services,
MTG,basis_gates,FRAMEWORK_METRIK_NA,BENIGN,True,False,5345491805.440001,Financial Services,
MUSA,basis_gates,GATE_GROSS_MARGIN,BENIGN,True,False,9738332364.800001,Consumer Cyclical,
MUV2.DE,basis_gates,FRAMEWORK_METRIK_NA,BENIGN,True,False,66821697536.0,Financial Services,
NDA-FI.HE,basis_gates,FRAMEWORK_METRIK_NA,BENIGN,True,False,59390689280.0,Financial Services,
NESN.SW,basis_gates,GATE_REVENUE_GROWTH,REVIEW,True,False,223691148476.416,Consumer Defensive,
NEX.PA,basis_gates,GATE_GROSS_MARGIN,BENIGN,True,False,5765581312.0,Industrials,
NLY,basis_gates,FRAMEWORK_METRIK_NA,BENIGN,True,False,14855409116.160002,Real Estate,
NN.AS,basis_gates,FRAMEWORK_METRIK_NA,BENIGN,True,False,21350723584.0,Financial Services,
NNN,basis_gates,FRAMEWORK_METRIK_NA,BENIGN,True,False,7842715225.6,Real Estate,
NRG,basis_gates,GATE_GROSS_MARGIN,BENIGN,True,False,24579199682.56,Utilities,
NSA,basis_gates,FRAMEWORK_METRIK_NA,BENIGN,True,False,5544553657.6,Real Estate,
NTRS,basis_gates,FRAMEWORK_METRIK_NA,BENIGN,True,False,28916109393.920002,Financial Services,
NUE,basis_gates,GATE_GROSS_MARGIN,BENIGN,True,False,50831571404.8,Basic Materials,
NVR,basis_gates,GATE_REVENUE_GROWTH,REVIEW,True,False,14281426478.08,Consumer Cyclical,
NWG.L,basis_gates,FRAMEWORK_METRIK_NA,BENIGN,True,False,65700600512.512,Financial Services,
NXT,basis_gates,GATE_GROSS_MARGIN,BENIGN,True,False,11972043207.68,Technology,
O,basis_gates,FRAMEWORK_METRIK_NA,BENIGN,True,False,51666823168.0,Real Estate,
OCI.AS,basis_gates,GATE_MARKET_CAP,BENIGN,False,False,855692544.0,Basic Materials,
OERL.SW,basis_gates,GATE_MARKET_CAP,BENIGN,False,False,1662726115.1999998,Industrials,
OGS,basis_gates,GATE_REVENUE_GROWTH,BENIGN,True,False,4227770716.1600003,Utilities,
OHI,basis_gates,FRAMEWORK_METRIK_NA,BENIGN,True,False,13852641520.640001,Real Estate,
OKE,basis_gates,GATE_GROSS_MARGIN,BENIGN,True,False,49632520622.08,Energy,
OLN,basis_gates,GATE_MARKET_CAP,BENIGN,False,False,1830265324.48,Basic Materials,
OMC,basis_gates,GATE_GROSS_MARGIN,BENIGN,True,False,19458013562.88,Communication Services,
OMV.VI,basis_gates,GATE_REVENUE_GROWTH,REVIEW,True,False,20586967040.0,Energy,
ONB,basis_gates,FRAMEWORK_METRIK_NA,BENIGN,True,False,8841268631.04,Financial Services,
ONTEX.BR,basis_gates,GATE_VOLUME,BENIGN,False,False,184583088.0,Consumer Defensive,
ORA,basis_gates,GATE_GROSS_MARGIN,BENIGN,True,False,5202083645.440001,Utilities,
ORI,basis_gates,FRAMEWORK_METRIK_NA,BENIGN,True,False,9129544460.800001,Financial Services,
OXY,basis_gates,GATE_REVENUE_GROWTH,REVIEW,True,False,49242597888.0,Energy,
OZK,basis_gates,FRAMEWORK_METRIK_NA,BENIGN,True,False,4858181217.280001,Financial Services,
P911.DE,basis_gates,GATE_REVENUE_GROWTH,REVIEW,True,False,38662840320.0,Consumer Cyclical,
PAG,basis_gates,GATE_GROSS_MARGIN,BENIGN,True,False,12378529556.480001,Consumer Cyclical,
PAH3.DE,basis_gates,FRAMEWORK_METRIK_NA,BENIGN,True,False,8813875200.0,Consumer Cyclical,
PB,basis_gates,FRAMEWORK_METRIK_NA,BENIGN,True,False,7784529377.280001,Financial Services,
PBB.DE,basis_gates,GATE_MARKET_CAP,BENIGN,False,False,459636608.0,Financial Services,
PBF,basis_gates,GATE_GROSS_MARGIN,BENIGN,True,False,7432604087.04,Energy,
PFG,basis_gates,FRAMEWORK_METRIK_NA,BENIGN,True,False,21118157501.440002,Financial Services,
PFGC,basis_gates,GATE_GROSS_MARGIN,BENIGN,True,False,15588548495.36,Consumer Defensive,
PGR,basis_gates,FRAMEWORK_METRIK_NA,BENIGN,True,False,106632738897.92001,Financial Services,
PII,basis_gates,GATE_GROSS_MARGIN,BENIGN,True,False,3311324284.1600003,Consumer Cyclical,
PK,basis_gates,FRAMEWORK_METRIK_NA,BENIGN,False,False,2630701939.2000003,Real Estate,
PLD,basis_gates,FRAMEWORK_METRIK_NA,BENIGN,True,False,119783129702.40001,Real Estate,
PNC,basis_gates,FRAMEWORK_METRIK_NA,BENIGN,True,False,86488128593.92,Financial Services,
PNFP,basis_gates,FRAMEWORK_METRIK_NA,BENIGN,True,False,13784341260.800001,Financial Services,
PNL.AS,basis_gates,GATE_MARKET_CAP,BENIGN,False,False,456540864.0,Industrials,
PPC,basis_gates,GATE_GROSS_MARGIN,BENIGN,True,False,5651458528.0,Consumer Defensive,
PRI,basis_gates,FRAMEWORK_METRIK_NA,BENIGN,True,False,8655598202.880001,Financial Services,
PRU,basis_gates,FRAMEWORK_METRIK_NA,BENIGN,True,False,36783259637.76,Financial Services,
PRU.L,basis_gates,FRAMEWORK_METRIK_NA,BENIGN,True,False,32452889634.816,Financial Services,
PSA,basis_gates,FRAMEWORK_METRIK_NA,BENIGN,True,False,52516167239.68,Real Estate,
PSX,basis_gates,GATE_GROSS_MARGIN,BENIGN,True,False,73624658042.88,Energy,
PUM.DE,basis_gates,GATE_REVENUE_GROWTH,BENIGN,True,False,4048244992.0,Consumer Cyclical,
QLT.L,basis_gates,GATE_GROSS_MARGIN,BENIGN,True,False,3052890521.856,Financial Services,
RBI.VI,basis_gates,FRAMEWORK_METRIK_NA,BENIGN,True,False,19503253504.0,Financial Services,
RCO.PA,basis_gates,GATE_REVENUE_GROWTH,BENIGN,False,False,2538722560.0,Consumer Defensive,
REG,basis_gates,FRAMEWORK_METRIK_NA,BENIGN,True,False,13020315883.52,Real Estate,
REXR,basis_gates,FRAMEWORK_METRIK_NA,BENIGN,True,False,7491347356.160001,Real Estate,
RF,basis_gates,FRAMEWORK_METRIK_NA,BENIGN,True,False,22912494612.48,Financial Services,
RGA,basis_gates,FRAMEWORK_METRIK_NA,BENIGN,True,False,13460817781.76,Financial Services,
RIO.L,basis_gates,GATE_GROSS_MARGIN,BENIGN,True,False,136384114212.864,Basic Materials,
RJF,basis_gates,FRAMEWORK_METRIK_NA,BENIGN,True,False,29326493690.88,Financial Services,
RLI,basis_gates,FRAMEWORK_METRIK_NA,BENIGN,True,False,4875504789.76,Financial Services,
RNR,basis_gates,FRAMEWORK_METRIK_NA,BENIGN,True,False,11534084569.6,Financial Services,
ROIV,basis_gates,GATE_GROSS_MARGIN,BENIGN,True,False,21250970224.64,Healthcare,
RS,basis_gates,GATE_GROSS_MARGIN,BENIGN,True,False,17985550320.64,Basic Materials,
RTO.L,basis_gates,GATE_GROSS_MARGIN,BENIGN,True,False,10142237715.456001,Industrials,
RWE.DE,basis_gates,GATE_REVENUE_GROWTH,REVIEW,True,False,42868342784.0,Utilities,
RXL.PA,basis_gates,GATE_GROSS_MARGIN,BENIGN,True,False,10544550912.0,Technology,
RYAN,basis_gates,FRAMEWORK_METRIK_NA,BENIGN,True,False,10112642874.880001,Financial Services,
RYN,basis_gates,FRAMEWORK_METRIK_NA,BENIGN,True,False,5714160151.04,Real Estate,
SAB.MC,basis_gates,FRAMEWORK_METRIK_NA,BENIGN,True,False,15855137792.0,Financial Services,
SAIA,basis_gates,GATE_GROSS_MARGIN,BENIGN,True,False,8044248384.0,Industrials,
SAIC,basis_gates,GATE_GROSS_MARGIN,BENIGN,True,False,4295759175.68,Technology,
SAM,basis_gates,GATE_MARKET_CAP,BENIGN,False,False,1654966698.5600002,Consumer Defensive,
SAMPO.HE,basis_gates,FRAMEWORK_METRIK_NA,BENIGN,True,False,25380585472.0,Financial Services,
SAN.MC,basis_gates,FRAMEWORK_METRIK_NA,BENIGN,True,False,175951347712.0,Financial Services,
SATS,basis_gates,GATE_REVENUE_GROWTH,REVIEW,True,False,26125604904.960003,Communication Services,
SBAC,basis_gates,FRAMEWORK_METRIK_NA,BENIGN,True,False,16651908398.080002,Real Estate,
SBRA,basis_gates,FRAMEWORK_METRIK_NA,BENIGN,True,False,4631464631.04,Real Estate,
SBRY.L,basis_gates,GATE_GROSS_MARGIN,BENIGN,True,False,9163297887.744,Consumer Defensive,
SCHP.SW,basis_gates,GATE_REVENUE_GROWTH,REVIEW,True,False,29181108313.087997,Industrials,
SCHW,basis_gates,FRAMEWORK_METRIK_NA,BENIGN,True,False,158775587880.96002,Financial Services,
SCR.PA,basis_gates,FRAMEWORK_METRIK_NA,BENIGN,True,False,6128154112.0,Financial Services,
SEB-A.ST,basis_gates,FRAMEWORK_METRIK_NA,BENIGN,True,False,39925179039.08864,Financial Services,
SECU-B.ST,basis_gates,GATE_GROSS_MARGIN,BENIGN,True,False,7938587586.06848,Industrials,
SF,basis_gates,FRAMEWORK_METRIK_NA,BENIGN,True,False,10902951864.32,Financial Services,
SFOR.L,basis_gates,GATE_MARKET_CAP,BENIGN,False,False,293064540.496,Communication Services,
SGO.PA,basis_gates,GATE_REVENUE_GROWTH,REVIEW,True,False,39818047488.0,Industrials,
SGRO.L,basis_gates,FRAMEWORK_METRIK_NA,BENIGN,True,False,15262709396.480001,Real Estate,
SHB-B.ST,basis_gates,FRAMEWORK_METRIK_NA,BENIGN,True,False,41780568480.80896,Financial Services,
SIGI,basis_gates,FRAMEWORK_METRIK_NA,BENIGN,True,False,4900927619.84,Financial Services,
SKA-B.ST,basis_gates,GATE_GROSS_MARGIN,BENIGN,True,False,10009851447.214079,Industrials,
SLHN.SW,basis_gates,FRAMEWORK_METRIK_NA,BENIGN,True,False,28643515452.415997,Financial Services,
SLM,basis_gates,FRAMEWORK_METRIK_NA,BENIGN,True,False,4239524522.2400002,Financial Services,
SMCI,basis_gates,GATE_GROSS_MARGIN,BENIGN,True,False,15937009781.76,Technology,
SMG,basis_gates,GATE_REVENUE_GROWTH,BENIGN,True,False,3315055450.2400002,Basic Materials,
SMT.L,basis_gates,FRAMEWORK_METRIK_NA,BENIGN,True,False,16707957002.24,,
SNX,basis_gates,GATE_GROSS_MARGIN,BENIGN,True,False,17736429859.84,Technology,
SOLB.BR,basis_gates,GATE_GROSS_MARGIN,BENIGN,False,False,2774935040.0,Basic Materials,
SOON.SW,basis_gates,GATE_REVENUE_GROWTH,REVIEW,True,False,14029584347.647999,Healthcare,
SPG,basis_gates,FRAMEWORK_METRIK_NA,BENIGN,True,False,75607764930.56,Real Estate,
SREN.SW,basis_gates,FRAMEWORK_METRIK_NA,BENIGN,True,False,42692995379.2,Financial Services,
SSB,basis_gates,FRAMEWORK_METRIK_NA,BENIGN,True,False,8840430056.960001,Financial Services,
SSE.L,basis_gates,GATE_REVENUE_GROWTH,REVIEW,True,False,33082284920.832,Utilities,
STAG,basis_gates,FRAMEWORK_METRIK_NA,BENIGN,True,False,6531987073.280001,Real Estate,
STAN.L,basis_gates,FRAMEWORK_METRIK_NA,BENIGN,True,False,55994200113.152,Financial Services,
STERV.HE,basis_gates,GATE_REVENUE_GROWTH,BENIGN,True,False,7837304832.0,Consumer Cyclical,
STJ.L,basis_gates,FRAMEWORK_METRIK_NA,BENIGN,True,False,6227944798.208,Financial Services,
STLD,basis_gates,GATE_GROSS_MARGIN,BENIGN,True,False,31240945879.04,Basic Materials,
STT,basis_gates,FRAMEWORK_METRIK_NA,BENIGN,True,False,43886024734.72,Financial Services,
STWD,basis_gates,FRAMEWORK_METRIK_NA,BENIGN,True,False,5272638905.6,Real Estate,
SW.PA,basis_gates,GATE_GROSS_MARGIN,BENIGN,True,False,8328465920.0,Industrials,
SWED-A.ST,basis_gates,FRAMEWORK_METRIK_NA,BENIGN,True,False,38806182208.47104,Financial Services,
SWKS,basis_gates,GATE_REVENUE_GROWTH,BENIGN,True,False,8126118620.160001,Technology,
SWX,basis_gates,GATE_REVENUE_GROWTH,BENIGN,True,False,5612996936.96,Utilities,
SYF,basis_gates,FRAMEWORK_METRIK_NA,BENIGN,True,False,21392426301.440002,Financial Services,
SYY,basis_gates,GATE_GROSS_MARGIN,BENIGN,True,False,35400788541.44,Consumer Defensive,
TCBI,basis_gates,FRAMEWORK_METRIK_NA,BENIGN,True,False,3728030310.4,Financial Services,
TEF.MC,basis_gates,GATE_REVENUE_GROWTH,REVIEW,True,False,20206299136.0,Communication Services,
TEP.PA,basis_gates,GATE_GROSS_MARGIN,BENIGN,True,False,4011220480.0,Industrials,
TFC,basis_gates,FRAMEWORK_METRIK_NA,BENIGN,True,False,54937986949.12,Financial Services,
THG,basis_gates,FRAMEWORK_METRIK_NA,BENIGN,True,False,7026947873.280001,Financial Services,
THO,basis_gates,GATE_GROSS_MARGIN,BENIGN,True,False,3385628032.6400003,Consumer Cyclical,
TKA.DE,basis_gates,GATE_GROSS_MARGIN,BENIGN,True,False,7504620032.0,Industrials,
TLX.DE,basis_gates,FRAMEWORK_METRIK_NA,BENIGN,True,False,29773803520.0,Financial Services,
TMHC,basis_gates,GATE_REVENUE_GROWTH,BENIGN,True,False,5782231224.320001,Consumer Cyclical,
TMV.DE,basis_gates,GATE_MARKET_CAP,BENIGN,False,False,940227264.0,Technology,
TOM2.AS,basis_gates,GATE_MARKET_CAP,BENIGN,False,False,477007488.0,Technology,
TPK.L,basis_gates,GATE_MARKET_CAP,BENIGN,False,False,1373170469.888,Industrials,
TRV,basis_gates,FRAMEWORK_METRIK_NA,BENIGN,True,False,67736261918.72,Financial Services,
TRYG.CO,basis_gates,FRAMEWORK_METRIK_NA,BENIGN,True,False,12319656214.528,Financial Services,
TSCO.L,basis_gates,GATE_GROSS_MARGIN,BENIGN,True,False,35858401431.552,Consumer Defensive,
TSN,basis_gates,GATE_GROSS_MARGIN,BENIGN,True,False,17705171655.68,Consumer Defensive,
TTMI,basis_gates,GATE_GROSS_MARGIN,BENIGN,True,False,10399980638.720001,Technology,
TUI1.DE,basis_gates,GATE_GROSS_MARGIN,BENIGN,True,False,3811822080.0,Consumer Cyclical,
TXRH,basis_gates,GATE_GROSS_MARGIN,BENIGN,True,False,11714279393.28,Consumer Cyclical,
UBI.PA,basis_gates,GATE_MARKET_CAP,BENIGN,False,False,773800320.0,Communication Services,
UBSG.SW,basis_gates,FRAMEWORK_METRIK_NA,BENIGN,True,False,149721691504.63998,Financial Services,
UBSI,basis_gates,FRAMEWORK_METRIK_NA,BENIGN,True,False,5755729973.76,Financial Services,
UCG.MI,basis_gates,FRAMEWORK_METRIK_NA,BENIGN,True,False,122274414592.0,Financial Services,
UDR,basis_gates,FRAMEWORK_METRIK_NA,BENIGN,True,False,12265475735.04,Real Estate,
UFPI,basis_gates,GATE_GROSS_MARGIN,BENIGN,True,False,4249964947.2000003,Basic Materials,
UMBF,basis_gates,FRAMEWORK_METRIK_NA,BENIGN,True,False,9601661667.84,Financial Services,
UMI.BR,basis_gates,GATE_GROSS_MARGIN,BENIGN,True,False,5196137472.0,Industrials,
UNH,basis_gates,GATE_GROSS_MARGIN,BENIGN,True,False,326470647644.16003,Healthcare,
UNM,basis_gates,FRAMEWORK_METRIK_NA,BENIGN,True,False,11935352926.720001,Financial Services,
UPM.HE,basis_gates,GATE_GROSS_MARGIN,BENIGN,True,False,12402661376.0,Basic Materials,
URW.PA,basis_gates,FRAMEWORK_METRIK_NA,BENIGN,True,False,15212965888.0,Real Estate,
USB,basis_gates,FRAMEWORK_METRIK_NA,BENIGN,True,False,85147440517.12001,Financial Services,
USFD,basis_gates,GATE_GROSS_MARGIN,BENIGN,True,False,19216943057.920002,Consumer Defensive,
UTG.L,basis_gates,FRAMEWORK_METRIK_NA,BENIGN,True,False,3231807599.104,Real Estate,
VAL,basis_gates,GATE_GROSS_MARGIN,BENIGN,True,False,4757411973.12,Energy,
VER.VI,basis_gates,GATE_REVENUE_GROWTH,REVIEW,True,False,20688603136.0,Utilities,
VFC,basis_gates,GATE_REVENUE_GROWTH,BENIGN,True,False,4883753285.12,Consumer Cyclical,
VICI,basis_gates,FRAMEWORK_METRIK_NA,BENIGN,True,False,25169118781.440002,Real Estate,
VIE.PA,basis_gates,GATE_GROSS_MARGIN,BENIGN,True,False,25244071936.0,Industrials,
VIG.VI,basis_gates,FRAMEWORK_METRIK_NA,BENIGN,True,False,9075200000.0,Financial Services,
VITR.ST,basis_gates,GATE_MARKET_CAP,BENIGN,False,False,1057043877.23264,Healthcare,
VIV.PA,basis_gates,GATE_MARKET_CAP,BENIGN,False,False,1589890432.0,Communication Services,
VK.PA,basis_gates,GATE_GROSS_MARGIN,BENIGN,True,False,5509693952.0,Basic Materials,
VLO,basis_gates,GATE_GROSS_MARGIN,BENIGN,True,False,78155246387.2,Energy,
VLY,basis_gates,FRAMEWORK_METRIK_NA,BENIGN,True,False,6856163023.360001,Financial Services,
VNA.DE,basis_gates,GATE_REVENUE_GROWTH,REVIEW,True,False,17842591744.0,Real Estate,
VNO,basis_gates,FRAMEWORK_METRIK_NA,BENIGN,True,False,6997912245.76,Real Estate,
VOE.VI,basis_gates,GATE_GROSS_MARGIN,BENIGN,True,False,7711848960.0,Basic Materials,
VOYA,basis_gates,FRAMEWORK_METRIK_NA,BENIGN,True,False,7820470804.4800005,Financial Services,
VPLAY-B.ST,basis_gates,GATE_MARKET_CAP,BENIGN,False,False,558910801.26464,Communication Services,
VTR,basis_gates,FRAMEWORK_METRIK_NA,BENIGN,True,False,41610170214.4,Real Estate,
VWS.CO,basis_gates,GATE_GROSS_MARGIN,BENIGN,True,False,22858707130.122242,Industrials,
WAL,basis_gates,FRAMEWORK_METRIK_NA,BENIGN,True,False,7623875816.96,Financial Services,
WBS,basis_gates,FRAMEWORK_METRIK_NA,BENIGN,True,False,10854352765.44,Financial Services,
WDP.BR,basis_gates,FRAMEWORK_METRIK_NA,BENIGN,True,False,5368937984.0,Real Estate,
WELL,basis_gates,FRAMEWORK_METRIK_NA,BENIGN,True,False,146547557498.88,Real Estate,
WFC,basis_gates,FRAMEWORK_METRIK_NA,BENIGN,True,False,226785949818.88,Financial Services,
WHR,basis_gates,GATE_GROSS_MARGIN,BENIGN,False,False,2108777073.92,Consumer Cyclical,
WLK,basis_gates,GATE_GROSS_MARGIN,BENIGN,True,False,7835838740.4800005,Basic Materials,
WLN.PA,basis_gates,GATE_MARKET_CAP,BENIGN,False,False,688487936.0,Technology,
WPC,basis_gates,FRAMEWORK_METRIK_NA,BENIGN,True,False,14545037214.720001,Real Estate,
WPP.L,basis_gates,GATE_GROSS_MARGIN,BENIGN,True,False,3765995335.4240003,Communication Services,
WRB,basis_gates,FRAMEWORK_METRIK_NA,BENIGN,True,False,23350104140.800003,Financial Services,
WTFC,basis_gates,FRAMEWORK_METRIK_NA,BENIGN,True,False,9335893201.92,Financial Services,
WY,basis_gates,FRAMEWORK_METRIK_NA,BENIGN,True,False,15656377057.28,Real Estate,
XPO,basis_gates,GATE_GROSS_MARGIN,BENIGN,True,False,20413026851.84,Industrials,
ZION,basis_gates,FRAMEWORK_METRIK_NA,BENIGN,True,False,8824164917.76,Financial Services,
ZURN.SW,basis_gates,FRAMEWORK_METRIK_NA,BENIGN,True,False,98742241828.86398,Financial Services,
AES,edgar_gates,GATE_RESTATEMENT,BENIGN,True,False,9081991802.880001,Utilities,
AVAV,edgar_gates,GATE_RESTATEMENT,BENIGN,True,False,6557711488.0,Industrials,
AXON,edgar_gates,GATE_RESTATEMENT,BENIGN,True,False,36902195025.920006,Industrials,
CPAY,edgar_gates,GATE_RESTATEMENT,BENIGN,True,False,21666195865.600002,Technology,
DOCN,edgar_gates,GATE_RESTATEMENT,BENIGN,True,False,11916588055.04,Technology,
MPWR,edgar_gates,GATE_RESTATEMENT,BENIGN,True,False,60777795522.560005,Technology,
RGEN,edgar_gates,GATE_RESTATEMENT,BENIGN,True,False,6903553118.72,Healthcare,
SITM,edgar_gates,GATE_RESTATEMENT,BENIGN,True,False,13907928780.800001,Technology,
TRU,edgar_gates,GATE_RESTATEMENT,BENIGN,True,False,13067666892.800001,Financial Services,
8TRA.DE,crosshits,SCORE_BELOW_THRESHOLD,BENIGN,True,False,20360001536.0,Industrials,
A,crosshits,SCORE_BELOW_THRESHOLD,BENIGN,True,False,33901990164.480003,Healthcare,
AAL,crosshits,SCORE_BELOW_THRESHOLD,BENIGN,True,False,8768933621.76,Industrials,
AAL.L,crosshits,SCORE_BELOW_THRESHOLD,BENIGN,True,False,46758415097.856,Basic Materials,
AAON,crosshits,SCORE_BELOW_THRESHOLD,BENIGN,True,False,6328461857.280001,Industrials,
AAPL,crosshits,SCORE_BELOW_THRESHOLD,BENIGN,True,False,3935909015715.8403,Technology,
ABBN.SW,crosshits,SCORE_BELOW_THRESHOLD,BENIGN,True,False,154834535456.76797,Industrials,
ABBV,crosshits,SCORE_BELOW_THRESHOLD,BENIGN,True,False,384613934776.32,Healthcare,
ABI.BR,crosshits,SCORE_BELOW_THRESHOLD,BENIGN,True,False,148101562368.0,Consumer Defensive,
ABNB,crosshits,SCORE_BELOW_THRESHOLD,BENIGN,True,False,78012425850.88,Consumer Cyclical,
ABT,crosshits,SCORE_BELOW_THRESHOLD,BENIGN,True,False,159715117752.32,Healthcare,
ACI,crosshits,SCORE_BELOW_THRESHOLD,BENIGN,True,False,4920142869.76,Consumer Defensive,
ACN,crosshits,SCORE_BELOW_THRESHOLD,BENIGN,True,False,88080246763.52,Technology,
ACS.MC,crosshits,SCORE_BELOW_THRESHOLD,BENIGN,True,False,29273485312.0,Industrials,
ACX.MC,crosshits,SCORE_BELOW_THRESHOLD,BENIGN,True,False,4330378752.0,Basic Materials,
ADBE,crosshits,SCORE_BELOW_THRESHOLD,BENIGN,True,False,86349195345.92,Technology,
ADI,crosshits,SCORE_BELOW_THRESHOLD,BENIGN,True,False,155248360529.92,Technology,
ADP,crosshits,SCORE_BELOW_THRESHOLD,BENIGN,True,False,91953080340.48001,Technology,
ADS.DE,crosshits,SCORE_BELOW_THRESHOLD,BENIGN,True,False,27905021952.0,Consumer Cyclical,
ADSK,crosshits,SCORE_BELOW_THRESHOLD,BENIGN,True,False,42898063656.96,Technology,
AEE,crosshits,SCORE_BELOW_THRESHOLD,BENIGN,True,False,26315390919.68,Utilities,
AEIS,crosshits,SCORE_BELOW_THRESHOLD,BENIGN,True,False,10049019619.84,Industrials,
AENA.MC,crosshits,SCORE_BELOW_THRESHOLD,BENIGN,True,False,40020000768.0,Industrials,
AEP,crosshits,SCORE_BELOW_THRESHOLD,BENIGN,True,False,60379046440.96001,Utilities,
AF.PA,crosshits,SCORE_BELOW_THRESHOLD,BENIGN,True,False,3151904768.0,Industrials,
AFX.DE,crosshits,SCORE_BELOW_THRESHOLD,BENIGN,False,False,2669850368.0,Healthcare,
AI.PA,crosshits,SCORE_BELOW_THRESHOLD,BENIGN,True,False,108555542528.0,Basic Materials,
AIR.PA,crosshits,SCORE_BELOW_THRESHOLD,BENIGN,True,False,159177523200.0,Industrials,
AIT,crosshits,SCORE_BELOW_THRESHOLD,BENIGN,True,False,11068261109.76,Industrials,
AJG,crosshits,SCORE_BELOW_THRESHOLD,BENIGN,True,False,55595016847.36,Financial Services,
AKAM,crosshits,SCORE_BELOW_THRESHOLD,BENIGN,True,False,14526718279.68,Technology,
AKE.PA,crosshits,SCORE_BELOW_THRESHOLD,BENIGN,True,False,4457489920.0,Basic Materials,
AKRBP.OL,crosshits,SCORE_BELOW_THRESHOLD,BENIGN,True,False,19335454359.552,Energy,
ALB,crosshits,SCORE_BELOW_THRESHOLD,BENIGN,True,False,12035549204.480001,Basic Materials,
ALC.SW,crosshits,SCORE_BELOW_THRESHOLD,BENIGN,True,False,28993976205.311996,Healthcare,
ALFA.ST,crosshits,SCORE_BELOW_THRESHOLD,BENIGN,True,False,21114650894.00832,Industrials,
ALGM,crosshits,SCORE_BELOW_THRESHOLD,BENIGN,True,False,6707358763.52,Technology,
ALGN,crosshits,SCORE_BELOW_THRESHOLD,BENIGN,True,False,10509695265.28,Healthcare,
ALK,crosshits,SCORE_BELOW_THRESHOLD,BENIGN,True,False,4592417192.96,Industrials,
ALLE,crosshits,SCORE_BELOW_THRESHOLD,BENIGN,True,False,11611304450.560001,Industrials,
ALV,crosshits,SCORE_BELOW_THRESHOLD,BENIGN,True,False,7825394762.240001,Consumer Cyclical,
AM,crosshits,SCORE_BELOW_THRESHOLD,BENIGN,True,False,9046799229.44,Energy,
AMAT,crosshits,SCORE_BELOW_THRESHOLD,BENIGN,True,False,349662707220.48004,Technology,
AMBU-B.CO,crosshits,SCORE_BELOW_THRESHOLD,BENIGN,False,False,2536000536.576,Healthcare,
AMCR,crosshits,SCORE_BELOW_THRESHOLD,BENIGN,True,False,18000690846.72,Consumer Cyclical,
AMD,crosshits,SCORE_BELOW_THRESHOLD,BENIGN,True,False,673536049315.8401,Technology,
AME,crosshits,SCORE_BELOW_THRESHOLD,BENIGN,True,False,48060073410.560005,Industrials,
AMGN,crosshits,SCORE_BELOW_THRESHOLD,BENIGN,True,False,180330736640.0,Healthcare,
AMZN,crosshits,SCORE_BELOW_THRESHOLD,BENIGN,True,False,2534328237424.64,Consumer Cyclical,
ANA.MC,crosshits,SCORE_BELOW_THRESHOLD,BENIGN,True,False,13004908544.0,Industrials,
ANET,crosshits,SCORE_BELOW_THRESHOLD,BENIGN,True,False,197001631989.76,Technology,
ANF,crosshits,SCORE_BELOW_THRESHOLD,BENIGN,True,False,3836720704.0,Consumer Cyclical,
ANTO.L,crosshits,SCORE_BELOW_THRESHOLD,BENIGN,True,False,42122652938.24,Basic Materials,
AON,crosshits,SCORE_BELOW_THRESHOLD,BENIGN,True,False,66347981209.600006,Financial Services,
AOS,crosshits,SCORE_BELOW_THRESHOLD,BENIGN,True,False,7089368787.200001,Industrials,
APD,crosshits,SCORE_BELOW_THRESHOLD,BENIGN,True,False,56966764144.64001,Basic Materials,
APG,crosshits,SCORE_BELOW_THRESHOLD,BENIGN,True,False,14875994155.52,Industrials,
APH,crosshits,SCORE_BELOW_THRESHOLD,BENIGN,True,False,171503607398.40002,Technology,
APO,crosshits,SCORE_BELOW_THRESHOLD,BENIGN,True,False,62811188428.8,Financial Services,
APP,crosshits,SCORE_BELOW_THRESHOLD,BENIGN,True,False,115376159969.28001,Communication Services,
APPF,crosshits,SCORE_BELOW_THRESHOLD,BENIGN,True,False,5536200784.64,Technology,
APTV,crosshits,SCORE_BELOW_THRESHOLD,BENIGN,True,False,10366808104.960001,Consumer Cyclical,
AR,crosshits,SCORE_BELOW_THRESHOLD,BENIGN,True,False,9638658419.2,Energy,
ARES,crosshits,SCORE_BELOW_THRESHOLD,BENIGN,True,False,36651919749.12,Financial Services,
ARWR,crosshits,SCORE_BELOW_THRESHOLD,BENIGN,True,False,10343677140.480001,Healthcare,
ASH,crosshits,SCORE_BELOW_THRESHOLD,BENIGN,False,False,2884486524.1600003,Basic Materials,
ASM.AS,crosshits,SCORE_BELOW_THRESHOLD,BENIGN,True,False,39244017664.0,Technology,
ASML.AS,crosshits,SCORE_BELOW_THRESHOLD,BENIGN,True,False,550876217344.0,Technology,
ASSA-B.ST,crosshits,SCORE_BELOW_THRESHOLD,BENIGN,True,False,35550379764.61312,Industrials,
ATCO-A.ST,crosshits,SCORE_BELOW_THRESHOLD,BENIGN,True,False,88926054855.4752,Industrials,
ATI,crosshits,SCORE_BELOW_THRESHOLD,BENIGN,True,False,22190665323.52,Industrials,
ATO,crosshits,SCORE_BELOW_THRESHOLD,BENIGN,True,False,25019053107.2,Utilities,
ATR,crosshits,SCORE_BELOW_THRESHOLD,BENIGN,True,False,7416578350.080001,Healthcare,
AUTO.L,crosshits,SCORE_BELOW_THRESHOLD,BENIGN,True,False,4793688560.64,Communication Services,
AVGO,crosshits,SCORE_BELOW_THRESHOLD,BENIGN,True,False,1606636757975.04,Technology,
AVNT,crosshits,SCORE_BELOW_THRESHOLD,BENIGN,False,False,2889567270.4,Basic Materials,
AVTR,crosshits,SCORE_BELOW_THRESHOLD,BENIGN,True,False,8085294986.240001,Healthcare,
AVY,crosshits,SCORE_BELOW_THRESHOLD,BENIGN,True,False,11262502937.6,Consumer Cyclical,
AWK,crosshits,SCORE_BELOW_THRESHOLD,BENIGN,True,False,23130559406.08,Utilities,
AXTA,crosshits,SCORE_BELOW_THRESHOLD,BENIGN,True,False,6648568857.6,Basic Materials,
AYI,crosshits,SCORE_BELOW_THRESHOLD,BENIGN,True,False,8527989258.240001,Industrials,
AZE.BR,crosshits,SCORE_BELOW_THRESHOLD,BENIGN,False,False,2752622336.0,Basic Materials,
AZN.L,crosshits,SCORE_BELOW_THRESHOLD,BENIGN,True,False,229015027204.096,Healthcare,
AZO,crosshits,SCORE_BELOW_THRESHOLD,BENIGN,True,False,42716871249.920006,Consumer Cyclical,
BA.L,crosshits,SCORE_BELOW_THRESHOLD,BENIGN,True,False,71736300511.23201,Industrials,
BALD-B.ST,crosshits,SCORE_BELOW_THRESHOLD,BENIGN,True,False,5578783046.36928,Real Estate,
BALL,crosshits,SCORE_BELOW_THRESHOLD,BENIGN,True,False,14989879444.480001,Consumer Cyclical,
BATS.L,crosshits,SCORE_BELOW_THRESHOLD,BENIGN,True,False,115230085332.992,Consumer Defensive,
BAX,crosshits,SCORE_BELOW_THRESHOLD,BENIGN,True,False,11732603658.24,Healthcare,
BBY,crosshits,SCORE_BELOW_THRESHOLD,BENIGN,True,False,15771819571.2,Consumer Cyclical,
BC.MI,crosshits,SCORE_BELOW_THRESHOLD,BENIGN,True,False,5978560000.0,Consumer Cyclical,
BDC,crosshits,SCORE_BELOW_THRESHOLD,BENIGN,True,False,4205336194.5600004,Technology,
BDX,crosshits,SCORE_BELOW_THRESHOLD,BENIGN,True,False,39588364554.240005,Healthcare,
BEI.DE,crosshits,SCORE_BELOW_THRESHOLD,BENIGN,True,False,17639237632.0,Consumer Defensive,
BEN,crosshits,SCORE_BELOW_THRESHOLD,BENIGN,True,False,15263588602.880001,Financial Services,
BF-B,crosshits,SCORE_BELOW_THRESHOLD,BENIGN,True,False,11436399572.480001,Consumer Defensive,
BIIB,crosshits,SCORE_BELOW_THRESHOLD,BENIGN,True,False,26013440291.84,Healthcare,
BILL,crosshits,SCORE_BELOW_THRESHOLD,BENIGN,True,False,3899239333.1200004,Technology,
BIO,crosshits,SCORE_BELOW_THRESHOLD,BENIGN,True,False,7556241797.120001,Healthcare,
BJ,crosshits,SCORE_BELOW_THRESHOLD,BENIGN,True,False,10831402129.92,Consumer Defensive,
BKG.L,crosshits,SCORE_BELOW_THRESHOLD,BENIGN,True,False,3752366553.6,Consumer Cyclical,
BKR,crosshits,SCORE_BELOW_THRESHOLD,BENIGN,True,False,52090647746.560005,Energy,
BLD,crosshits,SCORE_BELOW_THRESHOLD,BENIGN,True,False,8619090027.52,Industrials,
BLK,crosshits,SCORE_BELOW_THRESHOLD,BENIGN,True,False,153807704473.6,Financial Services,
BME.L,crosshits,SCORE_BELOW_THRESHOLD,BENIGN,False,False,2615304606.208,Consumer Defensive,
BMRN,crosshits,SCORE_BELOW_THRESHOLD,BENIGN,True,False,10063808371.2,Healthcare,
BMY,crosshits,SCORE_BELOW_THRESHOLD,BENIGN,True,False,115732902174.72,Healthcare,
BN.PA,crosshits,SCORE_BELOW_THRESHOLD,BENIGN,True,False,43355648000.0,Consumer Defensive,
BOSS.DE,crosshits,SCORE_BELOW_THRESHOLD,BENIGN,False,False,2572057600.0,Consumer Cyclical,
BP.L,crosshits,SCORE_BELOW_THRESHOLD,BENIGN,True,False,99792353181.696,Energy,
BR,crosshits,SCORE_BELOW_THRESHOLD,BENIGN,True,False,15446353336.320002,Technology,
BRBY.L,crosshits,SCORE_BELOW_THRESHOLD,BENIGN,True,False,4972634666.496,Consumer Cyclical,
BRKR,crosshits,SCORE_BELOW_THRESHOLD,BENIGN,True,False,8298382522.88,Healthcare,
BRO,crosshits,SCORE_BELOW_THRESHOLD,BENIGN,True,False,20435325460.48,Financial Services,
BROS,crosshits,SCORE_BELOW_THRESHOLD,BENIGN,True,False,9975737661.44,Consumer Cyclical,
BSX,crosshits,SCORE_BELOW_THRESHOLD,BENIGN,True,False,60254276567.04,Healthcare,
BSY,crosshits,SCORE_BELOW_THRESHOLD,BENIGN,True,False,9339985692.16,Technology,
BTRW.L,crosshits,SCORE_BELOW_THRESHOLD,BENIGN,True,False,4796270610.432,Consumer Cyclical,
BURL,crosshits,SCORE_BELOW_THRESHOLD,BENIGN,True,False,20084099722.24,Consumer Cyclical,
BWA,crosshits,SCORE_BELOW_THRESHOLD,BENIGN,True,False,11341717985.28,Consumer Cyclical,
BWXT,crosshits,SCORE_BELOW_THRESHOLD,BENIGN,True,False,13407551449.6,Industrials,
BYD,crosshits,SCORE_BELOW_THRESHOLD,BENIGN,True,False,5361210183.68,Consumer Cyclical,
CA.PA,crosshits,SCORE_BELOW_THRESHOLD,BENIGN,True,False,11253831680.0,Consumer Defensive,
CACI,crosshits,SCORE_BELOW_THRESHOLD,BENIGN,True,False,9538983585.28,Technology,
CAG,crosshits,SCORE_BELOW_THRESHOLD,BENIGN,True,False,6023908896.0,Consumer Defensive,
CAP.PA,crosshits,SCORE_BELOW_THRESHOLD,BENIGN,True,False,17022258176.0,Technology,
CARR,crosshits,SCORE_BELOW_THRESHOLD,BENIGN,True,False,44535869900.8,Industrials,
CART,crosshits,SCORE_BELOW_THRESHOLD,BENIGN,True,False,9093420039.68,Consumer Cyclical,
CAST.ST,crosshits,SCORE_BELOW_THRESHOLD,BENIGN,True,False,5427462823.60832,Real Estate,
CASY,crosshits,SCORE_BELOW_THRESHOLD,BENIGN,True,False,27960634178.56,Consumer Cyclical,
CAT,crosshits,SCORE_BELOW_THRESHOLD,BENIGN,True,False,325568370360.32,Industrials,
CAVA,crosshits,SCORE_BELOW_THRESHOLD,BENIGN,True,False,6590909338.88,Consumer Cyclical,
CBOE,crosshits,SCORE_BELOW_THRESHOLD,BENIGN,True,False,28164901585.920002,Financial Services,
CCH.L,crosshits,SCORE_BELOW_THRESHOLD,BENIGN,True,False,21345557839.872,Consumer Defensive,
CCK,crosshits,SCORE_BELOW_THRESHOLD,BENIGN,True,False,11119117429.76,Consumer Cyclical,
CCL,crosshits,SCORE_BELOW_THRESHOLD,BENIGN,True,False,33043023810.56,Consumer Cyclical,
CDNS,crosshits,SCORE_BELOW_THRESHOLD,BENIGN,True,False,81356709027.84001,Technology,
CDR.WA,crosshits,SCORE_BELOW_THRESHOLD,BENIGN,True,False,5786998902.00576,Communication Services,
CDW,crosshits,SCORE_BELOW_THRESHOLD,BENIGN,True,False,16381207091.2,Technology,
CELH,crosshits,SCORE_BELOW_THRESHOLD,BENIGN,True,False,6477843080.96,Consumer Defensive,
CF,crosshits,SCORE_BELOW_THRESHOLD,BENIGN,True,False,16684497305.6,Basic Materials,
CFR.SW,crosshits,SCORE_BELOW_THRESHOLD,BENIGN,True,False,120487275483.13599,Consumer Cyclical,
CGNX,crosshits,SCORE_BELOW_THRESHOLD,BENIGN,True,False,9418625108.480001,Technology,
CHD,crosshits,SCORE_BELOW_THRESHOLD,BENIGN,True,False,20310253557.760002,Consumer Defensive,
CHDN,crosshits,SCORE_BELOW_THRESHOLD,BENIGN,True,False,5097196149.76,Consumer Cyclical,
CHE,crosshits,SCORE_BELOW_THRESHOLD,BENIGN,True,False,6129010476.8,Healthcare,
CHH,crosshits,SCORE_BELOW_THRESHOLD,BENIGN,True,False,4400213615.360001,Consumer Cyclical,
CHRD,crosshits,SCORE_BELOW_THRESHOLD,BENIGN,True,False,6856095066.88,Energy,
CHTR,crosshits,SCORE_BELOW_THRESHOLD,BENIGN,True,False,16950984422.400002,Communication Services,
CIEN,crosshits,SCORE_BELOW_THRESHOLD,BENIGN,True,False,46300670371.840004,Technology,
CL,crosshits,SCORE_BELOW_THRESHOLD,BENIGN,True,False,63377197506.560005,Consumer Defensive,
CLH,crosshits,SCORE_BELOW_THRESHOLD,BENIGN,True,False,14327694625.28,Industrials,
CLX,crosshits,SCORE_BELOW_THRESHOLD,BENIGN,True,False,10021027768.32,Consumer Defensive,
CMC,crosshits,SCORE_BELOW_THRESHOLD,BENIGN,True,False,6594825497.6,Industrials,
CMCSA,crosshits,SCORE_BELOW_THRESHOLD,BENIGN,True,False,73759476592.64,Communication Services,
CME,crosshits,SCORE_BELOW_THRESHOLD,BENIGN,True,False,83533078814.72,Financial Services,
CMG,crosshits,SCORE_BELOW_THRESHOLD,BENIGN,True,False,40936397260.8,Consumer Cyclical,
CMI,crosshits,SCORE_BELOW_THRESHOLD,BENIGN,True,False,75917241405.44,Industrials,
CMS,crosshits,SCORE_BELOW_THRESHOLD,BENIGN,True,False,19292439598.08,Utilities,
CNA.L,crosshits,SCORE_BELOW_THRESHOLD,BENIGN,True,False,8206385686.016001,Utilities,
CNM,crosshits,SCORE_BELOW_THRESHOLD,BENIGN,True,False,7382386469.120001,Industrials,
CNP,crosshits,SCORE_BELOW_THRESHOLD,BENIGN,True,False,24023329889.280003,Utilities,
COHR,crosshits,SCORE_BELOW_THRESHOLD,BENIGN,True,False,44616934430.72,Technology,
COIN,crosshits,SCORE_BELOW_THRESHOLD,BENIGN,True,False,33475774228.480003,Financial Services,
COKE,crosshits,SCORE_BELOW_THRESHOLD,BENIGN,True,False,10850196316.16,Consumer Defensive,
COLM,crosshits,SCORE_BELOW_THRESHOLD,BENIGN,False,False,2634372255.36,Consumer Cyclical,
COLR.BR,crosshits,SCORE_BELOW_THRESHOLD,BENIGN,True,False,4641865728.0,Consumer Defensive,
COO,crosshits,SCORE_BELOW_THRESHOLD,BENIGN,True,False,12235753436.16,Healthcare,
COTY,crosshits,SCORE_BELOW_THRESHOLD,BENIGN,False,False,2100462842.88,Consumer Defensive,
CPB,crosshits,SCORE_BELOW_THRESHOLD,BENIGN,True,False,5686091904.0,Consumer Defensive,
CPG.L,crosshits,SCORE_BELOW_THRESHOLD,BENIGN,True,False,46772936816.64,Consumer Cyclical,
CPR.MI,crosshits,SCORE_BELOW_THRESHOLD,BENIGN,True,False,7071439872.0,Consumer Defensive,
CPRT,crosshits,SCORE_BELOW_THRESHOLD,BENIGN,True,False,24334712698.88,Industrials,
CR,crosshits,SCORE_BELOW_THRESHOLD,BENIGN,True,False,10693147558.400002,Industrials,
CRDA.L,crosshits,SCORE_BELOW_THRESHOLD,BENIGN,True,False,5221105186.304,Basic Materials,
CRH,crosshits,SCORE_BELOW_THRESHOLD,BENIGN,True,False,54833531176.96001,Basic Materials,
CRL,crosshits,SCORE_BELOW_THRESHOLD,BENIGN,True,False,9715546956.800001,Healthcare,
CRM,crosshits,SCORE_BELOW_THRESHOLD,BENIGN,True,False,130742994452.48001,Technology,
CROX,crosshits,SCORE_BELOW_THRESHOLD,BENIGN,True,False,5324236972.8,Consumer Cyclical,
CRS,crosshits,SCORE_BELOW_THRESHOLD,BENIGN,True,False,22398523320.32,Industrials,
CRUS,crosshits,SCORE_BELOW_THRESHOLD,BENIGN,True,False,5661356633.6,Technology,
CRWD,crosshits,SCORE_BELOW_THRESHOLD,BENIGN,True,False,168594252800.0,Technology,
CSCO,crosshits,SCORE_BELOW_THRESHOLD,BENIGN,True,False,396592354344.96,Technology,
CSGP,crosshits,SCORE_BELOW_THRESHOLD,BENIGN,True,False,10109396953.6,Real Estate,
CSL,crosshits,SCORE_BELOW_THRESHOLD,BENIGN,True,False,12399967383.04,Industrials,
CSX,crosshits,SCORE_BELOW_THRESHOLD,BENIGN,True,False,80993912033.28,Industrials,
CTAS,crosshits,SCORE_BELOW_THRESHOLD,BENIGN,True,False,71036711833.6,Industrials,
CTEC.L,crosshits,SCORE_BELOW_THRESHOLD,BENIGN,True,False,5117856712.192,Healthcare,
CTSH,crosshits,SCORE_BELOW_THRESHOLD,BENIGN,True,False,22711625917.440002,Technology,
CTVA,crosshits,SCORE_BELOW_THRESHOLD,BENIGN,True,False,45667646433.28,Basic Materials,
CVLT,crosshits,SCORE_BELOW_THRESHOLD,BENIGN,True,False,4235282350.0800004,Technology,
CVX,crosshits,SCORE_BELOW_THRESHOLD,BENIGN,True,False,340065354792.96,Energy,
CW,crosshits,SCORE_BELOW_THRESHOLD,BENIGN,True,False,23201637442.56,Industrials,
CXT,crosshits,SCORE_BELOW_THRESHOLD,BENIGN,False,False,2593240374.4,Industrials,
D,crosshits,SCORE_BELOW_THRESHOLD,BENIGN,True,False,52775929774.08,Utilities,
DAL,crosshits,SCORE_BELOW_THRESHOLD,BENIGN,True,False,49883471022.08,Industrials,
DAR,crosshits,SCORE_BELOW_THRESHOLD,BENIGN,True,False,8360405913.6,Consumer Defensive,
DASH,crosshits,SCORE_BELOW_THRESHOLD,BENIGN,True,False,74145732341.76001,Consumer Cyclical,
DB1.DE,crosshits,SCORE_BELOW_THRESHOLD,BENIGN,True,False,47289450496.0,Financial Services,
DBX,crosshits,SCORE_BELOW_THRESHOLD,BENIGN,True,False,6589763850.240001,Technology,
DCI,crosshits,SCORE_BELOW_THRESHOLD,BENIGN,True,False,9476099412.480001,Industrials,
DD,crosshits,SCORE_BELOW_THRESHOLD,BENIGN,True,False,16046719078.400002,Basic Materials,
DDOG,crosshits,SCORE_BELOW_THRESHOLD,BENIGN,True,False,82747924746.24,Technology,
DECK,crosshits,SCORE_BELOW_THRESHOLD,BENIGN,True,False,11445185945.6,Consumer Cyclical,
DEMANT.CO,crosshits,SCORE_BELOW_THRESHOLD,BENIGN,True,False,7919841710.24384,Healthcare,
DG,crosshits,SCORE_BELOW_THRESHOLD,BENIGN,True,False,24312149370.88,Consumer Defensive,
DG.PA,crosshits,SCORE_BELOW_THRESHOLD,BENIGN,True,False,67807633408.0,Industrials,
DGX,crosshits,SCORE_BELOW_THRESHOLD,BENIGN,True,False,22310448168.960003,Healthcare,
DHI,crosshits,SCORE_BELOW_THRESHOLD,BENIGN,True,False,34712201963.520004,Consumer Cyclical,
DHR,crosshits,SCORE_BELOW_THRESHOLD,BENIGN,True,False,118906677657.6,Healthcare,
DIS,crosshits,SCORE_BELOW_THRESHOLD,BENIGN,True,False,144902900531.2,Communication Services,
DKS,crosshits,SCORE_BELOW_THRESHOLD,BENIGN,True,False,15211127976.960001,Consumer Cyclical,
DLB,crosshits,SCORE_BELOW_THRESHOLD,BENIGN,True,False,4778764076.8,Industrials,
DLTR,crosshits,SCORE_BELOW_THRESHOLD,BENIGN,True,False,21207364372.48,Consumer Defensive,
DOCS,crosshits,SCORE_BELOW_THRESHOLD,BENIGN,True,False,3260625863.04,Healthcare,
DOCU,crosshits,SCORE_BELOW_THRESHOLD,BENIGN,True,False,9082284948.480001,Technology,
DOV,crosshits,SCORE_BELOW_THRESHOLD,BENIGN,True,False,23906796518.4,Industrials,
DPLM.L,crosshits,SCORE_BELOW_THRESHOLD,BENIGN,True,False,11474602940.416,Industrials,
DPZ,crosshits,SCORE_BELOW_THRESHOLD,BENIGN,True,False,9970974489.6,Consumer Cyclical,
DRI,crosshits,SCORE_BELOW_THRESHOLD,BENIGN,True,False,20227527869.440002,Consumer Cyclical,
DSFIR.AS,crosshits,SCORE_BELOW_THRESHOLD,BENIGN,True,False,23052726272.0,Basic Materials,
DT,crosshits,SCORE_BELOW_THRESHOLD,BENIGN,True,False,11206542330.880001,Technology,
DTE.DE,crosshits,SCORE_BELOW_THRESHOLD,BENIGN,True,False,129465491456.0,Communication Services,
DTM,crosshits,SCORE_BELOW_THRESHOLD,BENIGN,True,False,12212761049.6,Energy,
DUK,crosshits,SCORE_BELOW_THRESHOLD,BENIGN,True,False,84828277800.96,Utilities,
DUOL,crosshits,SCORE_BELOW_THRESHOLD,BENIGN,True,False,5448956656.64,Technology,
DVA,crosshits,SCORE_BELOW_THRESHOLD,BENIGN,True,False,13368327680.0,Healthcare,
DVN,crosshits,SCORE_BELOW_THRESHOLD,BENIGN,True,False,45156052285.44,Energy,
DXCM,crosshits,SCORE_BELOW_THRESHOLD,BENIGN,True,False,27318229580.800003,Healthcare,
DY,crosshits,SCORE_BELOW_THRESHOLD,BENIGN,True,False,10444318466.560001,Industrials,
EA,crosshits,SCORE_BELOW_THRESHOLD,BENIGN,True,False,45650199828.48,Communication Services,
EBAY,crosshits,SCORE_BELOW_THRESHOLD,BENIGN,True,False,43913232199.68,Consumer Cyclical,
ECL,crosshits,SCORE_BELOW_THRESHOLD,BENIGN,True,False,67782539837.44,Basic Materials,
ED,crosshits,SCORE_BELOW_THRESHOLD,BENIGN,True,False,34799292856.32,Utilities,
EDEN.PA,crosshits,SCORE_BELOW_THRESHOLD,BENIGN,True,False,6758515200.0,Financial Services,
EDPR.LS,crosshits,SCORE_BELOW_THRESHOLD,BENIGN,True,False,14252950528.0,Utilities,
EFX,crosshits,SCORE_BELOW_THRESHOLD,BENIGN,True,False,17593110087.68,Industrials,
EHC,crosshits,SCORE_BELOW_THRESHOLD,BENIGN,True,False,9558150865.92,Healthcare,
EIX,crosshits,SCORE_BELOW_THRESHOLD,BENIGN,True,False,24492824775.68,Utilities,
EL,crosshits,SCORE_BELOW_THRESHOLD,BENIGN,True,False,26332610114.56,Consumer Defensive,
EL.PA,crosshits,SCORE_BELOW_THRESHOLD,BENIGN,True,False,75395997696.0,Healthcare,
ELAN,crosshits,SCORE_BELOW_THRESHOLD,BENIGN,True,False,11425395952.640001,Healthcare,
ELF,crosshits,SCORE_BELOW_THRESHOLD,BENIGN,True,False,4237989949.44,Consumer Defensive,
ELISA.HE,crosshits,SCORE_BELOW_THRESHOLD,BENIGN,True,False,5616896000.0,Communication Services,
EME,crosshits,SCORE_BELOW_THRESHOLD,BENIGN,True,False,30513927024.640003,Industrials,
EMR,crosshits,SCORE_BELOW_THRESHOLD,BENIGN,True,False,72795549900.8,Industrials,
EN.PA,crosshits,SCORE_BELOW_THRESHOLD,BENIGN,True,False,18819278848.0,Industrials,
ENG.MC,crosshits,SCORE_BELOW_THRESHOLD,BENIGN,True,False,4404242944.0,Utilities,
ENI.MI,crosshits,SCORE_BELOW_THRESHOLD,BENIGN,True,False,69590024192.0,Energy,
ENS,crosshits,SCORE_BELOW_THRESHOLD,BENIGN,True,False,5883959854.08,Industrials,
ENSG,crosshits,SCORE_BELOW_THRESHOLD,BENIGN,True,False,9007771778.560001,Healthcare,
ENT.L,crosshits,SCORE_BELOW_THRESHOLD,BENIGN,True,False,4049957368.576,Consumer Cyclical,
ENTG,crosshits,SCORE_BELOW_THRESHOLD,BENIGN,True,False,15728915491.84,Technology,
ENX.PA,crosshits,SCORE_BELOW_THRESHOLD,BENIGN,True,False,15818782720.0,Financial Services,
EOG,crosshits,SCORE_BELOW_THRESHOLD,BENIGN,True,False,68702995701.76,Energy,
EPAM,crosshits,SCORE_BELOW_THRESHOLD,BENIGN,True,False,4784196597.76,Technology,
EPI-A.ST,crosshits,SCORE_BELOW_THRESHOLD,BENIGN,True,False,26770183332.82304,Industrials,
EQT,crosshits,SCORE_BELOW_THRESHOLD,BENIGN,True,False,28917027916.800003,Energy,
ES,crosshits,SCORE_BELOW_THRESHOLD,BENIGN,True,False,23356194462.72,Utilities,
ESAB,crosshits,SCORE_BELOW_THRESHOLD,BENIGN,True,False,4664222319.360001,Industrials,
ETN,crosshits,SCORE_BELOW_THRESHOLD,BENIGN,True,False,139860227686.4,Industrials,
ETR,crosshits,SCORE_BELOW_THRESHOLD,BENIGN,True,False,43564879288.32,Utilities,
EVD.DE,crosshits,SCORE_BELOW_THRESHOLD,BENIGN,True,False,5615491072.0,Communication Services,
EVRG,crosshits,SCORE_BELOW_THRESHOLD,BENIGN,True,False,16599513507.84,Utilities,
EXC,crosshits,SCORE_BELOW_THRESHOLD,BENIGN,True,False,40951409868.8,Utilities,
EXE,crosshits,SCORE_BELOW_THRESHOLD,BENIGN,True,False,19514142950.4,Energy,
EXEL,crosshits,SCORE_BELOW_THRESHOLD,BENIGN,True,False,11563219688.960001,Healthcare,
EXLS,crosshits,SCORE_BELOW_THRESHOLD,BENIGN,True,False,4497054708.4800005,Technology,
EXP,crosshits,SCORE_BELOW_THRESHOLD,BENIGN,True,False,5453626554.88,Basic Materials,
EXPD,crosshits,SCORE_BELOW_THRESHOLD,BENIGN,True,False,19049018598.4,Industrials,
EXPE,crosshits,SCORE_BELOW_THRESHOLD,BENIGN,True,False,30688076830.72,Consumer Cyclical,
EXPN.L,crosshits,SCORE_BELOW_THRESHOLD,BENIGN,True,False,28827560050.688,Industrials,
EXPO,crosshits,SCORE_BELOW_THRESHOLD,BENIGN,False,False,2813304554.2400002,Industrials,
EZJ.L,crosshits,SCORE_BELOW_THRESHOLD,BENIGN,True,False,5505306032.128,Industrials,
FANG,crosshits,SCORE_BELOW_THRESHOLD,BENIGN,True,False,49527773480.96,Energy,
FCFS,crosshits,SCORE_BELOW_THRESHOLD,BENIGN,True,False,7675883399.68,Financial Services,
FCN,crosshits,SCORE_BELOW_THRESHOLD,BENIGN,True,False,3817636037.1200004,Industrials,
FCX,crosshits,SCORE_BELOW_THRESHOLD,BENIGN,True,False,78104818237.44,Basic Materials,
FDS,crosshits,SCORE_BELOW_THRESHOLD,BENIGN,True,False,8120539082.240001,Financial Services,
FDX,crosshits,SCORE_BELOW_THRESHOLD,BENIGN,True,False,63088983859.200005,Industrials,
FE,crosshits,SCORE_BELOW_THRESHOLD,BENIGN,True,False,24241428439.04,Utilities,
FFIV,crosshits,SCORE_BELOW_THRESHOLD,BENIGN,True,False,19845313976.32,Technology,
FHI,crosshits,SCORE_BELOW_THRESHOLD,BENIGN,True,False,3948619709.44,Financial Services,
FIS,crosshits,SCORE_BELOW_THRESHOLD,BENIGN,True,False,20074539622.4,Technology,
FIVE,crosshits,SCORE_BELOW_THRESHOLD,BENIGN,True,False,10415448066.560001,Consumer Cyclical,
FIX,crosshits,SCORE_BELOW_THRESHOLD,BENIGN,True,False,52809302179.840004,Industrials,
FLS,crosshits,SCORE_BELOW_THRESHOLD,BENIGN,True,False,8425207969.280001,Industrials,
FLTR.L,crosshits,SCORE_BELOW_THRESHOLD,BENIGN,True,False,15388421823.488,Consumer Cyclical,
FME.DE,crosshits,SCORE_BELOW_THRESHOLD,BENIGN,True,False,11937698816.0,Healthcare,
FND,crosshits,SCORE_BELOW_THRESHOLD,BENIGN,True,False,5318319429.12,Consumer Cyclical,
FNTN.DE,crosshits,SCORE_BELOW_THRESHOLD,BENIGN,False,False,2869288192.0,Communication Services,
FORTUM.HE,crosshits,SCORE_BELOW_THRESHOLD,BENIGN,True,False,17698541568.0,Utilities,
FOUR,crosshits,SCORE_BELOW_THRESHOLD,BENIGN,True,False,4557747395.84,Technology,
FOX,crosshits,SCORE_BELOW_THRESHOLD,BENIGN,True,False,18919862200.32,Communication Services,
FOXA,crosshits,SCORE_BELOW_THRESHOLD,BENIGN,True,False,21211081103.36,Communication Services,
FR.PA,crosshits,SCORE_BELOW_THRESHOLD,BENIGN,True,False,3593738496.0,Consumer Cyclical,
FRA.DE,crosshits,SCORE_BELOW_THRESHOLD,BENIGN,True,False,6255507968.0,Industrials,
FSLR,crosshits,SCORE_BELOW_THRESHOLD,BENIGN,True,False,19674335472.64,Technology,
FTI,crosshits,SCORE_BELOW_THRESHOLD,BENIGN,True,False,24378919055.36,Energy,
FTV,crosshits,SCORE_BELOW_THRESHOLD,BENIGN,True,False,15659086433.28,Technology,
G,crosshits,SCORE_BELOW_THRESHOLD,BENIGN,True,False,5171639142.400001,Technology,
G1A.DE,crosshits,SCORE_BELOW_THRESHOLD,BENIGN,True,False,10036722688.0,Industrials,
GALP.LS,crosshits,SCORE_BELOW_THRESHOLD,BENIGN,True,False,15872198656.0,Energy,
GAP,crosshits,SCORE_BELOW_THRESHOLD,BENIGN,True,False,6273740012.8,Consumer Cyclical,
GATX,crosshits,SCORE_BELOW_THRESHOLD,BENIGN,True,False,5508953345.280001,Industrials,
GAW.L,crosshits,SCORE_BELOW_THRESHOLD,BENIGN,True,False,7385945050.624001,Consumer Cyclical,
GD,crosshits,SCORE_BELOW_THRESHOLD,BENIGN,True,False,89991882977.28,Industrials,
GDDY,crosshits,SCORE_BELOW_THRESHOLD,BENIGN,True,False,9503974894.08,Technology,
GE,crosshits,SCORE_BELOW_THRESHOLD,BENIGN,True,False,324093787586.56,Industrials,
GEBN.SW,crosshits,SCORE_BELOW_THRESHOLD,BENIGN,True,False,18838441131.008,Industrials,
GEF,crosshits,SCORE_BELOW_THRESHOLD,BENIGN,True,False,4268280773.1200004,Consumer Cyclical,
GEHC,crosshits,SCORE_BELOW_THRESHOLD,BENIGN,True,False,26841956812.800003,Healthcare,
GEN,crosshits,SCORE_BELOW_THRESHOLD,BENIGN,True,False,14253841477.12,Technology,
GET.PA,crosshits,SCORE_BELOW_THRESHOLD,BENIGN,True,False,10031008768.0,Industrials,
GEV,crosshits,SCORE_BELOW_THRESHOLD,BENIGN,True,False,228800943841.28,Industrials,
GF.SW,crosshits,SCORE_BELOW_THRESHOLD,BENIGN,True,False,4552841770.368,Industrials,
GGG,crosshits,SCORE_BELOW_THRESHOLD,BENIGN,True,False,11152488058.880001,Industrials,
GHC,crosshits,SCORE_BELOW_THRESHOLD,BENIGN,True,False,4421565274.88,Industrials,
GILD,crosshits,SCORE_BELOW_THRESHOLD,BENIGN,True,False,140244237762.56,Healthcare,
GIS,crosshits,SCORE_BELOW_THRESHOLD,BENIGN,True,False,16551965291.52,Consumer Defensive,
GIVN.SW,crosshits,SCORE_BELOW_THRESHOLD,BENIGN,True,False,32008714320.895996,Basic Materials,
GLW,crosshits,SCORE_BELOW_THRESHOLD,BENIGN,True,False,103097978593.28,Technology,
GM,crosshits,SCORE_BELOW_THRESHOLD,BENIGN,True,False,69720598241.28,Consumer Cyclical,
GME,crosshits,SCORE_BELOW_THRESHOLD,BENIGN,True,False,8454285347.84,Consumer Cyclical,
GMED,crosshits,SCORE_BELOW_THRESHOLD,BENIGN,True,False,9278189711.36,Healthcare,
GNRC,crosshits,SCORE_BELOW_THRESHOLD,BENIGN,True,False,10066127774.720001,Industrials,
GNTX,crosshits,SCORE_BELOW_THRESHOLD,BENIGN,True,False,4315426580.4800005,Consumer Cyclical,
GPC,crosshits,SCORE_BELOW_THRESHOLD,BENIGN,True,False,14873823989.76,Consumer Cyclical,
GPK,crosshits,SCORE_BELOW_THRESHOLD,BENIGN,False,False,2754201071.36,Consumer Cyclical,
GPN,crosshits,SCORE_BELOW_THRESHOLD,BENIGN,True,False,19952100700.16,Industrials,
GRF.MC,crosshits,SCORE_BELOW_THRESHOLD,BENIGN,True,False,6781293056.0,Healthcare,
GRG.L,crosshits,SCORE_BELOW_THRESHOLD,BENIGN,False,False,2240685781.376,Consumer Cyclical,
GRMN,crosshits,SCORE_BELOW_THRESHOLD,BENIGN,True,False,49150205501.44,Technology,
GSK.L,crosshits,SCORE_BELOW_THRESHOLD,BENIGN,True,False,90443642691.584,Healthcare,
GTLS,crosshits,SCORE_BELOW_THRESHOLD,BENIGN,True,False,8716395712.0,Industrials,
GWRE,crosshits,SCORE_BELOW_THRESHOLD,BENIGN,True,False,10973851348.480001,Technology,
GWW,crosshits,SCORE_BELOW_THRESHOLD,BENIGN,True,False,56612111267.840004,Industrials,
GXO,crosshits,SCORE_BELOW_THRESHOLD,BENIGN,True,False,5006201534.72,Industrials,
H,crosshits,SCORE_BELOW_THRESHOLD,BENIGN,True,False,14229468641.28,Consumer Cyclical,
HAE,crosshits,SCORE_BELOW_THRESHOLD,BENIGN,True,False,3372362528.0,Healthcare,
HAL,crosshits,SCORE_BELOW_THRESHOLD,BENIGN,True,False,23371818234.88,Energy,
HALO,crosshits,SCORE_BELOW_THRESHOLD,BENIGN,True,False,8493100490.240001,Healthcare,
HAS,crosshits,SCORE_BELOW_THRESHOLD,BENIGN,True,False,11494129712.640001,Consumer Cyclical,
HCA,crosshits,SCORE_BELOW_THRESHOLD,BENIGN,True,False,77476847063.04001,Healthcare,
HD,crosshits,SCORE_BELOW_THRESHOLD,BENIGN,True,False,287144962867.2,Consumer Cyclical,
HEI.DE,crosshits,SCORE_BELOW_THRESHOLD,BENIGN,True,False,28304107520.0,Basic Materials,
HGV,crosshits,SCORE_BELOW_THRESHOLD,BENIGN,True,False,3111021448.96,Consumer Cyclical,
HII,crosshits,SCORE_BELOW_THRESHOLD,BENIGN,True,False,11159201093.12,Industrials,
HIK.L,crosshits,SCORE_BELOW_THRESHOLD,BENIGN,True,False,3871566696.704,Healthcare,
HIMS,crosshits,SCORE_BELOW_THRESHOLD,BENIGN,True,False,5575926010.88,Healthcare,
HLI,crosshits,SCORE_BELOW_THRESHOLD,BENIGN,True,False,7608023746.56,Financial Services,
HLMA.L,crosshits,SCORE_BELOW_THRESHOLD,BENIGN,True,False,15585159174.144001,Industrials,
HLN.L,crosshits,SCORE_BELOW_THRESHOLD,BENIGN,True,False,37405660952.576004,Healthcare,
HLNE,crosshits,SCORE_BELOW_THRESHOLD,BENIGN,True,False,5169373926.400001,Financial Services,
HLT,crosshits,SCORE_BELOW_THRESHOLD,BENIGN,True,False,62573687193.600006,Consumer Cyclical,
HM-B.ST,crosshits,SCORE_BELOW_THRESHOLD,BENIGN,True,False,25205910381.52704,Consumer Cyclical,
HON,crosshits,SCORE_BELOW_THRESHOLD,BENIGN,True,False,66825492295.68,Industrials,
HOOD,crosshits,SCORE_BELOW_THRESHOLD,BENIGN,True,False,67512810352.64001,Financial Services,
HPE,crosshits,SCORE_BELOW_THRESHOLD,BENIGN,True,False,55024960583.68,Technology,
HQY,crosshits,SCORE_BELOW_THRESHOLD,BENIGN,True,False,7316653009.92,Healthcare,
HRB,crosshits,SCORE_BELOW_THRESHOLD,BENIGN,True,False,4841735749.12,Consumer Cyclical,
HSIC,crosshits,SCORE_BELOW_THRESHOLD,BENIGN,True,False,8474054021.120001,Healthcare,
HSY,crosshits,SCORE_BELOW_THRESHOLD,BENIGN,True,False,30511741757.440002,Consumer Defensive,
HUBB,crosshits,SCORE_BELOW_THRESHOLD,BENIGN,True,False,21661805788.16,Industrials,
HWDN.L,crosshits,SCORE_BELOW_THRESHOLD,BENIGN,True,False,5046387082.24,Consumer Cyclical,
HWM,crosshits,SCORE_BELOW_THRESHOLD,BENIGN,True,False,97970545807.36,Industrials,
HXL,crosshits,SCORE_BELOW_THRESHOLD,BENIGN,True,False,6753864536.320001,Industrials,
IAG.L,crosshits,SCORE_BELOW_THRESHOLD,BENIGN,True,False,22234568237.056,Industrials,
IBE.MC,crosshits,SCORE_BELOW_THRESHOLD,BENIGN,True,False,137800368128.0,Utilities,
IBKR,crosshits,SCORE_BELOW_THRESHOLD,BENIGN,True,False,129474885672.96,Financial Services,
IBM,crosshits,SCORE_BELOW_THRESHOLD,BENIGN,True,False,182789492695.04,Technology,
ICE,crosshits,SCORE_BELOW_THRESHOLD,BENIGN,True,False,74259238318.08,Financial Services,
IDA,crosshits,SCORE_BELOW_THRESHOLD,BENIGN,True,False,7170934329.6,Utilities,
IDCC,crosshits,SCORE_BELOW_THRESHOLD,BENIGN,True,False,6824029824.0,Technology,
IDXX,crosshits,SCORE_BELOW_THRESHOLD,BENIGN,True,False,38257721600.0,Healthcare,
IEX,crosshits,SCORE_BELOW_THRESHOLD,BENIGN,True,False,14737740472.320002,Industrials,
IFX.DE,crosshits,SCORE_BELOW_THRESHOLD,BENIGN,True,False,80140140544.0,Technology,
IGG.L,crosshits,SCORE_BELOW_THRESHOLD,BENIGN,True,False,5630819149.312,Financial Services,
IHG.L,crosshits,SCORE_BELOW_THRESHOLD,BENIGN,True,False,20571352125.440002,Consumer Cyclical,
ILMN,crosshits,SCORE_BELOW_THRESHOLD,BENIGN,True,False,26919940648.960003,Healthcare,
IMB.L,crosshits,SCORE_BELOW_THRESHOLD,BENIGN,True,False,25356298756.096,Consumer Defensive,
IMI.L,crosshits,SCORE_BELOW_THRESHOLD,BENIGN,True,False,8128642884.096001,Industrials,
INCY,crosshits,SCORE_BELOW_THRESHOLD,BENIGN,True,False,21016430648.32,Healthcare,
INDT.ST,crosshits,SCORE_BELOW_THRESHOLD,BENIGN,True,False,7885710304.21504,Industrials,
INF.L,crosshits,SCORE_BELOW_THRESHOLD,BENIGN,True,False,12943079417.856,Communication Services,
INPST.AS,crosshits,SCORE_BELOW_THRESHOLD,BENIGN,True,False,7729113088.0,Industrials,
INTC,crosshits,SCORE_BELOW_THRESHOLD,BENIGN,True,False,394685408460.80005,Technology,
INTU,crosshits,SCORE_BELOW_THRESHOLD,BENIGN,True,False,75001305313.28,Technology,
IP,crosshits,SCORE_BELOW_THRESHOLD,BENIGN,True,False,18755505233.920002,Consumer Cyclical,
IPGP,crosshits,SCORE_BELOW_THRESHOLD,BENIGN,True,False,3131895192.32,Technology,
IPN.PA,crosshits,SCORE_BELOW_THRESHOLD,BENIGN,True,False,13819194368.0,Healthcare,
IQV,crosshits,SCORE_BELOW_THRESHOLD,BENIGN,True,False,33558622504.960003,Healthcare,
IR,crosshits,SCORE_BELOW_THRESHOLD,BENIGN,True,False,28306233297.920002,Industrials,
ISRG,crosshits,SCORE_BELOW_THRESHOLD,BENIGN,True,False,109817152901.12001,Healthcare,
IT,crosshits,SCORE_BELOW_THRESHOLD,BENIGN,True,False,8771356958.720001,Technology,
ITRK.L,crosshits,SCORE_BELOW_THRESHOLD,BENIGN,True,False,10479125185.536001,Industrials,
ITT,crosshits,SCORE_BELOW_THRESHOLD,BENIGN,True,False,15273905551.36,Industrials,
ITW,crosshits,SCORE_BELOW_THRESHOLD,BENIGN,True,False,71616912711.68001,Industrials,
ITX.MC,crosshits,SCORE_BELOW_THRESHOLD,BENIGN,True,False,175718416384.0,Consumer Cyclical,
IVZ,crosshits,SCORE_BELOW_THRESHOLD,BENIGN,True,False,11336837555.2,Financial Services,
J,crosshits,SCORE_BELOW_THRESHOLD,BENIGN,True,False,13821576081.92,Industrials,
JAZZ,crosshits,SCORE_BELOW_THRESHOLD,BENIGN,True,False,13763017139.2,Healthcare,
JBHT,crosshits,SCORE_BELOW_THRESHOLD,BENIGN,True,False,22136278819.84,Industrials,
JCI,crosshits,SCORE_BELOW_THRESHOLD,BENIGN,True,False,77067004641.28,Industrials,
JD.L,crosshits,SCORE_BELOW_THRESHOLD,BENIGN,True,False,5003611483.136001,Consumer Cyclical,
JHG,crosshits,SCORE_BELOW_THRESHOLD,BENIGN,True,False,6943668317.440001,Financial Services,
JKHY,crosshits,SCORE_BELOW_THRESHOLD,BENIGN,True,False,9494494743.04,Technology,
JNJ,crosshits,SCORE_BELOW_THRESHOLD,BENIGN,True,False,535921949409.28,Healthcare,
KBR,crosshits,SCORE_BELOW_THRESHOLD,BENIGN,True,False,4003807921.92,Industrials,
KDP,crosshits,SCORE_BELOW_THRESHOLD,BENIGN,True,False,36730482769.920006,Consumer Defensive,
KEX,crosshits,SCORE_BELOW_THRESHOLD,BENIGN,True,False,6083186045.440001,Industrials,
KEYS,crosshits,SCORE_BELOW_THRESHOLD,BENIGN,True,False,47304159283.200005,Technology,
KGF.L,crosshits,SCORE_BELOW_THRESHOLD,BENIGN,True,False,5903414537.216001,Consumer Cyclical,
KHC,crosshits,SCORE_BELOW_THRESHOLD,BENIGN,True,False,26590915804.16,Consumer Defensive,
KKR,crosshits,SCORE_BELOW_THRESHOLD,BENIGN,True,False,82046024028.16,Financial Services,
KLAC,crosshits,SCORE_BELOW_THRESHOLD,BENIGN,True,False,207170493972.48,Technology,
KMB,crosshits,SCORE_BELOW_THRESHOLD,BENIGN,True,False,31476716666.88,Consumer Defensive,
KMI,crosshits,SCORE_BELOW_THRESHOLD,BENIGN,True,False,62108569948.16,Energy,
KNEBV.HE,crosshits,SCORE_BELOW_THRESHOLD,BENIGN,True,False,25966010368.0,Industrials,
KNF,crosshits,SCORE_BELOW_THRESHOLD,BENIGN,True,False,3602449400.32,Basic Materials,
KNIN.SW,crosshits,SCORE_BELOW_THRESHOLD,BENIGN,True,False,26224475094.016,Industrials,
KO,crosshits,SCORE_BELOW_THRESHOLD,BENIGN,True,False,326926263418.88,Consumer Defensive,
KPN.AS,crosshits,SCORE_BELOW_THRESHOLD,BENIGN,True,False,15764564992.0,Communication Services,
KR,crosshits,SCORE_BELOW_THRESHOLD,BENIGN,True,False,30687167191.04,Consumer Defensive,
KTOS,crosshits,SCORE_BELOW_THRESHOLD,BENIGN,True,False,7580588871.68,Industrials,
KVUE,crosshits,SCORE_BELOW_THRESHOLD,BENIGN,True,False,32046289684.480003,Consumer Defensive,
LDO.MI,crosshits,SCORE_BELOW_THRESHOLD,BENIGN,True,False,31797950464.0,Industrials,
LDOS,crosshits,SCORE_BELOW_THRESHOLD,BENIGN,True,False,12614143111.68,Technology,
LECO,crosshits,SCORE_BELOW_THRESHOLD,BENIGN,True,False,12355714833.92,Industrials,
LEG.DE,crosshits,SCORE_BELOW_THRESHOLD,BENIGN,True,False,3999962880.0,Real Estate,
LEN,crosshits,SCORE_BELOW_THRESHOLD,BENIGN,True,False,17209217269.760002,Consumer Cyclical,
LFUS,crosshits,SCORE_BELOW_THRESHOLD,BENIGN,True,False,9741633361.92,Technology,
LHA.DE,crosshits,SCORE_BELOW_THRESHOLD,BENIGN,True,False,10861697024.0,Industrials,
LHX,crosshits,SCORE_BELOW_THRESHOLD,BENIGN,True,False,44756599654.4,Industrials,
LII,crosshits,SCORE_BELOW_THRESHOLD,BENIGN,True,False,12468659392.0,Industrials,
LIN,crosshits,SCORE_BELOW_THRESHOLD,BENIGN,True,False,191871662161.92,Basic Materials,
LISN.SW,crosshits,SCORE_BELOW_THRESHOLD,BENIGN,True,False,110888977117.18399,Consumer Defensive,
LITE,crosshits,SCORE_BELOW_THRESHOLD,BENIGN,True,False,48184882370.560005,Technology,
LIVN,crosshits,SCORE_BELOW_THRESHOLD,BENIGN,True,False,3819059125.76,Healthcare,
LLY,crosshits,SCORE_BELOW_THRESHOLD,BENIGN,True,False,888726097264.64,Healthcare,
LNT,crosshits,SCORE_BELOW_THRESHOLD,BENIGN,True,False,15858636861.44,Utilities,
LNTH,crosshits,SCORE_BELOW_THRESHOLD,BENIGN,True,False,5627619572.4800005,Healthcare,
LOGN.SW,crosshits,SCORE_BELOW_THRESHOLD,BENIGN,True,False,12616736604.159998,Technology,
LONN.SW,crosshits,SCORE_BELOW_THRESHOLD,BENIGN,True,False,42152509255.67999,Healthcare,
LOPE,crosshits,SCORE_BELOW_THRESHOLD,BENIGN,True,False,3286343615.36,Consumer Defensive,
LOW,crosshits,SCORE_BELOW_THRESHOLD,BENIGN,True,False,101134372106.24,Consumer Cyclical,
LPP.WA,crosshits,SCORE_BELOW_THRESHOLD,BENIGN,True,False,9357222495.4368,Consumer Cyclical,
LRCX,crosshits,SCORE_BELOW_THRESHOLD,BENIGN,True,False,318068391198.72003,Technology,
LSCC,crosshits,SCORE_BELOW_THRESHOLD,BENIGN,True,False,15281163125.76,Technology,
LSEG.L,crosshits,SCORE_BELOW_THRESHOLD,BENIGN,True,False,47801223249.92,Financial Services,
LSG.OL,crosshits,SCORE_BELOW_THRESHOLD,BENIGN,False,False,2261170814.976,Consumer Defensive,
LSTR,crosshits,SCORE_BELOW_THRESHOLD,BENIGN,True,False,5145278246.400001,Industrials,
LULU,crosshits,SCORE_BELOW_THRESHOLD,BENIGN,True,False,11709649469.44,Consumer Cyclical,
LUV,crosshits,SCORE_BELOW_THRESHOLD,BENIGN,True,False,19084734392.32,Industrials,
LVS,crosshits,SCORE_BELOW_THRESHOLD,BENIGN,True,False,27470350827.52,Consumer Cyclical,
LYV,crosshits,SCORE_BELOW_THRESHOLD,BENIGN,True,False,35190345533.44,Communication Services,
M,crosshits,SCORE_BELOW_THRESHOLD,BENIGN,True,False,5663562332.16,Consumer Cyclical,
MA,crosshits,SCORE_BELOW_THRESHOLD,BENIGN,True,False,435520782417.92004,Financial Services,
MANH,crosshits,SCORE_BELOW_THRESHOLD,BENIGN,True,False,9821607923.2,Technology,
MAR,crosshits,SCORE_BELOW_THRESHOLD,BENIGN,True,False,85284817428.48001,Consumer Cyclical,
MASI,crosshits,SCORE_BELOW_THRESHOLD,BENIGN,True,False,8175161879.040001,Healthcare,
MAT,crosshits,SCORE_BELOW_THRESHOLD,BENIGN,True,False,3803715174.4,Consumer Cyclical,
MC.PA,crosshits,SCORE_BELOW_THRESHOLD,BENIGN,True,False,234296098816.0,Consumer Cyclical,
MCD,crosshits,SCORE_BELOW_THRESHOLD,BENIGN,True,False,166812709273.6,Consumer Cyclical,
MCHP,crosshits,SCORE_BELOW_THRESHOLD,BENIGN,True,False,34995032391.68,Technology,
MCO,crosshits,SCORE_BELOW_THRESHOLD,BENIGN,True,False,71869188485.12001,Financial Services,
MDLZ,crosshits,SCORE_BELOW_THRESHOLD,BENIGN,True,False,69386312765.44,Consumer Defensive,
MDT,crosshits,SCORE_BELOW_THRESHOLD,BENIGN,True,False,94820399636.48001,Healthcare,
MEL.MC,crosshits,SCORE_BELOW_THRESHOLD,BENIGN,False,False,2284624896.0,Consumer Cyclical,
MELE.BR,crosshits,SCORE_BELOW_THRESHOLD,BENIGN,False,False,2689463552.0,Technology,
METSO.HE,crosshits,SCORE_BELOW_THRESHOLD,BENIGN,True,False,13340908544.0,Industrials,
MGM,crosshits,SCORE_BELOW_THRESHOLD,BENIGN,True,False,9892353728.0,Consumer Cyclical,
MIDD,crosshits,SCORE_BELOW_THRESHOLD,BENIGN,True,False,5239485470.72,Industrials,
MKC,crosshits,SCORE_BELOW_THRESHOLD,BENIGN,True,False,11871342364.16,Consumer Defensive,
MKS.L,crosshits,SCORE_BELOW_THRESHOLD,BENIGN,True,False,9733496360.448,Consumer Cyclical,
MKSI,crosshits,SCORE_BELOW_THRESHOLD,BENIGN,True,False,17428943221.760002,Technology,
MLI,crosshits,SCORE_BELOW_THRESHOLD,BENIGN,True,False,12742410301.44,Industrials,
MMM,crosshits,SCORE_BELOW_THRESHOLD,BENIGN,True,False,78865767362.56,Industrials,
MNDI.L,crosshits,SCORE_BELOW_THRESHOLD,BENIGN,True,False,4597441703.68,Basic Materials,
MO,crosshits,SCORE_BELOW_THRESHOLD,BENIGN,True,False,98976202219.52,Consumer Defensive,
MOG-A,crosshits,SCORE_BELOW_THRESHOLD,BENIGN,True,False,10714878530.560001,Industrials,
MONC.MI,crosshits,SCORE_BELOW_THRESHOLD,BENIGN,True,False,13354695680.0,Consumer Cyclical,
MORN,crosshits,SCORE_BELOW_THRESHOLD,BENIGN,True,False,6266810228.4800005,Financial Services,
MP,crosshits,SCORE_BELOW_THRESHOLD,BENIGN,True,False,6388944901.12,Basic Materials,
MRK,crosshits,SCORE_BELOW_THRESHOLD,BENIGN,True,False,278962981355.52,Healthcare,
MRSH,crosshits,SCORE_BELOW_THRESHOLD,BENIGN,True,False,78528013885.44,Financial Services,
MSA,crosshits,SCORE_BELOW_THRESHOLD,BENIGN,True,False,6371961111.04,Industrials,
MSCI,crosshits,SCORE_BELOW_THRESHOLD,BENIGN,True,False,36089602529.28,Financial Services,
MSFT,crosshits,SCORE_BELOW_THRESHOLD,BENIGN,True,False,2993568698859.52,Technology,
MSI,crosshits,SCORE_BELOW_THRESHOLD,BENIGN,True,False,62748508569.600006,Technology,
MSM,crosshits,SCORE_BELOW_THRESHOLD,BENIGN,True,False,5978318092.8,Industrials,
MTD,crosshits,SCORE_BELOW_THRESHOLD,BENIGN,True,False,24827872430.08,Healthcare,
MTDR,crosshits,SCORE_BELOW_THRESHOLD,BENIGN,True,False,5374380860.16,Energy,
MTN,crosshits,SCORE_BELOW_THRESHOLD,BENIGN,True,False,4617647701.76,Consumer Cyclical,
MTSI,crosshits,SCORE_BELOW_THRESHOLD,BENIGN,True,False,16641955660.800001,Technology,
MTX.DE,crosshits,SCORE_BELOW_THRESHOLD,BENIGN,True,False,19476441088.0,Industrials,
MTZ,crosshits,SCORE_BELOW_THRESHOLD,BENIGN,True,False,18328740316.16,Industrials,
MUR,crosshits,SCORE_BELOW_THRESHOLD,BENIGN,True,False,4941897826.56,Energy,
MZTI,crosshits,SCORE_BELOW_THRESHOLD,BENIGN,False,False,2542321427.84,Consumer Defensive,
NBIX,crosshits,SCORE_BELOW_THRESHOLD,BENIGN,True,False,14549482368.0,Healthcare,
NCLH,crosshits,SCORE_BELOW_THRESHOLD,BENIGN,True,False,7380870106.88,Consumer Cyclical,
NDAQ,crosshits,SCORE_BELOW_THRESHOLD,BENIGN,True,False,45673942845.44,Financial Services,
NDSN,crosshits,SCORE_BELOW_THRESHOLD,BENIGN,True,False,14393291727.36,Industrials,
NEE,crosshits,SCORE_BELOW_THRESHOLD,BENIGN,True,False,157261108879.36002,Utilities,
NEM.DE,crosshits,SCORE_BELOW_THRESHOLD,BENIGN,True,False,6699480064.0,Technology,
NEU,crosshits,SCORE_BELOW_THRESHOLD,BENIGN,True,False,6782475991.04,Basic Materials,
NEXI.MI,crosshits,SCORE_BELOW_THRESHOLD,BENIGN,True,False,4973817344.0,Technology,
NFG,crosshits,SCORE_BELOW_THRESHOLD,BENIGN,True,False,6786592910.08,Energy,
NFLX,crosshits,SCORE_BELOW_THRESHOLD,BENIGN,True,False,259032122163.2,Communication Services,
NG.L,crosshits,SCORE_BELOW_THRESHOLD,BENIGN,True,False,69928209670.144,Utilities,
NHY.OL,crosshits,SCORE_BELOW_THRESHOLD,BENIGN,True,False,15597111386.112,Basic Materials,
NI,crosshits,SCORE_BELOW_THRESHOLD,BENIGN,True,False,18479038730.24,Utilities,
NIBE-B.ST,crosshits,SCORE_BELOW_THRESHOLD,BENIGN,True,False,6969561071.616,Industrials,
NJR,crosshits,SCORE_BELOW_THRESHOLD,BENIGN,True,False,5068238694.400001,Utilities,
NKE,crosshits,SCORE_BELOW_THRESHOLD,BENIGN,True,False,53678064926.72,Consumer Cyclical,
NOC,crosshits,SCORE_BELOW_THRESHOLD,BENIGN,True,False,66855055585.28001,Industrials,
NOKIA.HE,crosshits,SCORE_BELOW_THRESHOLD,BENIGN,True,False,44425805824.0,Technology,
NOV,crosshits,SCORE_BELOW_THRESHOLD,BENIGN,True,False,6008625794.56,Energy,
NOVN.SW,crosshits,SCORE_BELOW_THRESHOLD,BENIGN,True,False,258316838830.08,Healthcare,
NOVO-B.CO,crosshits,SCORE_BELOW_THRESHOLD,BENIGN,True,False,181123773749.00226,Healthcare,
NOVT,crosshits,SCORE_BELOW_THRESHOLD,BENIGN,True,False,4404016957.440001,Technology,
NOW,crosshits,SCORE_BELOW_THRESHOLD,BENIGN,True,False,99759444623.36,Technology,
NSC,crosshits,SCORE_BELOW_THRESHOLD,BENIGN,True,False,65367531765.76,Industrials,
NTAP,crosshits,SCORE_BELOW_THRESHOLD,BENIGN,True,False,30337954385.920002,Technology,
NTGY.MC,crosshits,SCORE_BELOW_THRESHOLD,BENIGN,True,False,26828357632.0,Utilities,
NTNX,crosshits,SCORE_BELOW_THRESHOLD,BENIGN,True,False,13838024215.04,Technology,
NVST,crosshits,SCORE_BELOW_THRESHOLD,BENIGN,True,False,3855256389.1200004,Healthcare,
NVT,crosshits,SCORE_BELOW_THRESHOLD,BENIGN,True,False,21581194301.440002,Industrials,
NWE,crosshits,SCORE_BELOW_THRESHOLD,BENIGN,True,False,3668429146.2400002,Utilities,
NWS,crosshits,SCORE_BELOW_THRESHOLD,BENIGN,True,False,14682137858.560001,Communication Services,
NWSA,crosshits,SCORE_BELOW_THRESHOLD,BENIGN,True,False,12940189419.52,Communication Services,
NXPI,crosshits,SCORE_BELOW_THRESHOLD,BENIGN,True,False,50129304698.880005,Technology,
NXST,crosshits,SCORE_BELOW_THRESHOLD,BENIGN,True,False,5047625672.96,Communication Services,
NXT.L,crosshits,SCORE_BELOW_THRESHOLD,BENIGN,True,False,19809724218.368,Consumer Cyclical,
NYT,crosshits,SCORE_BELOW_THRESHOLD,BENIGN,True,False,10515746501.12,Communication Services,
OC,crosshits,SCORE_BELOW_THRESHOLD,BENIGN,True,False,9703320120.32,Industrials,
OCDO.L,crosshits,SCORE_BELOW_THRESHOLD,BENIGN,False,False,2062117945.216,Consumer Defensive,
ODFL,crosshits,SCORE_BELOW_THRESHOLD,BENIGN,True,False,38272705781.76,Industrials,
OGE,crosshits,SCORE_BELOW_THRESHOLD,BENIGN,True,False,8477057431.040001,Utilities,
OKTA,crosshits,SCORE_BELOW_THRESHOLD,BENIGN,True,False,21589402378.24,Technology,
OLED,crosshits,SCORE_BELOW_THRESHOLD,BENIGN,True,False,3196478721.28,Technology,
OLLI,crosshits,SCORE_BELOW_THRESHOLD,BENIGN,True,False,3853004053.76,Consumer Defensive,
ON,crosshits,SCORE_BELOW_THRESHOLD,BENIGN,True,False,27553046312.960003,Technology,
ONTO,crosshits,SCORE_BELOW_THRESHOLD,BENIGN,True,False,11158384727.04,Technology,
OPCH,crosshits,SCORE_BELOW_THRESHOLD,BENIGN,False,False,2992488469.76,Healthcare,
OR.PA,crosshits,SCORE_BELOW_THRESHOLD,BENIGN,True,False,206011875328.0,Consumer Defensive,
ORA.PA,crosshits,SCORE_BELOW_THRESHOLD,BENIGN,True,False,44039233536.0,Communication Services,
ORCL,crosshits,SCORE_BELOW_THRESHOLD,BENIGN,True,False,324520266465.28,Technology,
ORK.OL,crosshits,SCORE_BELOW_THRESHOLD,BENIGN,True,False,9275030753.28,Consumer Defensive,
ORLY,crosshits,SCORE_BELOW_THRESHOLD,BENIGN,True,False,63261929103.36,Consumer Cyclical,
ORSTED.CO,crosshits,SCORE_BELOW_THRESHOLD,BENIGN,True,False,25599275858.65728,Utilities,
OSK,crosshits,SCORE_BELOW_THRESHOLD,BENIGN,True,False,7702922972.160001,Industrials,
OTIS,crosshits,SCORE_BELOW_THRESHOLD,BENIGN,True,False,23760094023.68,Industrials,
OVV,crosshits,SCORE_BELOW_THRESHOLD,BENIGN,True,False,14987308646.400002,Energy,
PANW,crosshits,SCORE_BELOW_THRESHOLD,BENIGN,True,False,234607941427.2,Technology,
PATH,crosshits,SCORE_BELOW_THRESHOLD,BENIGN,True,False,5735228436.4800005,Technology,
PAYX,crosshits,SCORE_BELOW_THRESHOLD,BENIGN,True,False,36051550453.76,Technology,
PCAR,crosshits,SCORE_BELOW_THRESHOLD,BENIGN,True,False,60584553943.04,Industrials,
PCG,crosshits,SCORE_BELOW_THRESHOLD,BENIGN,True,False,33205415813.120003,Utilities,
PCTY,crosshits,SCORE_BELOW_THRESHOLD,BENIGN,True,False,6405149634.56,Technology,
PEG,crosshits,SCORE_BELOW_THRESHOLD,BENIGN,True,False,33148289730.56,Utilities,
PEGA,crosshits,SCORE_BELOW_THRESHOLD,BENIGN,True,False,4357080349.440001,Technology,
PEN,crosshits,SCORE_BELOW_THRESHOLD,BENIGN,True,False,10975166950.400002,Healthcare,
PEP,crosshits,SCORE_BELOW_THRESHOLD,BENIGN,True,False,165379301908.48,Consumer Defensive,
PFE,crosshits,SCORE_BELOW_THRESHOLD,BENIGN,True,False,123656133836.8,Healthcare,
PG,crosshits,SCORE_BELOW_THRESHOLD,BENIGN,True,False,291878443499.52,Consumer Defensive,
PGHN.SW,crosshits,SCORE_BELOW_THRESHOLD,BENIGN,True,False,18599749144.575996,Financial Services,
PH,crosshits,SCORE_BELOW_THRESHOLD,BENIGN,True,False,106812797808.64,Industrials,
PHM,crosshits,SCORE_BELOW_THRESHOLD,BENIGN,True,False,20898776217.600002,Consumer Cyclical,
PINS,crosshits,SCORE_BELOW_THRESHOLD,BENIGN,True,False,11667334346.24,Communication Services,
PIRC.MI,crosshits,SCORE_BELOW_THRESHOLD,BENIGN,True,False,7160220672.0,Consumer Cyclical,
PKG,crosshits,SCORE_BELOW_THRESHOLD,BENIGN,True,False,19001729771.52,Consumer Cyclical,
PM,crosshits,SCORE_BELOW_THRESHOLD,BENIGN,True,False,258007185653.76,Consumer Defensive,
PNDORA.CO,crosshits,SCORE_BELOW_THRESHOLD,BENIGN,True,False,8117041492.95104,Consumer Cyclical,
PNN.L,crosshits,SCORE_BELOW_THRESHOLD,BENIGN,False,False,2553236055.552,Utilities,
PNR,crosshits,SCORE_BELOW_THRESHOLD,BENIGN,True,False,9174217185.28,Industrials,
PNW,crosshits,SCORE_BELOW_THRESHOLD,BENIGN,True,False,10617064727.04,Utilities,
PODD,crosshits,SCORE_BELOW_THRESHOLD,BENIGN,True,False,9935402603.52,Healthcare,
POOL,crosshits,SCORE_BELOW_THRESHOLD,BENIGN,True,False,5854619088.64,Industrials,
POR,crosshits,SCORE_BELOW_THRESHOLD,BENIGN,True,False,5032879560.96,Utilities,
POST,crosshits,SCORE_BELOW_THRESHOLD,BENIGN,True,False,3593998368.0,Consumer Defensive,
PPG,crosshits,SCORE_BELOW_THRESHOLD,BENIGN,True,False,21313255669.760002,Basic Materials,
PPL,crosshits,SCORE_BELOW_THRESHOLD,BENIGN,True,False,22980296524.800003,Utilities,
PR,crosshits,SCORE_BELOW_THRESHOLD,BENIGN,True,False,15926723036.160002,Energy,
PROX.BR,crosshits,SCORE_BELOW_THRESHOLD,BENIGN,False,False,2075709312.0,Communication Services,
PRY.MI,crosshits,SCORE_BELOW_THRESHOLD,BENIGN,True,False,35127808000.0,Industrials,
PSKY,crosshits,SCORE_BELOW_THRESHOLD,BENIGN,True,False,7728225879.04,Communication Services,
PSN,crosshits,SCORE_BELOW_THRESHOLD,BENIGN,True,False,4096218963.2000003,Technology,
PSN.L,crosshits,SCORE_BELOW_THRESHOLD,BENIGN,True,False,4154957135.616,Consumer Cyclical,
PSON.L,crosshits,SCORE_BELOW_THRESHOLD,BENIGN,True,False,8822703135.232,Communication Services,
PST.MI,crosshits,SCORE_BELOW_THRESHOLD,BENIGN,True,False,33899743232.0,Industrials,
PTC,crosshits,SCORE_BELOW_THRESHOLD,BENIGN,True,False,13747614558.720001,Technology,
PVH,crosshits,SCORE_BELOW_THRESHOLD,BENIGN,True,False,3466293484.8,Consumer Cyclical,
PWR,crosshits,SCORE_BELOW_THRESHOLD,BENIGN,True,False,87039022018.56,Industrials,
PYPL,crosshits,SCORE_BELOW_THRESHOLD,BENIGN,True,False,42780780544.0,Financial Services,
Q,crosshits,SCORE_BELOW_THRESHOLD,BENIGN,True,False,23822516270.08,Technology,
QCOM,crosshits,SCORE_BELOW_THRESHOLD,BENIGN,True,False,134454253281.28001,Technology,
QIA.DE,crosshits,SCORE_BELOW_THRESHOLD,BENIGN,True,False,7367250432.0,Healthcare,
QLYS,crosshits,SCORE_BELOW_THRESHOLD,BENIGN,True,False,4422221743.360001,Technology,
R,crosshits,SCORE_BELOW_THRESHOLD,BENIGN,True,False,8530044830.72,Industrials,
RACE.MI,crosshits,SCORE_BELOW_THRESHOLD,BENIGN,True,False,59781689344.0,Consumer Cyclical,
RBA,crosshits,SCORE_BELOW_THRESHOLD,BENIGN,True,False,17735657021.440002,Industrials,
RBC,crosshits,SCORE_BELOW_THRESHOLD,BENIGN,True,False,15129972838.400002,Industrials,
RCL,crosshits,SCORE_BELOW_THRESHOLD,BENIGN,True,False,73850270003.2,Consumer Cyclical,
REC.MI,crosshits,SCORE_BELOW_THRESHOLD,BENIGN,True,False,10508859392.0,Healthcare,
RED.MC,crosshits,SCORE_BELOW_THRESHOLD,BENIGN,True,False,8266609152.0,Utilities,
REGN,crosshits,SCORE_BELOW_THRESHOLD,BENIGN,True,False,68113122795.520004,Healthcare,
REL.L,crosshits,SCORE_BELOW_THRESHOLD,BENIGN,True,False,53207592603.648,Industrials,
REP.MC,crosshits,SCORE_BELOW_THRESHOLD,BENIGN,True,False,28743813120.0,Energy,
RH,crosshits,SCORE_BELOW_THRESHOLD,BENIGN,False,False,2717589406.7200003,Consumer Cyclical,
RHM.DE,crosshits,SCORE_BELOW_THRESHOLD,BENIGN,True,False,53187522560.0,Industrials,
RI.PA,crosshits,SCORE_BELOW_THRESHOLD,BENIGN,True,False,17077927936.0,Consumer Defensive,
RKT.L,crosshits,SCORE_BELOW_THRESHOLD,BENIGN,True,False,38900673767.424,Consumer Defensive,
RL,crosshits,SCORE_BELOW_THRESHOLD,BENIGN,True,False,19637116641.280003,Consumer Cyclical,
RMBS,crosshits,SCORE_BELOW_THRESHOLD,BENIGN,True,False,8539416606.72,Technology,
RMD,crosshits,SCORE_BELOW_THRESHOLD,BENIGN,True,False,26548965780.480003,Healthcare,
RMS.PA,crosshits,SCORE_BELOW_THRESHOLD,BENIGN,True,False,160409010176.0,Consumer Cyclical,
RMV.L,crosshits,SCORE_BELOW_THRESHOLD,BENIGN,True,False,4014567604.992,Communication Services,
RNO.PA,crosshits,SCORE_BELOW_THRESHOLD,BENIGN,True,False,7901047808.0,Consumer Cyclical,
ROK,crosshits,SCORE_BELOW_THRESHOLD,BENIGN,True,False,46342194001.920006,Industrials,
ROL,crosshits,SCORE_BELOW_THRESHOLD,BENIGN,True,False,15848437171.2,Consumer Cyclical,
ROP,crosshits,SCORE_BELOW_THRESHOLD,BENIGN,True,False,33629361203.2,Technology,
ROP.SW,crosshits,SCORE_BELOW_THRESHOLD,BENIGN,True,False,302444039553.024,Healthcare,
ROST,crosshits,SCORE_BELOW_THRESHOLD,BENIGN,True,False,69867156828.16,Consumer Cyclical,
RPM,crosshits,SCORE_BELOW_THRESHOLD,BENIGN,True,False,11855893591.04,Basic Materials,
RR.L,crosshits,SCORE_BELOW_THRESHOLD,BENIGN,True,False,141800409554.944,Industrials,
RRC,crosshits,SCORE_BELOW_THRESHOLD,BENIGN,True,False,8137059169.280001,Energy,
RRX,crosshits,SCORE_BELOW_THRESHOLD,BENIGN,True,False,11851848181.76,Industrials,
RSG,crosshits,SCORE_BELOW_THRESHOLD,BENIGN,True,False,56195503400.96001,Industrials,
RTX,crosshits,SCORE_BELOW_THRESHOLD,BENIGN,True,False,251630952611.84003,Industrials,
RVTY,crosshits,SCORE_BELOW_THRESHOLD,BENIGN,True,False,10889472496.640001,Healthcare,
SAF.PA,crosshits,SCORE_BELOW_THRESHOLD,BENIGN,True,False,140237750272.0,Industrials,
SALM.OL,crosshits,SCORE_BELOW_THRESHOLD,BENIGN,True,False,6393097703.424,Consumer Defensive,
SAN.PA,crosshits,SCORE_BELOW_THRESHOLD,BENIGN,True,False,89220177920.0,Healthcare,
SAND.ST,crosshits,SCORE_BELOW_THRESHOLD,BENIGN,True,False,40476324071.99744,Industrials,
SAP.DE,crosshits,SCORE_BELOW_THRESHOLD,BENIGN,True,False,181994930176.0,Technology,
SARO,crosshits,SCORE_BELOW_THRESHOLD,BENIGN,True,False,8453573803.52,Industrials,
SBUX,crosshits,SCORE_BELOW_THRESHOLD,BENIGN,True,False,104086984335.36,Consumer Cyclical,
SCI,crosshits,SCORE_BELOW_THRESHOLD,BENIGN,True,False,10190497904.640001,Consumer Cyclical,
SCMN.SW,crosshits,SCORE_BELOW_THRESHOLD,BENIGN,True,False,34589038693.376,Communication Services,
SCT.L,crosshits,SCORE_BELOW_THRESHOLD,BENIGN,True,False,4429565672.448,Technology,
SDR.L,crosshits,SCORE_BELOW_THRESHOLD,BENIGN,True,False,10727449664.512001,Financial Services,
SDZ.SW,crosshits,SCORE_BELOW_THRESHOLD,BENIGN,True,False,30545226782.719997,Healthcare,
SEIC,crosshits,SCORE_BELOW_THRESHOLD,BENIGN,True,False,10721931791.36,Financial Services,
SFM,crosshits,SCORE_BELOW_THRESHOLD,BENIGN,True,False,7050574520.320001,Consumer Defensive,
SGE.L,crosshits,SCORE_BELOW_THRESHOLD,BENIGN,True,False,10210984641.536001,Technology,
SGI,crosshits,SCORE_BELOW_THRESHOLD,BENIGN,True,False,11922206679.04,Consumer Cyclical,
SGSN.SW,crosshits,SCORE_BELOW_THRESHOLD,BENIGN,True,False,20336236698.623997,Industrials,
SHC,crosshits,SCORE_BELOW_THRESHOLD,BENIGN,True,False,4418249620.4800005,Healthcare,
SHEL.L,crosshits,SCORE_BELOW_THRESHOLD,BENIGN,True,False,218871002284.032,Energy,
SHW,crosshits,SCORE_BELOW_THRESHOLD,BENIGN,True,False,71780519936.0,Basic Materials,
SIE.DE,crosshits,SCORE_BELOW_THRESHOLD,BENIGN,True,False,215589404672.0,Industrials,
SIGN.SW,crosshits,SCORE_BELOW_THRESHOLD,BENIGN,True,False,6025562851.327999,Consumer Cyclical,
SIKA.SW,crosshits,SCORE_BELOW_THRESHOLD,BENIGN,True,False,31320304637.951996,Basic Materials,
SIX2.DE,crosshits,SCORE_BELOW_THRESHOLD,BENIGN,True,False,3354103040.0,Industrials,
SJM,crosshits,SCORE_BELOW_THRESHOLD,BENIGN,True,False,11057667893.76,Consumer Defensive,
SKF-B.ST,crosshits,SCORE_BELOW_THRESHOLD,BENIGN,True,False,10645609189.86752,Industrials,
SLAB,crosshits,SCORE_BELOW_THRESHOLD,BENIGN,True,False,6223051585.280001,Technology,
SLB,crosshits,SCORE_BELOW_THRESHOLD,BENIGN,True,False,63846841630.72,Energy,
SLGN,crosshits,SCORE_BELOW_THRESHOLD,BENIGN,True,False,3665254068.48,Consumer Cyclical,
SMIN.L,crosshits,SCORE_BELOW_THRESHOLD,BENIGN,True,False,9140848299.52,Industrials,
SN.L,crosshits,SCORE_BELOW_THRESHOLD,BENIGN,True,False,11382992244.736,Healthcare,
SNA,crosshits,SCORE_BELOW_THRESHOLD,BENIGN,True,False,18416442373.120003,Industrials,
SNPS,crosshits,SCORE_BELOW_THRESHOLD,BENIGN,True,False,64576273162.240005,Technology,
SO,crosshits,SCORE_BELOW_THRESHOLD,BENIGN,True,False,94345240821.76001,Utilities,
SOLS,crosshits,SCORE_BELOW_THRESHOLD,BENIGN,True,False,8291431418.88,Basic Materials,
SOLV,crosshits,SCORE_BELOW_THRESHOLD,BENIGN,True,False,12835571973.12,Healthcare,
SON,crosshits,SCORE_BELOW_THRESHOLD,BENIGN,True,False,4833917644.8,Consumer Cyclical,
SPGI,crosshits,SCORE_BELOW_THRESHOLD,BENIGN,True,False,105346565242.88,Financial Services,
SPSN.SW,crosshits,SCORE_BELOW_THRESHOLD,BENIGN,True,False,11351931140.608,Real Estate,
SPX.L,crosshits,SCORE_BELOW_THRESHOLD,BENIGN,True,False,5991270068.224,Industrials,
SPXC,crosshits,SCORE_BELOW_THRESHOLD,BENIGN,True,False,9538370644.480001,Industrials,
SR,crosshits,SCORE_BELOW_THRESHOLD,BENIGN,True,False,4095525629.44,Utilities,
SRE,crosshits,SCORE_BELOW_THRESHOLD,BENIGN,True,False,50215923005.44,Utilities,
SRG.MI,crosshits,SCORE_BELOW_THRESHOLD,BENIGN,True,False,19758899200.0,Utilities,
SRT3.DE,crosshits,SCORE_BELOW_THRESHOLD,BENIGN,True,False,15053399040.0,Healthcare,
SSD,crosshits,SCORE_BELOW_THRESHOLD,BENIGN,True,False,6699970606.08,Basic Materials,
ST,crosshits,SCORE_BELOW_THRESHOLD,BENIGN,True,False,5844221747.200001,Technology,
STE,crosshits,SCORE_BELOW_THRESHOLD,BENIGN,True,False,19309971481.600002,Healthcare,
STLAM.MI,crosshits,SCORE_BELOW_THRESHOLD,BENIGN,True,False,18693459968.0,Consumer Cyclical,
STMN.SW,crosshits,SCORE_BELOW_THRESHOLD,BENIGN,True,False,17096502326.783998,Healthcare,
STMPA.PA,crosshits,SCORE_BELOW_THRESHOLD,BENIGN,True,False,40736493568.0,Technology,
STRL,crosshits,SCORE_BELOW_THRESHOLD,BENIGN,True,False,15886057523.2,Industrials,
STX,crosshits,SCORE_BELOW_THRESHOLD,BENIGN,True,False,168035805102.08002,Technology,
STZ,crosshits,SCORE_BELOW_THRESHOLD,BENIGN,True,False,19296540083.2,Consumer Defensive,
SU.PA,crosshits,SCORE_BELOW_THRESHOLD,BENIGN,True,False,163245867008.0,Industrials,
SVT.L,crosshits,SCORE_BELOW_THRESHOLD,BENIGN,True,False,10647528220.672,Utilities,
SW,crosshits,SCORE_BELOW_THRESHOLD,BENIGN,True,False,20917436267.52,Consumer Cyclical,
SWEC-B.ST,crosshits,SCORE_BELOW_THRESHOLD,BENIGN,True,False,4386259743.866879,Industrials,
SWK,crosshits,SCORE_BELOW_THRESHOLD,BENIGN,True,False,12390636469.76,Industrials,
SY1.DE,crosshits,SCORE_BELOW_THRESHOLD,BENIGN,True,False,12222753792.0,Basic Materials,
SYK,crosshits,SCORE_BELOW_THRESHOLD,BENIGN,True,False,108316574330.88,Healthcare,
SYNA,crosshits,SCORE_BELOW_THRESHOLD,BENIGN,True,False,3636738996.48,Technology,
T,crosshits,SCORE_BELOW_THRESHOLD,BENIGN,True,False,138208336240.64,Communication Services,
TAP,crosshits,SCORE_BELOW_THRESHOLD,BENIGN,True,False,6761845647.360001,Consumer Defensive,
TATE.L,crosshits,SCORE_BELOW_THRESHOLD,BENIGN,False,False,2866163552.0,Consumer Defensive,
TDY,crosshits,SCORE_BELOW_THRESHOLD,BENIGN,True,False,26347702671.36,Technology,
TECH,crosshits,SCORE_BELOW_THRESHOLD,BENIGN,True,False,9744097561.6,Healthcare,
TEL,crosshits,SCORE_BELOW_THRESHOLD,BENIGN,True,False,51735877611.520004,Technology,
TEL.OL,crosshits,SCORE_BELOW_THRESHOLD,BENIGN,True,False,16686151237.632,Communication Services,
TEL2-B.ST,crosshits,SCORE_BELOW_THRESHOLD,BENIGN,True,False,10382378146.2016,Communication Services,
TELIA.ST,crosshits,SCORE_BELOW_THRESHOLD,BENIGN,True,False,15746033751.16288,Communication Services,
TEMN.SW,crosshits,SCORE_BELOW_THRESHOLD,BENIGN,True,False,4884270141.184,Technology,
TEN.MI,crosshits,SCORE_BELOW_THRESHOLD,BENIGN,True,False,25180416000.0,Energy,
TEVA,crosshits,SCORE_BELOW_THRESHOLD,BENIGN,True,False,35391411435.520004,Healthcare,
TEX,crosshits,SCORE_BELOW_THRESHOLD,BENIGN,True,False,6230915882.240001,Industrials,
TGS.OL,crosshits,SCORE_BELOW_THRESHOLD,BENIGN,False,False,2290655072.256,Energy,
TGT,crosshits,SCORE_BELOW_THRESHOLD,BENIGN,True,False,56930620180.48,Consumer Defensive,
THC,crosshits,SCORE_BELOW_THRESHOLD,BENIGN,True,False,17796442982.4,Healthcare,
TIT.MI,crosshits,SCORE_BELOW_THRESHOLD,BENIGN,True,False,15685860352.0,Communication Services,
TJX,crosshits,SCORE_BELOW_THRESHOLD,BENIGN,True,False,150783806341.12,Consumer Cyclical,
TKO,crosshits,SCORE_BELOW_THRESHOLD,BENIGN,True,False,30144471183.36,Communication Services,
TKR,crosshits,SCORE_BELOW_THRESHOLD,BENIGN,True,False,8292406794.240001,Industrials,
TLN,crosshits,SCORE_BELOW_THRESHOLD,BENIGN,True,False,13852510049.28,Utilities,
TMO,crosshits,SCORE_BELOW_THRESHOLD,BENIGN,True,False,185143768104.96002,Healthcare,
TMUS,crosshits,SCORE_BELOW_THRESHOLD,BENIGN,True,False,160714030039.04,Communication Services,
TNL,crosshits,SCORE_BELOW_THRESHOLD,BENIGN,True,False,4041390964.48,Consumer Cyclical,
TOL,crosshits,SCORE_BELOW_THRESHOLD,BENIGN,True,False,11829649953.28,Consumer Cyclical,
TOM.OL,crosshits,SCORE_BELOW_THRESHOLD,BENIGN,False,False,2835530293.248,Industrials,
TPR,crosshits,SCORE_BELOW_THRESHOLD,BENIGN,True,False,26706466693.120003,Consumer Cyclical,
TREL-B.ST,crosshits,SCORE_BELOW_THRESHOLD,BENIGN,True,False,8523344402.18624,Industrials,
TREX,crosshits,SCORE_BELOW_THRESHOLD,BENIGN,True,False,3908130083.84,Industrials,
TRGP,crosshits,SCORE_BELOW_THRESHOLD,BENIGN,True,False,50343862405.12,Energy,
TRMB,crosshits,SCORE_BELOW_THRESHOLD,BENIGN,True,False,11441847639.04,Technology,
TROW,crosshits,SCORE_BELOW_THRESHOLD,BENIGN,True,False,20771675392.0,Financial Services,
TSCO,crosshits,SCORE_BELOW_THRESHOLD,BENIGN,True,False,13999120158.720001,Consumer Cyclical,
TSLA,crosshits,SCORE_BELOW_THRESHOLD,BENIGN,True,False,1066277813616.64,Consumer Cyclical,
TT,crosshits,SCORE_BELOW_THRESHOLD,BENIGN,True,False,86836357140.48001,Industrials,
TTC,crosshits,SCORE_BELOW_THRESHOLD,BENIGN,True,False,7589529812.4800005,Industrials,
TTD,crosshits,SCORE_BELOW_THRESHOLD,BENIGN,True,False,7357055136.0,Communication Services,
TTE.PA,crosshits,SCORE_BELOW_THRESHOLD,BENIGN,True,False,169674440704.0,Energy,
TTEK,crosshits,SCORE_BELOW_THRESHOLD,BENIGN,True,False,7365438656.0,Industrials,
TTWO,crosshits,SCORE_BELOW_THRESHOLD,BENIGN,True,False,39402968616.96,Communication Services,
TWLO,crosshits,SCORE_BELOW_THRESHOLD,BENIGN,True,False,25983855682.56,Technology,
TXN,crosshits,SCORE_BELOW_THRESHOLD,BENIGN,True,False,218452897054.72,Technology,
TXNM,crosshits,SCORE_BELOW_THRESHOLD,BENIGN,True,False,5562552353.280001,Utilities,
TXT,crosshits,SCORE_BELOW_THRESHOLD,BENIGN,True,False,12861359014.400002,Industrials,
TYL,crosshits,SCORE_BELOW_THRESHOLD,BENIGN,True,False,10998879764.480001,Technology,
UAL,crosshits,SCORE_BELOW_THRESHOLD,BENIGN,True,False,34162189752.320004,Industrials,
UBER,crosshits,SCORE_BELOW_THRESHOLD,BENIGN,True,False,124247470694.40001,Technology,
UGI,crosshits,SCORE_BELOW_THRESHOLD,BENIGN,True,False,6717833832.96,Utilities,
UHR.SW,crosshits,SCORE_BELOW_THRESHOLD,BENIGN,True,False,10063936702.976,Consumer Cyclical,
UHS,crosshits,SCORE_BELOW_THRESHOLD,BENIGN,True,False,8845674698.24,Healthcare,
ULS,crosshits,SCORE_BELOW_THRESHOLD,BENIGN,True,False,16023803975.68,Industrials,
ULTA,crosshits,SCORE_BELOW_THRESHOLD,BENIGN,True,False,19125087216.64,Consumer Cyclical,
ULVR.L,crosshits,SCORE_BELOW_THRESHOLD,BENIGN,True,False,119391157329.92,Consumer Defensive,
UMG.AS,crosshits,SCORE_BELOW_THRESHOLD,BENIGN,True,False,26473320448.0,Communication Services,
UNP,crosshits,SCORE_BELOW_THRESHOLD,BENIGN,True,False,150552274616.32,Industrials,
UPS,crosshits,SCORE_BELOW_THRESHOLD,BENIGN,True,False,76849792634.88,Industrials,
URI,crosshits,SCORE_BELOW_THRESHOLD,BENIGN,True,False,58275032094.72,Industrials,
UTHR,crosshits,SCORE_BELOW_THRESHOLD,BENIGN,True,False,22366801413.120003,Healthcare,
V,crosshits,SCORE_BELOW_THRESHOLD,BENIGN,True,False,593007410872.3201,Financial Services,
VACN.SW,crosshits,SCORE_BELOW_THRESHOLD,BENIGN,True,False,19366035086.336,Industrials,
VALMT.HE,crosshits,SCORE_BELOW_THRESHOLD,BENIGN,True,False,4812285952.0,Industrials,
VC,crosshits,SCORE_BELOW_THRESHOLD,BENIGN,False,False,2420839226.2400002,Consumer Cyclical,
VCT.PA,crosshits,SCORE_BELOW_THRESHOLD,BENIGN,False,False,2916495360.0,Basic Materials,
VEEV,crosshits,SCORE_BELOW_THRESHOLD,BENIGN,True,False,28716587392.0,Healthcare,
VICR,crosshits,SCORE_BELOW_THRESHOLD,BENIGN,True,False,8294299804.160001,Technology,
VLTO,crosshits,SCORE_BELOW_THRESHOLD,BENIGN,True,False,19916081100.8,Industrials,
VMC,crosshits,SCORE_BELOW_THRESHOLD,BENIGN,True,False,30189835909.120003,Basic Materials,
VMI,crosshits,SCORE_BELOW_THRESHOLD,BENIGN,True,False,8112474913.280001,Industrials,
VNOM,crosshits,SCORE_BELOW_THRESHOLD,BENIGN,True,False,13932704913.92,Energy,
VNT,crosshits,SCORE_BELOW_THRESHOLD,BENIGN,True,False,3924486720.0,Technology,
VOD.L,crosshits,SCORE_BELOW_THRESHOLD,BENIGN,True,False,31725527285.760002,Communication Services,
VOLV-B.ST,crosshits,SCORE_BELOW_THRESHOLD,BENIGN,True,False,67144894633.738235,Industrials,
VPK.AS,crosshits,SCORE_BELOW_THRESHOLD,BENIGN,True,False,5613511680.0,Energy,
VRSK,crosshits,SCORE_BELOW_THRESHOLD,BENIGN,True,False,22146933329.920002,Industrials,
VRSN,crosshits,SCORE_BELOW_THRESHOLD,BENIGN,True,False,22743948328.960003,Technology,
VRT,crosshits,SCORE_BELOW_THRESHOLD,BENIGN,True,False,80678878228.48001,Industrials,
VRTX,crosshits,SCORE_BELOW_THRESHOLD,BENIGN,True,False,105046071459.84001,Healthcare,
VST,crosshits,SCORE_BELOW_THRESHOLD,BENIGN,True,False,43346434293.76,Utilities,
VTRS,crosshits,SCORE_BELOW_THRESHOLD,BENIGN,True,False,17739979586.56,Healthcare,
VVV,crosshits,SCORE_BELOW_THRESHOLD,BENIGN,True,False,4249588299.5200005,Consumer Cyclical,
VZ,crosshits,SCORE_BELOW_THRESHOLD,BENIGN,True,False,169559750041.6,Communication Services,
WAB,crosshits,SCORE_BELOW_THRESHOLD,BENIGN,True,False,42619760107.520004,Industrials,
WAT,crosshits,SCORE_BELOW_THRESHOLD,BENIGN,True,False,32137843496.960003,Healthcare,
WBD,crosshits,SCORE_BELOW_THRESHOLD,BENIGN,True,False,57200950169.600006,Communication Services,
WCC,crosshits,SCORE_BELOW_THRESHOLD,BENIGN,True,False,14521297751.04,Industrials,
WDAY,crosshits,SCORE_BELOW_THRESHOLD,BENIGN,True,False,34352762818.56,Technology,
WDC,crosshits,SCORE_BELOW_THRESHOLD,BENIGN,True,False,162913581424.64,Technology,
WEC,crosshits,SCORE_BELOW_THRESHOLD,BENIGN,True,False,30930225756.16,Utilities,
WEIR.L,crosshits,SCORE_BELOW_THRESHOLD,BENIGN,True,False,7999903700.992001,Industrials,
WEX,crosshits,SCORE_BELOW_THRESHOLD,BENIGN,True,False,5527621834.240001,Technology,
WFRD,crosshits,SCORE_BELOW_THRESHOLD,BENIGN,True,False,5459407297.280001,Energy,
WH,crosshits,SCORE_BELOW_THRESHOLD,BENIGN,True,False,4819348308.4800005,Consumer Cyclical,
WIE.VI,crosshits,SCORE_BELOW_THRESHOLD,BENIGN,False,False,2321631744.0,Basic Materials,
WIHL.ST,crosshits,SCORE_BELOW_THRESHOLD,BENIGN,False,False,2155371284.0703998,Real Estate,
WING,crosshits,SCORE_BELOW_THRESHOLD,BENIGN,True,False,3060225534.7200003,Consumer Cyclical,
WKL.AS,crosshits,SCORE_BELOW_THRESHOLD,BENIGN,True,False,15121796096.0,Industrials,
WM,crosshits,SCORE_BELOW_THRESHOLD,BENIGN,True,False,78556880732.16,Industrials,
WMB,crosshits,SCORE_BELOW_THRESHOLD,BENIGN,True,False,75900434391.04001,Energy,
WMG,crosshits,SCORE_BELOW_THRESHOLD,BENIGN,True,False,11746937589.76,Communication Services,
WMS,crosshits,SCORE_BELOW_THRESHOLD,BENIGN,True,False,9207516748.800001,Industrials,
WMT,crosshits,SCORE_BELOW_THRESHOLD,BENIGN,True,False,767684040458.24,Consumer Defensive,
WSM,crosshits,SCORE_BELOW_THRESHOLD,BENIGN,True,False,23356517811.2,Consumer Cyclical,
WSO,crosshits,SCORE_BELOW_THRESHOLD,BENIGN,True,False,11051546480.640001,Industrials,
WST,crosshits,SCORE_BELOW_THRESHOLD,BENIGN,True,False,20815938600.960003,Healthcare,
WTB.L,crosshits,SCORE_BELOW_THRESHOLD,BENIGN,True,False,4904250448.384,Consumer Cyclical,
WTRG,crosshits,SCORE_BELOW_THRESHOLD,BENIGN,True,False,9805157125.12,Utilities,
WTS,crosshits,SCORE_BELOW_THRESHOLD,BENIGN,True,False,10016359646.720001,Industrials,
WTW,crosshits,SCORE_BELOW_THRESHOLD,BENIGN,True,False,27063868032.0,Financial Services,
WWD,crosshits,SCORE_BELOW_THRESHOLD,BENIGN,True,False,18478425789.440002,Industrials,
WYNN,crosshits,SCORE_BELOW_THRESHOLD,BENIGN,True,False,8941374300.16,Consumer Cyclical,
XEL,crosshits,SCORE_BELOW_THRESHOLD,BENIGN,True,False,42374253332.48,Utilities,
XOM,crosshits,SCORE_BELOW_THRESHOLD,BENIGN,True,False,558922075013.12,Energy,
XRAY,crosshits,SCORE_BELOW_THRESHOLD,BENIGN,False,False,2323484017.92,Healthcare,
XYL,crosshits,SCORE_BELOW_THRESHOLD,BENIGN,True,False,23692251248.640003,Industrials,
XYZ,crosshits,SCORE_BELOW_THRESHOLD,BENIGN,True,False,41945795276.8,Technology,
YAR.OL,crosshits,SCORE_BELOW_THRESHOLD,BENIGN,True,False,10411414069.248,Basic Materials,
YETI,crosshits,SCORE_BELOW_THRESHOLD,BENIGN,True,False,3216353548.8,Consumer Cyclical,
YUM,crosshits,SCORE_BELOW_THRESHOLD,BENIGN,True,False,36300919644.16,Consumer Cyclical,
ZAL.DE,crosshits,SCORE_BELOW_THRESHOLD,BENIGN,True,False,6901731840.0,Consumer Cyclical,
ZBH,crosshits,SCORE_BELOW_THRESHOLD,BENIGN,True,False,15764149816.320002,Healthcare,
ZBRA,crosshits,SCORE_BELOW_THRESHOLD,BENIGN,True,False,12141221086.720001,Technology,
ZTS,crosshits,SCORE_BELOW_THRESHOLD,BENIGN,True,False,28108859253.760002,Healthcare,
